acc_x, acc_y, angular_z, stamp, 
-0.01000279188156128, 0.03145456314086914, -2.548115694268448e-07, 1791402381558319676, 
0.016703486442565918, -0.024304687976837158, -5.048757608504161e-07, 1791402381580453983, 
-0.010483980178833008, 0.0007241368293762207, -8.644359243048616e-07, 1791402381617888901, 
0.00042307376861572266, -0.01206880807876587, -9.247926306175993e-07, 1791402381647848752, 
0.00023752450942993164, -0.005002915859222412, -1.094951403710504e-06, 1791402381678256983, 
-0.01962447166442871, 0.02006971836090088, -1.1636838045711807e-06, 1791402381709871113, 
0.00012636184692382812, -0.003444492816925049, -1.4444861926599602e-06, 1791402381737757811, 
0.007275044918060303, 0.01609700918197632, -1.4791318309996755e-06, 1791402381767668187, 
0.012519657611846924, -0.0019579529762268066, -1.6312601859112082e-06, 1791402381797644747, 
-0.023550033569335938, -0.002102494239807129, -1.8324880732586113e-06, 1791402381827633694, 
-0.001744091510772705, -0.00942760705947876, -1.8115846801330217e-06, 1791402381856555040, 
0.007328212261199951, -0.007685959339141846, -1.5521528474104278e-06, 1791402381887609800, 
-0.019740045070648193, 0.010159194469451904, -1.640372268322432e-06, 1791402381918413990, 
-0.040921568870544434, 0.00285261869430542, -1.41887744427124e-06, 1791402381950252219, 
-0.009946286678314209, 0.01361072063446045, -1.1043428160377525e-06, 1791402381977450963, 
0.013804316520690918, 0.009965002536773682, -5.208083070753195e-07, 1791402382007399732, 
0.006802499294281006, 0.015234589576721191, -3.6608397074838115e-07, 1791402382037282378, 
-0.023533940315246582, -0.026165664196014404, -3.3356830096658007e-07, 1791402382067281812, 
-0.014107048511505127, 0.009617388248443604, 7.003578193025814e-08, 1791402382097311907, 
0.011502861976623535, -0.0030768513679504395, 3.8988050152496673e-07, 1791402382127203788, 
0.02053844928741455, 0.007485628128051758, 4.910578862982232e-07, 1791402382158055791, 
0.007831573486328125, -0.0016322135925292969, 3.0668004372186047e-07, 1791402382189996021, 
-0.02450549602508545, -0.032218098640441895, 1.2924494999310327e-07, 1791402382217135574, 
-0.008141815662384033, 0.010904312133789062, 2.576949441556291e-07, 1791402382247010074, 
0.035185933113098145, 0.0037125349044799805, 4.7433106290061125e-07, 1791402382276985977, 
0.017011582851409912, -0.0035028457641601562, 4.5014195428972585e-07, 1791402382307020823, 
-0.000976264476776123, -0.005245983600616455, 2.6545101000748443e-07, 1791402382336889723, 
-0.006353497505187988, 0.014599502086639404, 3.5581639540382467e-07, 1791402382367021732, 
0.008305013179779053, 0.005469262599945068, 4.667042882673716e-07, 1791402382398479634, 
0.031539857387542725, 0.010655820369720459, 3.4877880659670807e-07, 1791402382429894109, 
-0.026153087615966797, -0.011023640632629395, -3.3947984172791593e-08, 1791402382456999011, 
-0.00465768575668335, -0.007413089275360107, -1.3281169531350695e-07, 1791402382486724066, 
0.004434347152709961, 0.0015300512313842773, 3.7062718644806384e-10, 1791402382516676073, 
0.028124988079071045, 0.008468985557556152, 8.594125432460761e-08, 1791402382546621795, 
0.029550135135650635, 0.010224223136901855, -2.0122784625787413e-07, 1791402382576647636, 
-0.0048656463623046875, -0.012997984886169434, -3.87881201824392e-07, 1791402382606642165, 
-0.020927488803863525, 0.01062321662902832, -2.3660000216524167e-07, 1791402382638108894, 
0.004402756690979004, -0.00916379690170288, -4.4437741526200985e-08, 1791402382669426457, 
0.038175225257873535, -4.45246696472168e-05, -1.633337872864098e-07, 1791402382696486211, 
0.005495548248291016, -0.012672722339630127, -5.832718432206469e-07, 1791402382726423508, 
-0.02350437641143799, 0.005485713481903076, -7.618349597899737e-07, 1791402382756375700, 
0.0017984509468078613, 0.0073119401931762695, -6.277131712454559e-07, 1791402382786421363, 
0.009110212326049805, 0.014396607875823975, -5.063407446557539e-07, 1791402382816310605, 
0.037580668926239014, 0.017842888832092285, -6.994452069483524e-07, 1791402382846270396, 
-0.027282774448394775, 0.01767587661743164, -9.376311284788928e-07, 1791402382878057216, 
-0.030749082565307617, 0.013966679573059082, -9.999318599628725e-07, 1791402382908795183, 
0.021642208099365234, 0.044301748275756836, -8.855983304581075e-07, 1791402382946128024, 
0.014356017112731934, 0.002567768096923828, -1.0097475885210765e-06, 1791402382976103436, 
-0.023433148860931396, 0.0005124211311340332, -1.3541064111803877e-06, 1791402383006194314, 
-0.01238107681274414, -0.008492112159729004, -1.147696531448841e-06, 1791402383038652793, 
0.018476247787475586, 0.018523752689361572, -8.619016617995225e-07, 1791402383068092645, 
0.02035212516784668, 0.01321631669998169, -4.7629540507757583e-07, 1791402383095942741, 
-0.003158271312713623, -0.02267557382583618, -5.055928958008254e-07, 1791402383125865130, 
-0.019388675689697266, -0.031481146812438965, -6.053831732837787e-07, 1791402383155859388, 
-0.04086536169052124, 0.02269500494003296, -2.79691738603365e-07, 1791402383185819725, 
0.0025176405906677246, 0.011919856071472168, 2.3464808680673943e-08, 1791402383215740153, 
0.01168978214263916, 0.00111466646194458, 1.6233638978748287e-07, 1791402383245883585, 
-0.027794837951660156, -0.005869746208190918, 3.0440140684405014e-07, 1791402383278019354, 
-0.022195637226104736, -0.009066283702850342, 6.891966346411447e-07, 1791402383305723782, 
0.017733633518218994, 0.01815396547317505, 1.2555630388465824e-06, 1791402383335579068, 
0.008720040321350098, -0.014052152633666992, 1.3119171592352358e-06, 1791402383358472527, 
0.03005903959274292, -0.0014620423316955566, 1.5176453156048883e-06, 1791402383395596436, 
-0.03129202127456665, -0.02288639545440674, 1.0745687069057487e-06, 1791402383425495733, 
-0.024147868156433105, 0.0006121993064880371, 1.0097555070985128e-06, 1791402383455469010, 
0.02284061908721924, 0.006069958209991455, 1.2217576984074787e-06, 1791402383486338578, 
0.037083327770233154, 0.007949352264404297, 1.1944314634768563e-06, 1791402383518109067, 
0.018755316734313965, -0.0009812116622924805, 1.0594050144121795e-06, 1791402383545359149, 
-0.02466428279876709, -0.01680779457092285, 6.461555732356474e-07, 1791402383575266244, 
0.009377896785736084, 0.02835327386856079, 8.318545128562391e-07, 1791402383605494905, 
0.027304470539093018, 0.008913874626159668, -0.0007106080079475902, 1791402383635149681, 
0.4722323417663574, -0.03112739324569702, 0.02507838194060036, 1791402383665201153, 
0.49112915992736816, 0.22529160976409912, 0.19635441189480032, 1791402383695406237, 
0.8591057658195496, -0.07031548023223877, 0.32562988381102576, 1791402383726185408, 
0.26878124475479126, 0.15695661306381226, 0.34272293596784614, 1791402383758064055, 
0.36313432455062866, 0.4078548550605774, 0.5105265209705431, 1791402383785119276, 
0.6266683340072632, 0.18331807851791382, 0.534456494316908, 1791402383814958419, 
0.7605392336845398, 0.09179216623306274, 0.5222169113023638, 1791402383838513638, 
0.5102974772453308, -0.0695033073425293, 0.7658209002588046, 1791402383874860697, 
0.6472743153572083, 0.02751290798187256, 0.770828082355699, 1791402383905152687, 
-0.08556753396987915, 0.7531261444091797, 0.8446199256064462, 1791402383934756078, 
0.46806836128234863, 0.46806585788726807, 0.9137858075954686, 1791402383965937291, 
-0.06603729724884033, -0.0015704631805419922, 0.9727343686775392, 1791402383998409040, 
0.9253391623497009, 0.7757059335708618, 1.3005517151980812, 1791402384034618327, 
0.08643347024917603, 0.458309531211853, 1.264624488822619, 1791402384064669841, 
0.03179985284805298, 0.3733248710632324, 1.32427711544119, 1791402384094592220, 
0.19092094898223877, 0.43930381536483765, 1.3430162255371578, 1791402384126739123, 
-0.27876806259155273, 0.2525424361228943, 1.4081730793627705, 1791402384157257011, 
-0.39900100231170654, -0.1921597719192505, 1.5129332273785256, 1791402384184841531, 
-0.6132910251617432, 0.23130911588668823, 1.452020631357587, 1791402384214378974, 
0.21191078424453735, 0.5081852674484253, 1.4358917841977987, 1791402384244345130, 
-0.15370678901672363, 0.34264159202575684, 1.408072996034397, 1791402384274429618, 
0.023844540119171143, 0.39154279232025146, 1.4172922023568792, 1791402384304337169, 
-0.4986690878868103, -0.17255795001983643, 1.4131086026649515, 1791402384334437421, 
-0.28786057233810425, 0.39414775371551514, 1.3694234630410274, 1791402384365945152, 
0.04305684566497803, 0.7722069025039673, 1.4464893820681233, 1791402384396169088, 
-0.12507390975952148, 0.23802965879440308, 1.536547499869956, 1791402384424128827, 
-0.7152401804924011, 0.10481852293014526, 1.4192710038218672, 1791402384454078135, 
0.16971653699874878, 0.41720932722091675, 1.2872083275132644, 1791402384476081458, 
-0.07132238149642944, 0.6723554730415344, 1.4903939694399915, 1791402384513968531, 
-0.20532923936843872, 0.978874146938324, 1.4034803777442344, 1791402384543999794, 
-0.391284704208374, 0.15503448247909546, 1.3933341311695968, 1791402384575004789, 
-0.19033503532409668, -0.23049432039260864, 1.4131178434814449, 1791402384606238448, 
-0.07905697822570801, 0.41696012020111084, 1.607487429507961, 1791402384633886573, 
0.2061806321144104, 0.6319730877876282, 1.4870150400462658, 1791402384663831807, 
-0.7270255088806152, 0.5039188861846924, 1.473777234938909, 1791402384693761337, 
0.40060025453567505, 0.15522491931915283, 1.4389144571331098, 1791402384723724955, 
-0.45398908853530884, 0.04600316286087036, 1.4052066802027836, 1791402384753699073, 
0.2522067427635193, -0.16376984119415283, 1.4002330711187316, 1791402384783681487, 
-0.3144611716270447, 0.9687768816947937, 1.3668323272091705, 1791402384814253413, 
-0.1650620698928833, 0.5599417090415955, 1.3657520724480894, 1791402384845956465, 
-0.10896950960159302, 0.2926570177078247, 1.6142500476949, 1791402384873640357, 
0.026740550994873047, 0.04857271909713745, 1.4712203075811383, 1791402384903468369, 
-0.6690218448638916, 0.22826027870178223, 1.50091089374935, 1791402384932561372, 
0.6202065944671631, 0.6043616533279419, 1.4469345497150559, 1791402384963480054, 
-0.601048469543457, 0.7021855115890503, 1.4568912799815692, 1791402384993662059, 
0.3346935510635376, -0.07067495584487915, 1.4672575245778958, 1791402385023381827, 
-0.11240547895431519, 0.21807771921157837, 1.4359532806765372, 1791402385053976206, 
0.20800042152404785, 0.662929892539978, 1.3359722901875861, 1791402385086407042, 
-0.34159308671951294, 0.40413880348205566, 1.5983766251643878, 1791402385113306623, 
0.06980878114700317, -0.12138283252716064, 1.4495232161343687, 1791402385143158041, 
-0.07309561967849731, 0.3606356978416443, 1.4344806531025558, 1791402385173165798, 
0.2316644787788391, 0.8565273880958557, 1.4572969939749432, 1791402385203061198, 
-0.3943448066711426, 0.15750408172607422, 1.4919576445385059, 1791402385233035063, 
0.02409064769744873, 0.14963805675506592, 1.4907059288482045, 1791402385263044075, 
-0.03331035375595093, 0.9067803621292114, 1.4168402273882275, 1791402385293957848, 
-0.21845877170562744, 0.06078481674194336, 1.3331950443058116, 1791402385326169789, 
0.08887898921966553, 0.16735631227493286, 1.605480462473833, 1791402385352937104, 
-0.1911698579788208, 0.5496785640716553, 1.399401449570329, 1791402385382849099, 
-0.894253671169281, 0.31510859727859497, 1.208664572573359, 1791402385406438033, 
0.4725028872489929, 0.3637443780899048, 1.5767908900857517, 1791402385442776014, 
-0.5545008778572083, 0.21527177095413208, 1.3990588095784646, 1791402385472806202, 
0.345883309841156, 0.4157925248146057, 1.4117341455434738, 1791402385502712952, 
-0.38959020376205444, 0.4560427665710449, 1.3714444935988688, 1791402385534425270, 
0.22646015882492065, 0.04515653848648071, 1.3663814604605014, 1791402385565982135, 
-0.35849088430404663, -0.03504270315170288, 1.6260586840539049, 1791402385592662038, 
0.3019861578941345, 0.36067479848861694, 1.5058400714218136, 1791402385621523507, 
0.2593145966529846, 0.6624726057052612, 1.384517756394774, 1791402385652507389, 
0.19328314065933228, 0.7499162554740906, 1.4608445230067442, 1791402385682459024, 
-0.10475581884384155, 0.15789484977722168, 1.4247904636918642, 1791402385712438582, 
-0.3146372437477112, -0.03779709339141846, 1.3869335326628631, 1791402385742399823, 
-0.12641525268554688, 0.028953254222869873, 1.3615437861170085, 1791402385774198587, 
0.5077742338180542, 0.7235862016677856, 1.4386681130468526, 1791402385804394245, 
-0.5754958391189575, 0.5380789637565613, 1.5342612190623048, 1791402385832265210, 
0.13194113969802856, -0.046664655208587646, 1.4691189687415198, 1791402385862222702, 
-0.5670958161354065, 0.43455398082733154, 1.3354820901657893, 1791402385884187350, 
0.17954093217849731, 0.48830878734588623, 1.5370648921768058, 1791402385922107115, 
0.036875247955322266, 0.8426274061203003, 1.4495359953617664, 1791402385952427452, 
0.01037585735321045, 0.4344426393508911, 1.4449104333979053, 1791402385982650672, 
0.053404927253723145, -0.3984769582748413, 1.3794739465677575, 1791402386014018603, 
0.12855947017669678, 0.29487353563308716, 1.4363402909251681, 1791402386044066917, 
-0.1423720121383667, 0.15471512079238892, 1.5013350537910517, 1791402386081921985, 
-0.3805024027824402, 0.2369617223739624, 1.420975589276884, 1791402386111871904, 
-0.2528897523880005, 0.24700170755386353, 1.4166848028282009, 1791402386142327085, 
-0.5162237882614136, 0.40733712911605835, 1.3607058053292411, 1791402386174657172, 
0.11653923988342285, 0.5289878249168396, 1.6164210683501452, 1791402386201837111, 
-0.27995771169662476, 0.26597994565963745, 1.4626288970750365, 1791402386231802585, 
-0.04913264513015747, -0.12929755449295044, 1.4577618698961803, 1791402386261762167, 
-0.04084211587905884, 0.43021225929260254, 1.4383356947379067, 1791402386291859647, 
-0.2549564242362976, 0.14690077304840088, 1.4273172172421855, 1791402386321804220, 
-0.25307798385620117, 0.21514058113098145, 1.4164111203363592, 1791402386351643035, 
0.28014814853668213, 0.38419973850250244, 1.378636261332567, 1791402386382059795, 
-0.5610922574996948, 0.3446885943412781, 1.2870037251950537, 1791402386414283787, 
0.30745649337768555, 0.6215108633041382, 1.5375017684384515, 1791402386441497051, 
-0.37092626094818115, 0.6171454191207886, 1.4119574034045752, 1791402386471399927, 
0.19673436880111694, -0.34680408239364624, 1.5087877416653401, 1791402386500339905, 
-0.283722460269928, 0.13977432250976562, 1.4333508421340124, 1791402386531312486, 
0.1722707748413086, 0.379469633102417, 1.4450905486889025, 1791402386561289122, 
-0.9228453636169434, 0.7246716022491455, 1.4426019482918324, 1791402386591248568, 
0.6097536087036133, 0.3188236951828003, 1.3704115856763546, 1791402386622460588, 
-0.3366253972053528, -0.2198694944381714, 1.3381691855630173, 1791402386654061749, 
-0.25285017490386963, 0.12745928764343262, 1.5485400454959286, 1791402386681159878, 
-0.21396249532699585, 0.5133827924728394, 1.4149969097472457, 1791402386711082149, 
-0.1698494553565979, 0.6906324625015259, 1.4321179194483888, 1791402386741053091, 
-0.4798773527145386, 0.6114551424980164, 1.4568583504847723, 1791402386771023393, 
0.12351065874099731, -0.227702796459198, 1.456442898243688, 1791402386800983810, 
-0.5515205264091492, -0.1438279151916504, 1.468338640983209, 1791402386830999031, 
0.6186442971229553, 0.4994511604309082, 1.3728663856433978, 1791402386862102629, 
-0.18096238374710083, 0.6176167726516724, 1.285486329389915, 1791402386894312611, 
-0.19597530364990234, 0.313900351524353, 1.5498818750221741, 1791402386921000262, 
-0.11863762140274048, 0.15141922235488892, 1.3791086763260396, 1791402386951022169, 
0.013857007026672363, 0.5603503584861755, 1.3970805912793385, 1791402386980999344, 
-0.11954361200332642, 0.3023079037666321, 1.4385433833002352, 1791402387010914908, 
-0.06450927257537842, 0.6513324975967407, 1.434792566929667, 1791402387040911764, 
-0.8469012379646301, 0.7053484916687012, 1.4271843696725839, 1791402387070902838, 
-0.3097503185272217, 0.1273888349533081, 1.4127797878755188, 1791402387102078176, 
-0.20225024223327637, 0.09567409753799438, 1.4488906142774844, 1791402387132526758, 
-0.1738680601119995, 0.06940317153930664, 1.5359861073011707, 1791402387160798186, 
-0.024190306663513184, 0.504337728023529, 1.4390887560306103, 1791402387190923843, 
-0.2900887727737427, 0.5126525163650513, 1.441811539124207, 1791402387220724157, 
-0.2573202848434448, 0.44981080293655396, 1.4189186054247525, 1791402387250750522, 
-0.055148303508758545, 0.4651363492012024, 1.4250126812282597, 1791402387280729972, 
-0.30505263805389404, -0.10201913118362427, 1.394317099533863, 1791402387310783604, 
-0.28810667991638184, 0.3838242292404175, 1.3240900052701834, 1791402387342080181, 
-0.09601670503616333, 0.48591357469558716, 1.4001378695890228, 1791402387372240756, 
-0.47239911556243896, 0.2443152666091919, 1.4791017419929198, 1791402387400711700, 
-0.5785076022148132, 0.29377442598342896, 1.4437949298971418, 1791402387430710197, 
-0.20045113563537598, -0.015703856945037842, 1.4636029730018565, 1791402387460644516, 
0.21601533889770508, 0.38021188974380493, 1.420707775528014, 1791402387490716189, 
-0.10677331686019897, 0.7968381643295288, 1.399287232116919, 1791402387520689201, 
-0.03999203443527222, 0.566569447517395, 1.39081849625253, 1791402387550779710, 
0.5185312032699585, 0.45460301637649536, 1.3043017169478348, 1791402387582571255, 
-0.29305458068847656, 0.8407433032989502, 1.4888154340129924, 1791402387610035663, 
-0.07763904333114624, 0.5704532265663147, 1.4040268578280246, 1791402387640007791, 
-0.8159433007240295, 0.21953272819519043, 1.4727208158349914, 1791402387669858335, 
0.32887083292007446, -0.045558929443359375, 1.4643684846474627, 1791402387699785538, 
-0.7215315103530884, 0.05948054790496826, 1.4606471636257197, 1791402387729769461, 
0.5249254703521729, 0.30916160345077515, 1.4659605699308982, 1791402387759833281, 
-0.7698735594749451, 0.7556071877479553, 1.411989045260892, 1791402387790224749, 
0.16855746507644653, 0.38763391971588135, 1.3110012387963088, 1791402387822380859, 
0.011738777160644531, 0.0984085202217102, 1.5617411630899989, 1791402387849727755, 
-0.050169944763183594, 0.15037578344345093, 1.4025820677888958, 1791402387879655998, 
-0.32058459520339966, 0.008486270904541016, 1.2168322653058627, 1791402387902574899, 
0.04205101728439331, 0.9842686057090759, 1.62334479891543, 1791402387937578021, 
-0.7342303991317749, 0.4874867796897888, 1.355351848141231, 1791402387969398273, 
0.040852904319763184, -0.3174644112586975, 1.4494087714335009, 1791402387999390891, 
-0.4847111701965332, 0.2728782892227173, 1.3895255365968893, 1791402388030988421, 
0.4617772102355957, 0.35493582487106323, 1.3707210338865492, 1791402388062141991, 
-0.3355952501296997, 0.5704371929168701, 1.5686742910881886, 1791402388089425294, 
0.22901654243469238, 0.3597292900085449, 1.4648845451981265, 1791402388119258534, 
-0.52946537733078, -0.008816957473754883, 1.4583661419948428, 1791402388149258676, 
0.1671159863471985, 0.1352415680885315, 1.4607207384241325, 1791402388179220546, 
-0.14687669277191162, 0.3997788429260254, 1.4834612922178645, 1791402388209072120, 
-0.08582311868667603, 0.651110827922821, 1.4570191879270042, 1791402388239099528, 
-0.8030303716659546, 0.5620813965797424, 1.3585845072911023, 1791402388270485602, 
-0.045271992683410645, -0.48508554697036743, 1.3475987202035733, 1791402388302197832, 
-0.36208540201187134, 0.16136664152145386, 1.5925059373811177, 1791402388329016608, 
0.3018723726272583, 0.6870715022087097, 1.426882926256781, 1791402388358944443, 
-0.3203405737876892, 0.5251681208610535, 1.4562245598367947, 1791402388388849882, 
0.09418654441833496, 0.19831067323684692, 1.4426160351992283, 1791402388418867920, 
-0.41998350620269775, -0.15248513221740723, 1.4261206430972588, 1791402388448797842, 
0.06347423791885376, 0.5965141654014587, 1.444517741127442, 1791402388478787136, 
-0.6344853043556213, 0.8880299925804138, 1.3862818981790208, 1791402388510171734, 
0.0958285927772522, 0.34707844257354736, 1.347875279963884, 1791402388541662042, 
-0.4252636432647705, 0.002899467945098877, 1.5850578409708602, 1791402388568669491, 
0.02224189043045044, -0.07546389102935791, 1.4360615995976818, 1791402388598604165, 
-0.31837141513824463, 0.3431433439254761, 1.4806617565892348, 1791402388627554557, 
-0.15814214944839478, 0.5976458787918091, 1.4704874213345243, 1791402388657519189, 
-0.1564115285873413, 0.6485220789909363, 1.4195875776961104, 1791402388688482490, 
0.011016249656677246, 0.025933682918548584, 1.391981947059746, 1791402388718939044, 
-0.6584035158157349, 0.17270535230636597, 1.3737023176797165, 1791402388750246128, 
0.3501853346824646, 0.6318989396095276, 1.4235794493679834, 1791402388780395100, 
-0.5264608860015869, -0.0044397711753845215, 1.5040252725382084, 1791402388808338246, 
0.027711093425750732, 0.3519132137298584, 1.4133383127627075, 1791402388838331940, 
0.08859395980834961, 0.5894027948379517, 1.2960824097356394, 1791402388860433928, 
-0.4121217727661133, -0.09759831428527832, 1.539744962577776, 1791402388887975777, 
-0.18045920133590698, 0.29765909910202026, 1.4185832462789534, 1791402388918215066, 
-0.2590981721878052, 0.24714577198028564, 1.4786809906765388, 1791402388948112375, 
-0.12158584594726562, 0.4804980158805847, 1.474289790624729, 1791402388978040245, 
-0.27348846197128296, 0.3343687653541565, 1.496486674077445, 1791402389008059494, 
-0.0880892276763916, -0.17294812202453613, 1.480802543900715, 1791402389038363476, 
-0.08536726236343384, 0.12181365489959717, 1.3612096557698057, 1791402389070681503, 
-0.17719972133636475, 0.850453794002533, 1.573739918382263, 1791402389097999791, 
-0.18480271100997925, 0.3854672312736511, 1.4323111512606537, 1791402389127902008, 
-0.10854047536849976, 0.18455380201339722, 1.4255612902652217, 1791402389157857934, 
-0.0832972526550293, 0.25370556116104126, 1.4162387203101408, 1791402389187800308, 
-0.5885428190231323, 0.10087627172470093, 1.4432499686060256, 1791402389217781414, 
-0.08150690793991089, 0.11176306009292603, 1.446567330948767, 1791402389247797824, 
0.06124919652938843, 0.4298325181007385, 1.4271852100837257, 1791402389278631582, 
-0.3078591823577881, 0.29452675580978394, 1.384842457482574, 1791402389310640865, 
0.15871936082839966, 0.2866421937942505, 1.6225079989613895, 1791402389337631382, 
-0.3380386233329773, 0.27028632164001465, 1.5500994360930975, 1791402389365521954, 
-0.028519272804260254, 0.2939606308937073, 1.3900436895848738, 1791402389396503898, 
0.19780755043029785, 0.4886559844017029, 1.384733318466599, 1791402389427476032, 
-0.5204122066497803, 0.6829197406768799, 1.4155377566155878, 1791402389457419322, 
0.014234066009521484, -0.28466296195983887, 1.4378807657280857, 1791402389487370225, 
-0.04376411437988281, 0.26989108324050903, 1.4092850175884888, 1791402389518424795, 
-0.08621138334274292, 0.5937939882278442, 1.3482817593380219, 1791402389550346812, 
-0.3740842938423157, 0.5127786993980408, 1.6112473846974313, 1791402389577281582, 
0.21945655345916748, 0.1119723916053772, 1.4765841792104903, 1791402389607243818, 
-0.3561549186706543, -0.037126898765563965, 1.4734434107502778, 1791402389637191448, 
0.30628126859664917, 0.4404914379119873, 1.450247537708529, 1791402389667139568, 
-0.6260952949523926, 0.4624233841896057, 1.4195278376786464, 1791402389697123961, 
0.06677120923995972, 0.46475404500961304, 1.4184188409430272, 1791402389727091396, 
-0.20662105083465576, 0.649401068687439, 1.33385957133997, 1791402389758896246, 
0.058854758739471436, -0.46483731269836426, 1.3267526006725245, 1791402389790574761, 
-0.2560734748840332, 0.13609886169433594, 1.6268599184186936, 1791402389817015567, 
0.30443018674850464, 0.6813169717788696, 1.4555106969153215, 1791402389846881513, 
-0.5409621596336365, 0.30055612325668335, 1.4474292668597397, 1791402389876850031, 
0.0414615273475647, -0.019334077835083008, 1.4299801021286065, 1791402389906876893, 
-0.9853828549385071, -0.06155383586883545, 1.415683259742873, 1791402389936834944, 
0.2221960425376892, 0.6664100885391235, 1.4197605458245914, 1791402389966783757, 
-0.15304744243621826, 0.5946376323699951, 1.3629521580282682, 1791402389998749537, 
0.14596116542816162, 0.18614894151687622, 1.3924310519191512, 1791402390029196035, 
-0.3232356309890747, 0.09911233186721802, 1.5311253656265267, 1791402390056762836, 
-0.06096440553665161, 0.14288127422332764, 1.4368588993883542, 1791402390086594232, 
-0.43515902757644653, 0.6449095010757446, 1.4267585899140047, 1791402390116577838, 
-0.046409547328948975, 0.7109131813049316, 1.462354044883548, 1791402390146574248, 
-0.11144000291824341, 0.33506906032562256, 1.459539602556434, 1791402390176784019, 
0.3057968020439148, 0.49006348848342896, 1.4696503926039606, 1791402390206692205, 
-0.44540858268737793, 0.32263636589050293, 1.3792776674429623, 1791402390238566562, 
0.6508041620254517, 0.17700141668319702, 1.5596743944202853, 1791402390266364847, 
-0.5788227319717407, 0.21234369277954102, 1.4431137392640248, 1791402390296345226, 
0.7157675623893738, 0.30762583017349243, 1.4682945591628629, 1791402390326259012, 
-0.15415209531784058, 0.3524724841117859, 1.46360261325532, 1791402390356257192, 
-0.2596074342727661, 0.43682748079299927, 1.423229849445272, 1791402390386176077, 
0.024671971797943115, 0.2666729688644409, 1.4096668409383366, 1791402390416177116, 
0.45955121517181396, 0.41172635555267334, 1.4327571857471546, 1791402390446275826, 
-0.5206367373466492, 0.1509907841682434, 1.3668815214030676, 1791402390477580156, 
0.16651397943496704, 0.37898558378219604, 1.5038845689978997, 1791402390506149180, 
-0.12849247455596924, 0.5357063412666321, 1.477210535456554, 1791402390536003671, 
-0.14605998992919922, 0.6069785356521606, 1.3713121125837404, 1791402390557544652, 
-0.2845299243927002, 0.5458945631980896, 1.5631049971337097, 1791402390586021313, 
0.036629319190979004, 0.11375010013580322, 1.49365974485791, 1791402390615967865, 
-0.5200422406196594, 0.1714293360710144, 1.4973575021764325, 1791402390645811208, 
0.029288411140441895, 0.33658403158187866, 1.4273376282783983, 1791402390675805524, 
-0.2617659568786621, 0.13744229078292847, 1.4007793024150255, 1791402390705812960, 
-0.09909790754318237, 0.46669816970825195, 1.397707971987726, 1791402390735766378, 
-0.6328195929527283, 0.213001549243927, 1.3553589965742614, 1791402390766641572, 
-0.3987783193588257, -0.1036832332611084, 1.3815428560289278, 1791402390798650835, 
0.0018900632858276367, 0.3840402364730835, 1.7417193256418955, 1791402390824798421, 
-0.04474097490310669, 0.656240701675415, 1.4438436029532096, 1791402390855575503, 
-0.7718422412872314, 0.5302603840827942, 1.526005136605959, 1791402390884522559, 
0.5813596248626709, -0.30037856101989746, 1.434687500037622, 1791402390915488739, 
0.17976528406143188, 0.4630158543586731, 1.4331615816494587, 1791402390945424435, 
0.11073058843612671, 0.5996286273002625, 1.4351484692051053, 1791402390975442382, 
-0.2658330202102661, 0.42596137523651123, 1.4044987760662897, 1791402391006284383, 
0.017551898956298828, 0.4821482300758362, 1.300864140740294, 1791402391039196834, 
-0.3985002636909485, 0.678306519985199, 1.600394554821323, 1791402391075843394, 
-0.03521621227264404, 0.41870224475860596, 1.4652426698968355, 1791402391105942980, 
-0.380810022354126, 0.32361751794815063, 1.4686642418253906, 1791402391135826154, 
0.6905092000961304, 0.3491070866584778, 1.4554987159903567, 1791402391166332802, 
-0.5698946118354797, 0.1355878710746765, 1.394899511927062, 1791402391197809481, 
-0.2520304322242737, 0.36942505836486816, 1.524707497458664, 1791402391235103116, 
-0.02317070960998535, -0.36425620317459106, 1.3781481464986223, 1791402391265395142, 
-0.29958271980285645, 0.07606476545333862, 1.431598281682493, 1791402391295029750, 
0.02166903018951416, 0.6726672053337097, 1.348119482325485, 1791402391326329714, 
-0.05240720510482788, 0.4079837203025818, 1.3793559855958388, 1791402391357440243, 
0.20506668090820312, 0.08420509099960327, 1.5296162721046684, 1791402391394948471, 
-0.4292738437652588, 0.12817949056625366, 1.4043510931646095, 1791402391424949782, 
0.30135107040405273, 0.5106553435325623, 1.4598745646523459, 1791402391454836284, 
-0.2262170910835266, 0.18066859245300293, 1.3950723671069503, 1791402391486311808, 
0.030587196350097656, 0.4380955696105957, 1.4709939255267792, 1791402391514867246, 
-0.45398759841918945, 0.37405163049697876, 1.4027721449260098, 1791402391544712680, 
0.4037598967552185, 0.2908831834793091, 1.4194952469096784, 1791402391574604806, 
-0.8886610269546509, 0.3888856768608093, 1.397852448626129, 1791402391604595010, 
0.7604471445083618, 0.03585970401763916, 1.4648370665542976, 1791402391633551179, 
-0.348755419254303, 0.28127485513687134, 1.4061445274376683, 1791402391663531589, 
0.1620405912399292, 0.4214038848876953, 1.3381372938251, 1791402391694611707, 
-0.49288761615753174, 0.34258943796157837, 1.3543375912647295, 1791402391726383252, 
0.41518479585647583, -0.04225379228591919, 1.522906891851327, 1791402391754396457, 
-0.7469291090965271, 0.2022230625152588, 1.4152522288799838, 1791402391784374011, 
0.44731849431991577, 0.4852266311645508, 1.4498428090097164, 1791402391814295133, 
-0.6468310952186584, 0.517094612121582, 1.4312296091901027, 1791402391844243510, 
0.2777777910232544, 0.5407291054725647, 1.397678778985804, 1791402391874235676, 
-0.2616034746170044, 0.21398764848709106, 1.3974225939294893, 1791402391904305627, 
0.3848540186882019, 0.3057090640068054, 1.3895928359194099, 1791402391934360615, 
-0.43762171268463135, 0.3082208037376404, 1.2939832855639424, 1791402391967065289, 
0.09364700317382812, 0.5383632779121399, 1.59368902745257, 1791402391994163981, 
-0.5793325901031494, 0.32028520107269287, 1.470656744969922, 1791402392024042344, 
-0.4496030807495117, 0.4919319152832031, 1.4832010536598899, 1791402392053980895, 
-0.6265673637390137, 0.3654063940048218, 1.4823693272377672, 1791402392083954730, 
0.44027823209762573, -0.06224095821380615, 1.487811528652645, 1791402392113911383, 
-0.0053400397300720215, 0.5162354707717896, 1.476383721152632, 1791402392143953410, 
0.044433653354644775, 0.5677434802055359, 1.432367598361174, 1791402392174366001, 
-0.35402899980545044, 0.35765862464904785, 1.336379406608471, 1791402392206707611, 
0.3515510559082031, 0.3355385661125183, 1.5854510646248494, 1791402392233793025, 
-0.6113168001174927, -0.07982522249221802, 1.4175455975855555, 1791402392263699114, 
-0.25036507844924927, 0.5422235131263733, 1.432464932706094, 1791402392293663776, 
-0.5571105480194092, 0.6132792234420776, 1.4501810829749788, 1791402392323596314, 
0.3121189475059509, 0.28214895725250244, 1.4398329224841622, 1791402392353587558, 
-0.3393436074256897, 0.25708574056625366, 1.459316525539673, 1791402392383587668, 
0.28105735778808594, -0.07257437705993652, 1.3690271415801962, 1791402392415039216, 
-0.09748303890228271, 0.668538510799408, 1.3572453553869748, 1791402392446441985, 
-0.03689759969711304, 0.9749702215194702, 1.648452656001684, 1791402392473478279, 
-0.07127881050109863, 0.012112855911254883, 1.4910387903771392, 1791402392503380861, 
-0.40317392349243164, -0.109413743019104, 1.461508395013231, 1791402392533306424, 
-0.39227867126464844, 0.6170166730880737, 1.4620067921648627, 1791402392563303084, 
0.48543471097946167, 0.6560112833976746, 1.449137252749367, 1791402392593261319, 
-0.5627140998840332, 0.41147375106811523, 1.4371394226568477, 1791402392623228486, 
0.34926456212997437, 0.10781747102737427, 1.3995946295570927, 1791402392654375812, 
-0.4667404890060425, -0.1245889663696289, 1.3691051140881318, 1791402392686393568, 
0.27781713008880615, 0.0813630223274231, 1.6129158469646734, 1791402392713244434, 
-0.07206422090530396, 0.7797409296035767, 1.432849106880778, 1791402392743102759, 
-0.11105120182037354, 0.06022453308105469, 1.44826997169932, 1791402392773117137, 
0.2006136178970337, 0.5387994050979614, 1.440241693911185, 1791402392803107313, 
-0.3133164644241333, 0.7528044581413269, 1.4373732923150055, 1791402392832929863, 
-0.26916199922561646, 0.3320649266242981, 1.426941662124585, 1791402392863028993, 
-0.060825228691101074, 0.006215393543243408, 1.3609382215626848, 1791402392894367344, 
-0.010637283325195312, 0.3985903859138489, 1.420636774648018, 1791402392924564388, 
-0.1674424409866333, 0.5641934275627136, 1.5607815807298289, 1791402392952836028, 
-0.23212754726409912, 0.6973263621330261, 1.48607744732534, 1791402392982745740, 
-0.017274975776672363, 0.37712669372558594, 1.4804189847916729, 1791402393012679878, 
0.5061290860176086, -0.050045549869537354, 1.4883165975383523, 1791402393042660286, 
-0.2650793194770813, 0.2965213656425476, 1.4610932846597746, 1791402393072657496, 
-0.33539146184921265, 0.45015066862106323, 1.4266674163410749, 1791402393102623463, 
-0.029662013053894043, 0.6527574062347412, 1.3352856277298064, 1791402393134422722, 
-0.07689273357391357, 0.21423375606536865, 1.386613929724693, 1791402393164610389, 
-0.12979251146316528, 0.13214892148971558, 1.5605092329511656, 1791402393191544957, 
0.00944441556930542, 0.783369779586792, 1.4120363888020058, 1791402393222405229, 
-0.04682666063308716, 0.2831476926803589, 1.4562598694478046, 1791402393252381711, 
-0.14806050062179565, 0.4597620964050293, 1.4565752445767317, 1791402393282381511, 
-0.12129628658294678, 0.6035312414169312, 1.4846114035582212, 1791402393312298253, 
-0.19620388746261597, 0.05777829885482788, 1.4629879003192254, 1791402393342443419, 
0.13102573156356812, 0.1352265477180481, 1.332378587322026, 1791402393374833471, 
-0.1898787021636963, 0.23455798625946045, 1.5602592947774123, 1791402393402269146, 
0.23754000663757324, 0.4714784622192383, 1.4371265997437686, 1791402393432119502, 
-0.2461315393447876, 0.5664435029029846, 1.4086200093276746, 1791402393462135786, 
0.2794910669326782, -0.08201879262924194, 1.408423279280587, 1791402393492082914, 
0.00831747055053711, -0.14984947443008423, 1.4364056460959074, 1791402393522010846, 
-0.13794547319412231, 0.9852018356323242, 1.437237237575298, 1791402393552009620, 
-0.29569780826568604, 0.6958131790161133, 1.42290271712342, 1791402393582459015, 
-0.1826496124267578, 0.13762825727462769, 1.367858854620877, 1791402393614592066, 
0.06815224885940552, 0.34969526529312134, 1.5971462489862778, 1791402393641899904, 
-0.21079033613204956, 0.266277551651001, 1.44465258635595, 1791402393671824312, 
0.021938800811767578, 0.18169832229614258, 1.4418039286534976, 1791402393701783618, 
0.4650736451148987, 0.4022558927536011, 1.4650441058658774, 1791402393730728270, 
-0.12724798917770386, 0.31041401624679565, 1.3752293847595747, 1791402393761743320, 
0.01751577854156494, 0.4494394063949585, 1.456610971631249, 1791402393791719850, 
-0.27871227264404297, 0.4978569746017456, 1.3731229647536785, 1791402393822955785, 
-0.1603708267211914, 0.02922123670578003, 1.3466450540467634, 1791402393854482106, 
0.2766449451446533, 0.5281586647033691, 1.5807382605471474, 1791402393881635320, 
-0.4181515574455261, 0.7645155191421509, 1.4929777789476886, 1791402393910523944, 
-0.21912002563476562, -0.026100754737854004, 1.4113759273110782, 1791402393941486008, 
0.1758372187614441, -0.12926322221755981, 1.4593783741750315, 1791402393971424632, 
0.2812412977218628, 0.29049909114837646, 1.430330488530587, 1791402394001464555, 
-0.32988500595092773, 1.0143159627914429, 1.4392454593663102, 1791402394031414358, 
0.09568148851394653, 0.5802503824234009, 1.3806544470506472, 1791402394062457484, 
-0.2024064064025879, 0.42964279651641846, 1.309379390847151, 1791402394094661464, 
0.028330445289611816, 0.37324047088623047, 1.578220858519027, 1791402394121432514, 
-0.3158225417137146, 0.011750459671020508, 1.4291464228587087, 1791402394151512113, 
-0.2810683846473694, 0.14800071716308594, 1.4446647115207785, 1791402394181299382, 
-0.2442150115966797, 0.8997740149497986, 1.427316009272048, 1791402394211271200, 
-0.5909913778305054, -0.10609805583953857, 1.4142262290821288, 1791402394241303877, 
0.008665680885314941, 0.3761973977088928, 1.4247635052994079, 1791402394271484681, 
0.2888908386230469, 0.44898831844329834, 1.3848239980945063, 1791402394302439249, 
-0.28391486406326294, 0.08396917581558228, 1.351195497517601, 1791402394333998259, 
0.19973105192184448, 0.12912511825561523, 1.5705944353079975, 1791402394361210204, 
-0.5756208896636963, 0.08907109498977661, 1.3969341260305441, 1791402394391245684, 
0.3001423478126526, 0.42788583040237427, 1.4026580757634373, 1791402394421104822, 
0.030596792697906494, 0.5835193395614624, 1.4339779873081797, 1791402394451290419, 
-0.17508256435394287, -0.0038747787475585938, 1.441531119742344, 1791402394481090426, 
-0.623475968837738, 0.07347708940505981, 1.4322000461126667, 1791402394511192568, 
-0.02873086929321289, 0.4096528887748718, 1.3695762247623275, 1791402394542678895, 
-0.2171059250831604, 0.6075553894042969, 1.41060972620422, 1791402394572615582, 
-0.01617676019668579, 0.6086570620536804, 1.5200828324177154, 1791402394601069355, 
0.26056116819381714, 0.17404460906982422, 1.4668633475490602, 1791402394631144965, 
-0.14640724658966064, -0.00040459632873535156, 1.4274352230041878, 1791402394661073001, 
0.11226314306259155, -0.043883442878723145, 1.423772442367893, 1791402394691091146, 
0.0989120602607727, 0.6645022630691528, 1.4112535999252342, 1791402394721031008, 
-0.6170033812522888, 0.6185318231582642, 1.3727743864401853, 1791402394751075929, 
-0.0561063289642334, 0.33190828561782837, 1.3029002731527501, 1791402394782909999, 
-0.2744126319885254, 0.06230276823043823, 1.5434743860043723, 1791402394810360346, 
-0.2907469868659973, -0.10906392335891724, 1.4153283516789805, 1791402394840439145, 
0.02590477466583252, 0.8579798936843872, 1.461390460552553, 1791402394870318154, 
-0.3293602466583252, 0.6308436989784241, 1.4684021686513562, 1791402394900222246, 
0.559289813041687, -0.2404957413673401, 1.4392741845096115, 1791402394930224390, 
-0.03001236915588379, -0.08326989412307739, 1.4242050166711802, 1791402394960477661, 
-0.24072229862213135, 0.12042772769927979, 1.3898132994686705, 1791402394991224481, 
-0.1383284330368042, 0.5205304622650146, 1.3852633577138806, 1791402395021521318, 
-0.15107041597366333, 0.7944015860557556, 1.453833196595957, 1791402395050112199, 
-0.15417414903640747, 0.17835843563079834, 1.4281004697443413, 1791402395080009072, 
0.09533518552780151, 0.4524874687194824, 1.2408380381242754, 1791402395103210080, 
-0.18637937307357788, 0.24286746978759766, 1.5751343721717406, 1791402395139915784, 
-0.06114441156387329, 0.15429621934890747, 1.510633135728923, 1791402395168874287, 
0.24478739500045776, 0.3754332661628723, 1.4202619906846927, 1791402395199872118, 
0.07418835163116455, 0.7018726468086243, 1.3645657059608736, 1791402395231325808, 
-0.5454174280166626, 0.020151615142822266, 1.3935293793178711, 1791402395261544675, 
-0.20531761646270752, 0.42830735445022583, 1.4854479470760664, 1791402395299755741, 
-0.2350718379020691, 0.4772782325744629, 1.431627517410783, 1791402395329734873, 
-0.1482616662979126, 0.41403502225875854, 1.4150639750873764, 1791402395359783849, 
0.02510625123977661, 0.28652286529541016, 1.364381319539181, 1791402395390605380, 
-0.5402422547340393, 0.31190866231918335, 1.3145055571404858, 1791402395423103210, 
0.4128769636154175, 0.34372901916503906, 1.7309639681823317, 1791402395448605363, 
-0.4203842878341675, -0.1002349853515625, 1.391993394058694, 1791402395479455377, 
-0.06788432598114014, 0.015879333019256592, 1.4342591617348046, 1791402395509357562, 
-0.340374231338501, 0.7109493017196655, 1.4449832658758812, 1791402395539382659, 
0.3113709092140198, 0.5543662905693054, 1.4400704959770427, 1791402395569318643, 
-0.5264803767204285, 0.18975019454956055, 1.4189471735450645, 1791402395599254665, 
-0.8391939997673035, 0.32152849435806274, 1.3341835664814243, 1791402395630666908, 
-0.4741746187210083, 0.15079724788665771, 1.3140577010241545, 1791402395662735492, 
-0.4753473997116089, 0.2675313353538513, 1.6087818684004307, 1791402395689225286, 
0.7377908229827881, 0.4948351979255676, 1.4159843499225193, 1791402395719129874, 
-0.2751636505126953, 0.2214464545249939, 1.438481902429039, 1791402395749112426, 
-0.23656898736953735, 0.2343132495880127, 1.449314097186154, 1791402395779010398, 
-0.4523405432701111, 0.25474417209625244, 1.4587755708971943, 1791402395808999934, 
-0.18404817581176758, 0.2910059094429016, 1.4532655275381259, 1791402395839006812, 
0.09393250942230225, 0.7574297785758972, 1.325713173160151, 1791402395871377577, 
-0.6410573720932007, 0.5341106057167053, 1.442314891091377, 1791402395900698225, 
0.5426959991455078, -0.3615390658378601, 1.4965493774666507, 1791402395928895335, 
-0.4561079144477844, 0.3239108920097351, 1.4432235719951398, 1791402395958767140, 
-0.023830950260162354, 0.3795892596244812, 1.4154529951495731, 1791402395988739813, 
-0.4536941647529602, 0.5885923504829407, 1.439964681714805, 1791402396018687644, 
-0.03944498300552368, 0.401847779750824, 1.4539686273188637, 1791402396048703468, 
-0.427791953086853, -0.03330063819885254, 1.4708551415273532, 1791402396078701905, 
-0.020142734050750732, 0.1310560703277588, 1.37858145954731, 1791402396110940716, 
-0.5933810472488403, 0.5495126247406006, 1.471682839707583, 1791402396140680179, 
-0.07339411973953247, 0.5792428255081177, 1.560228763039325, 1791402396168576934, 
-0.3186728358268738, 0.4627010226249695, 1.4674197774468227, 1791402396198437404, 
0.2465299367904663, -0.4090532064437866, 1.4282001944344613, 1791402396228469552, 
-0.4921671748161316, 0.28609776496887207, 1.408275045187539, 1791402396258400228, 
0.21896523237228394, 0.5855827927589417, 1.4289053808635812, 1791402396288368351, 
-0.38075733184814453, 0.32209867238998413, 1.3872563533955096, 1791402396319278755, 
-0.38090407848358154, 0.29520875215530396, 1.3398000923048152, 1791402396350817695, 
-0.7886068820953369, 0.07967889308929443, 1.557034007128353, 1791402396378289405, 
-0.2680586576461792, 0.4396260380744934, 1.4351536681732708, 1791402396408202762, 
-0.0996326208114624, 0.5862722992897034, 1.4344061194359536, 1791402396438176524, 
0.14443260431289673, 0.4765506982803345, 1.4548346820164861, 1791402396468130629, 
-0.2026669979095459, 0.23967880010604858, 1.4752619885431295, 1791402396498062950, 
-0.03934764862060547, 0.12940603494644165, 1.443630376042944, 1791402396528082708, 
-0.2309475541114807, 0.2559167742729187, 1.392589771371845, 1791402396559046320, 
-0.27620142698287964, 0.4267921447753906, 1.3788906019861733, 1791402396590708645, 
-0.26208436489105225, 0.6151676177978516, 1.5675576108520084, 1791402396618019471, 
0.3453693389892578, 0.053862571716308594, 1.4118150922635309, 1791402396648024126, 
-0.07357126474380493, 0.19862550497055054, 1.4430472014430602, 1791402396677996204, 
0.6658523678779602, 0.5282678008079529, 1.425292792883218, 1791402396708025928, 
-0.30539005994796753, 0.40758460760116577, 1.445612634958784, 1791402396737789186, 
0.320253849029541, 0.3715672492980957, 1.4555143599342988, 1791402396767682453, 
-0.406313955783844, 0.4263343811035156, 1.3530252948074923, 1791402396798706834, 
-0.2532997727394104, 0.16287606954574585, 1.285236383523737, 1791402396831388589, 
-0.1579762101173401, 0.7627192735671997, 1.6387894155786558, 1791402396857738148, 
0.2801182270050049, 0.8671774864196777, 1.4741942868579727, 1791402396886531936, 
-0.49223530292510986, -0.3146735429763794, 1.3757648281373067, 1791402396917496069, 
0.12396091222763062, -0.050333499908447266, 1.4649503406214868, 1791402396947458585, 
-0.5243379473686218, 0.4613876938819885, 1.439826191695762, 1791402396977413977, 
0.04981637001037598, 0.8067848682403564, 1.4651024941822839, 1791402397007414883, 
-0.11559736728668213, 0.31966352462768555, 1.429496986048668, 1791402397038950414, 
-0.060794949531555176, -0.3414067029953003, 1.3816207012031032, 1791402397070706466, 
-0.5159353613853455, 0.15244561433792114, 1.6076535012191433, 1791402397097274653, 
0.5098669528961182, 0.5933212041854858, 1.440124325945974, 1791402397127274467, 
-0.2665097713470459, -0.061873793601989746, 1.257175676704094, 1791402397150115398, 
0.15922147035598755, 0.46078670024871826, 1.5230771536523486, 1791402397187146628, 
-0.3694770336151123, -0.35257768630981445, 1.3989573797158414, 1791402397217125176, 
0.03703838586807251, 0.09510797262191772, 1.3994082722562144, 1791402397247383235, 
-0.23626631498336792, 0.6996735334396362, 1.343870773971343, 1791402397279257497, 
-0.29160791635513306, 0.47775787115097046, 1.4103440156369507, 1791402397309808116, 
-0.733232319355011, 0.30225223302841187, 1.6492771290404138, 1791402397335995987, 
0.38996028900146484, 0.184301495552063, 1.4151413614192754, 1791402397366879660, 
-0.22014427185058594, 0.6201984882354736, 1.4712638259123483, 1791402397396839167, 
0.5902076363563538, 0.3785533308982849, 1.4457674185532383, 1791402397426829968, 
-0.2603362798690796, 0.3772374391555786, 1.3875822851772344, 1791402397456824224, 
0.026078402996063232, 0.4795149564743042, 1.4071559652850434, 1791402397486739911, 
-0.3320770859718323, 0.38891416788101196, 1.3372950609131657, 1791402397518739621, 
-0.09435367584228516, 0.20239973068237305, 1.4089506103201561, 1791402397548830837, 
-0.19320201873779297, 0.5074651837348938, 1.5402620439457997, 1791402397586591175, 
0.2186049222946167, 0.23733991384506226, 1.4527900891222163, 1791402397616639131, 
-0.5949180722236633, 0.19438552856445312, 1.4387029687627573, 1791402397646783353, 
0.12987375259399414, 0.0968160629272461, 1.3801877334309482, 1791402397679003646, 
0.360933780670166, 0.6294249892234802, 1.6551199756273862, 1791402397705523562, 
-0.08386605978012085, 0.6060534119606018, 1.366082874704436, 1791402397736486381, 
-0.12268698215484619, 0.2660801410675049, 1.426164203180313, 1791402397766352586, 
-0.09341996908187866, 0.1450602412223816, 1.4132777955200853, 1791402397796345822, 
-0.0016971230506896973, 0.11255264282226562, 1.4015046599050993, 1791402397826292240, 
0.46815431118011475, 0.9701087474822998, 1.424709830740147, 1791402397856332986, 
-0.5418399572372437, 0.5933709144592285, 1.4063593065626463, 1791402397886757330, 
0.1996970772743225, -0.3038986921310425, 1.3165623239244433, 1791402397919164466, 
0.02640092372894287, 0.3136320114135742, 1.6051243445423091, 1791402397946361850, 
-0.5232495069503784, 0.39543503522872925, 1.4501245919130703, 1791402397976241673, 
-0.09705883264541626, 0.3719177842140198, 1.4359433713764898, 1791402398006097057, 
-0.357629656791687, 0.4515751600265503, 1.4467059314800508, 1791402398036031819, 
-0.3227549195289612, 0.10164576768875122, 1.4639808184613938, 1791402398065934345, 
-0.09978479146957397, 0.6649430394172668, 1.4612385374858443, 1791402398096014455, 
-0.13353532552719116, 0.34287792444229126, 1.400251874516215, 1791402398126931652, 
-0.3470897674560547, 0.07428330183029175, 1.359444774875439, 1791402398158806136, 
0.19508254528045654, 0.5577921867370605, 1.6074655196531447, 1791402398185901633, 
-1.1992321014404297, 0.3440331220626831, 1.446555221470042, 1791402398215805793, 
0.2099286913871765, 0.3713599443435669, 1.4662073569086989, 1791402398246294829, 
-0.36200612783432007, 0.6503876447677612, 1.4767836845454858, 1791402398275815702, 
0.03198748826980591, -0.20728009939193726, 1.4361653171713342, 1791402398305681618, 
-0.3286359906196594, 0.36783432960510254, 1.4373824206294086, 1791402398335659264, 
0.021427452564239502, 0.3242585062980652, 1.3565066926959746, 1791402398367158955, 
-0.28038644790649414, 0.2566123604774475, 1.376333460608832, 1791402398398820511, 
0.4227892756462097, 0.22126764059066772, 1.597591313177306, 1791402398435496823, 
-0.19430828094482422, 0.5788081288337708, 1.4451076437978363, 1791402398465454121, 
-0.1741197109222412, 0.5434741377830505, 1.4363848314800582, 1791402398495465347, 
-0.21131634712219238, 0.09117293357849121, 1.3987535581096788, 1791402398526761842, 
0.27076613903045654, -0.09884214401245117, 1.387297841737071, 1791402398558359630, 
0.25084877014160156, 0.478365421295166, 1.5956752794517108, 1791402398595409779, 
-0.23969405889511108, 0.10222029685974121, 1.479860535569539, 1791402398625305793, 
-0.06145179271697998, -0.06239354610443115, 1.4657742253446202, 1791402398655376035, 
0.39707058668136597, 0.8077352643013, 1.3674800863133345, 1791402398687318158, 
-0.11241638660430908, 0.4577943682670593, 1.4164524026085912, 1791402398717666768, 
-0.5619933009147644, 0.538451611995697, 1.5366313032359142, 1791402398755049554, 
-0.36795008182525635, 0.24637490510940552, 1.445872715793872, 1791402398785033510, 
-0.2095542550086975, 0.020312488079071045, 1.4468149980265275, 1791402398815117814, 
0.1639009714126587, 0.5026012063026428, 1.3752307829010342, 1791402398846706737, 
-0.3176996111869812, 0.5604490637779236, 1.4380371473539955, 1791402398877079511, 
0.5444740653038025, 0.7829684615135193, 1.5646451484346557, 1791402398914856836, 
-0.3780558705329895, 0.27569878101348877, 1.4336788053473948, 1791402398944803998, 
-0.18336540460586548, -0.13947558403015137, 1.4481647652469278, 1791402398974766371, 
0.024183213710784912, 0.21342474222183228, 1.3631344791638011, 1791402399007149240, 
0.5107492208480835, 0.8439285159111023, 1.5657158237479172, 1791402399034767852, 
-0.6427558064460754, 0.4748126268386841, 1.437434200938626, 1791402399064632561, 
0.1902085542678833, 0.07286310195922852, 1.4435556200437314, 1791402399094626715, 
-0.6079126000404358, 0.029558897018432617, 1.4988128209032825, 1791402399123557669, 
0.02893584966659546, -0.017614305019378662, 1.4435259922327282, 1791402399153559871, 
0.013482391834259033, 0.5664032101631165, 1.375682904283207, 1791402399184568130, 
0.15016716718673706, 0.021514713764190674, 1.3863737209057854, 1791402399215132572, 
0.22635561227798462, 0.6317732334136963, 1.3508891490005497, 1791402399247201868, 
-0.20074331760406494, 0.534981369972229, 1.6180051350358777, 1791402399274480664, 
-0.38540327548980713, 0.27803975343704224, 1.4426033305662442, 1791402399304328563, 
0.017441749572753906, 0.13634037971496582, 1.4051834684146374, 1791402399334299621, 
-0.06390112638473511, 0.4566497802734375, 1.4161671683618338, 1791402399364234272, 
-0.10613083839416504, 0.35192257165908813, 1.4287242888370313, 1791402399394283780, 
-0.07557827234268188, 0.49784642457962036, 1.442935513627322, 1791402399424205815, 
0.1774080991744995, 0.46902090311050415, 1.3889901252743504, 1791402399455448907, 
-0.06987595558166504, 0.19979149103164673, 1.3945058273249915, 1791402399486787211, 
-0.2959262728691101, 0.24484223127365112, 1.5874721386520452, 1791402399514131493, 
-0.17436063289642334, 0.26207154989242554, 1.4683256420432327, 1791402399543989545, 
0.03148078918457031, 0.5252788066864014, 1.4625944429717144, 1791402399573959981, 
-0.15617185831069946, 0.2925527095794678, 1.4317745564373308, 1791402399603940166, 
-0.03788274526596069, 0.1998555064201355, 1.4315369624502743, 1791402399633919391, 
0.009328603744506836, 0.5260617733001709, 1.4363713054629692, 1791402399663885357, 
-0.027560293674468994, -0.018665432929992676, 1.3525811694088148, 1791402399695269098, 
-0.14693933725357056, 0.45434439182281494, 1.3703718928768789, 1791402399726758823, 
-0.22095048427581787, 0.5112635493278503, 1.62818290251398, 1791402399753730510, 
-0.41119635105133057, 0.16444915533065796, 1.4432302616030697, 1791402399783697759, 
0.15079724788665771, 0.360130250453949, 1.2579329032637083, 1791402399806964729, 
-0.1034732460975647, -0.05856698751449585, 1.6020480335652456, 1791402399843581593, 
0.1639302372932434, 0.5541696548461914, 1.4137428995346912, 1791402399873570735, 
-0.29425251483917236, 0.6465730667114258, 1.4382247820113232, 1791402399903577035, 
0.1330862045288086, 0.04770904779434204, 1.375589384422976, 1791402399934769790, 
-0.030784189701080322, -0.2572706937789917, 1.3018056339419748, 1791402399967445026, 
-0.07290476560592651, 0.3321021795272827, 1.6632800291570409, 1791402399993487754, 
-0.052178382873535156, 0.8388728499412537, 1.444284581987213, 1791402400023357305, 
0.398537278175354, 0.706451952457428, 1.4567564632909737, 1791402400053325274, 
-0.41755521297454834, 0.10788196325302124, 1.4679741233051513, 1791402400083296722, 
0.240245521068573, -0.26315104961395264, 1.4590865116260028, 1791402400113322173, 
-0.5080403089523315, 0.29883384704589844, 1.438748234838265, 1791402400143261527, 
0.8510514497756958, 0.7125450968742371, 1.3493625127706363, 1791402400174802761, 
-0.1300932765007019, 0.1949116587638855, 1.385308514819315, 1791402400205864018, 
-0.2228602170944214, 0.26142406463623047, 1.5747659291119145, 1791402400233126383, 
-0.099093496799469, 0.2680889368057251, 1.4233956071487661, 1791402400263013903, 
-0.19849199056625366, 0.07714712619781494, 1.4091875382571035, 1791402400293053821, 
0.4272550940513611, 0.8130739331245422, 1.407814572572826, 1791402400322971477, 
-0.3944755792617798, 0.7756130695343018, 1.4144708598752511, 1791402400352972615, 
-0.08881300687789917, -0.24762219190597534, 1.4501949212954046, 1791402400382967002, 
-0.08058792352676392, -0.15209120512008667, 1.3362311797733213, 1791402400415463965, 
-0.016118884086608887, 0.31777310371398926, 1.49652431326506, 1791402400444790786, 
-0.22096890211105347, 0.8307943344116211, 1.5935391877039862, 1791402400472839351, 
0.02398747205734253, 0.5299564003944397, 1.4549480873981009, 1791402400502780370, 
-0.4238095283508301, 0.30139589309692383, 1.4536909116340129, 1791402400532864344, 
0.18660175800323486, 0.7471333146095276, 1.486788196021138, 1791402400562689293, 
-0.20991158485412598, 0.3436563014984131, 1.4379279977991033, 1791402400592668459, 
-0.17553561925888062, -0.01213991641998291, 1.412036942817071, 1791402400622789619, 
-0.5892986059188843, 0.6331287026405334, 1.353847263457112, 1791402400654782813, 
-0.26195234060287476, 0.099620521068573, 1.5209086197330581, 1791402400682601080, 
-0.2996376156806946, 0.46681612730026245, 1.406757574169102, 1791402400712483274, 
0.23042452335357666, 0.4652271270751953, 1.4253361778350881, 1791402400742413438, 
-0.25376105308532715, 0.09308326244354248, 1.4196728468710236, 1791402400772395978, 
0.20787972211837769, 0.12044548988342285, 1.4169218236076093, 1791402400802370371, 
-0.47904932498931885, 0.13375747203826904, 1.4296365228033494, 1791402400832306358, 
0.4288795590400696, 0.665743350982666, 1.3919619077422942, 1791402400863224250, 
-0.26437580585479736, 0.7674554586410522, 1.359718973629311, 1791402400895057021, 
0.013817429542541504, -0.11529117822647095, 1.6029228723680784, 1791402400921521253, 
-0.34343719482421875, -0.22115272283554077, 1.3961718939254735, 1791402400952112735, 
-0.03743255138397217, 0.5526342988014221, 1.4696782299550106, 1791402400981156486, 
-0.16318947076797485, 0.5702707171440125, 1.3940877471750788, 1791402401012070604, 
-0.10550427436828613, 0.4823506474494934, 1.4504637649504015, 1791402401042016458, 
-0.22334164381027222, 0.3894053101539612, 1.4291206585563576, 1791402401072001731, 
0.053728461265563965, 0.11704057455062866, 1.3686045596676566, 1791402401102895540, 
-0.4244652986526489, -0.11228841543197632, 1.3383019214726168, 1791402401134815161, 
0.49393409490585327, 0.5522009134292603, 1.5626174609251644, 1791402401161998610, 
-0.5070681571960449, 0.4007989168167114, 1.4116936804597457, 1791402401191857427, 
0.026848196983337402, 0.47775983810424805, 1.4168960536563764, 1791402401221794936, 
-0.30086004734039307, 0.2409600019454956, 1.4342137449278451, 1791402401251708946, 
-0.2523066997528076, -0.2235196828842163, 1.4266188903929649, 1791402401281796513, 
-0.1985841989517212, 0.8657083511352539, 1.4466082252898023, 1791402401311786423, 
0.09698200225830078, 0.7493965029716492, 1.375533496187227, 1791402401343304642, 
-0.15127450227737427, -0.12073707580566406, 1.3690658950175216, 1791402401375486899, 
0.6509168744087219, 0.24967849254608154, 1.6326815394899072, 1791402401411738778, 
-0.22940176725387573, 0.5428068041801453, 1.4270272536696005, 1791402401441696886, 
0.1214069128036499, 0.5874025821685791, 1.4112132381832783, 1791402401471729854, 
-0.2795894145965576, 0.07566767930984497, 1.333169261535944, 1791402401503394582, 
-0.14284825325012207, -0.23259127140045166, 1.3415772364469003, 1791402401534320081, 
-0.04852414131164551, 0.5321699380874634, 1.5390920218623472, 1791402401561613409, 
0.11521458625793457, 0.47790127992630005, 1.4520741306232325, 1791402401591601427, 
-0.634755551815033, 0.6748079061508179, 1.5120328506015075, 1791402401620556043, 
0.3294002413749695, 0.3045532703399658, 1.403417900520916, 1791402401651566409, 
-0.371681809425354, -0.22953784465789795, 1.408229525245599, 1791402401681725319, 
0.16415858268737793, 0.35991424322128296, 1.4297568550849398, 1791402401711664662, 
-0.22092175483703613, 0.603312075138092, 1.3555058292043611, 1791402401742899420, 
-0.2227935791015625, 0.30414050817489624, 1.3726670073650058, 1791402401773578155, 
-0.26740336418151855, 0.3109477758407593, 1.5112041634684368, 1791402401801618820, 
-0.4458248019218445, 0.39442819356918335, 1.3747842728591615, 1791402401831636091, 
-0.16303271055221558, 0.4350622892379761, 1.4348440291103535, 1791402401860542226, 
0.36211103200912476, 0.6410075426101685, 1.391645702470449, 1791402401891458403, 
-0.621240496635437, -0.02942025661468506, 1.415414231226901, 1791402401921490276, 
0.14788049459457397, -0.2588914632797241, 1.4271754715760299, 1791402401951463059, 
-0.03510969877243042, 0.5606526136398315, 1.3879751191667953, 1791402401982895499, 
0.19743472337722778, 0.947006344795227, 1.5324997903334086, 1791402402010764058, 
-0.12516021728515625, 0.3500257134437561, 1.4308400757890847, 1791402402040676830, 
0.08830183744430542, -0.018702208995819092, 1.460861568055071, 1791402402070658854, 
-0.9501718878746033, 0.217856764793396, 1.423440229736847, 1791402402100644764, 
0.37863028049468994, 0.031105458736419678, 1.4105381465234106, 1791402402130612431, 
0.12312310934066772, 0.6153976917266846, 1.406040077651715, 1791402402160584086, 
0.10406208038330078, 0.7872996926307678, 1.3756292962044017, 1791402402190922574, 
-0.16365259885787964, 0.5180302262306213, 1.3220910271216009, 1791402402222910279, 
0.0050116777420043945, -0.12330418825149536, 1.5678097788724683, 1791402402250505291, 
-0.24486076831817627, -0.02167212963104248, 1.4372907074204948, 1791402402280597024, 
0.10534971952438354, 0.9119405746459961, 1.448474089278478, 1791402402310350605, 
-0.6556624174118042, 0.661395788192749, 1.4228372860985097, 1791402402340428394, 
0.710521399974823, -0.38623422384262085, 1.418863326443544, 1791402402370272671, 
-0.17014861106872559, 0.1680101752281189, 1.4444629856595266, 1791402402399284905, 
0.13830649852752686, 0.27499425411224365, 1.3169562300807027, 1791402402430954359, 
-0.3780001401901245, 0.47603845596313477, 1.3149608065282645, 1791402402463511409, 
-0.07985907793045044, 0.5151436924934387, 1.6257874946172537, 1791402402490212565, 
-0.15164077281951904, 0.24470269680023193, 1.4650909586235412, 1791402402520189549, 
-0.18216079473495483, 0.0714685320854187, 1.4613853449919685, 1791402402550157995, 
-0.582403302192688, 0.37552499771118164, 1.444588648927251, 1791402402580081667, 
-0.028000235557556152, 0.2814295291900635, 1.468955189760199, 1791402402609980808, 
-0.1074904203414917, 0.2366669774055481, 1.4581204924287228, 1791402402639908362, 
0.3733903765678406, 0.14295321702957153, 1.3559390981842139, 1791402402671105454, 
-0.46366894245147705, 0.2447555661201477, 1.329916546247058, 1791402402702891334, 
0.24991071224212646, 0.4419575333595276, 1.5687973597749052, 1791402402729852617, 
-0.14469456672668457, 0.3863369822502136, 1.3946350883494276, 1791402402759784697, 
0.017537951469421387, 0.379192590713501, 1.4113329833912804, 1791402402789755389, 
-0.5386260151863098, 0.34561824798583984, 1.426054363927939, 1791402402819766124, 
-0.12676399946212769, 0.45168405771255493, 1.4056330755612678, 1791402402849717543, 
-0.37400877475738525, 0.258969783782959, 1.4256673620988896, 1791402402879735881, 
0.25014984607696533, 0.3972727060317993, 1.3935167277974758, 1791402402910526895, 
-0.34088367223739624, 0.5025026202201843, 1.3256293767741407, 1791402402942783212, 
0.5626883506774902, 0.4533839225769043, 1.5761902034155428, 1791402402979506755, 
-0.1068105697631836, 0.563896894454956, 1.437066952985636, 1791402403009729060, 
-0.17321032285690308, 0.5196783542633057, 1.4290877570827212, 1791402403039637626, 
-0.08904165029525757, 0.3433888554573059, 1.3665891861933048, 1791402403071074748, 
-0.20640957355499268, 0.2370348572731018, 1.4913033780264389, 1791402403109641145, 
0.1206020712852478, 0.43391621112823486, 1.4181369449103587, 1791402403139320425, 
-0.6992040276527405, -0.2449590563774109, 1.4004799023304328, 1791402403169218571, 
-0.36965125799179077, 0.308474063873291, 1.4315158589931112, 1791402403199186275, 
-0.16902166604995728, 0.6460564136505127, 1.3510468150113126, 1791402403231498373, 
0.05366337299346924, 0.3208935856819153, 1.4772815384973281, 1791402403261369530, 
-0.261782705783844, 0.0863114595413208, 1.5825056395172972, 1791402403289044859, 
0.05932503938674927, -0.2594093084335327, 1.4399507703828822, 1791402403319027367, 
-0.07033419609069824, 0.5529533624649048, 1.4490152724520817, 1791402403348967878, 
-0.021067142486572266, 0.9336000084877014, 1.4246559901246967, 1791402403378967503, 
-0.18604111671447754, 0.3577464818954468, 1.4105150278824385, 1791402403408876625, 
-0.4211890697479248, -0.17464876174926758, 1.4213485979764222, 1791402403439324877, 
-0.0968981385231018, 0.16016322374343872, 1.3608562085441966, 1791402403471465958, 
0.21083885431289673, 0.6509721279144287, 1.5948908615796284, 1791402403498768636, 
-0.4432992935180664, 0.6191728115081787, 1.4830280542015417, 1791402403528770612, 
0.5413190722465515, 0.1474841833114624, 1.4867335772284025, 1791402403558702740, 
-0.6351926922798157, 0.07010585069656372, 1.4182453809450701, 1791402403588845518, 
0.007582187652587891, -0.1147565245628357, 1.43460013947581, 1791402403618593028, 
0.08725237846374512, 0.7549884915351868, 1.4469372576513715, 1791402403648594277, 
-0.3435933589935303, 0.46858805418014526, 1.3737573291242369, 1791402403679749803, 
0.1317892074584961, 0.5599309802055359, 1.3504214311042626, 1791402403711168208, 
-0.05664539337158203, 0.11397713422775269, 1.5644911377563786, 1791402403738470795, 
0.04540139436721802, -0.2508915066719055, 1.4181433327641693, 1791402403768442284, 
0.05386638641357422, 0.5115514993667603, 1.4425682959578532, 1791402403798328252, 
-0.5226709246635437, 0.45771563053131104, 1.4492911562881767, 1791402403828332447, 
0.40204107761383057, 0.1469745635986328, 1.428047305396187, 1791402403858328263, 
-0.32549726963043213, 0.1980149745941162, 1.4486129124891258, 1791402403888383360, 
-0.2104465365409851, -0.1601375937461853, 1.4057686420647142, 1791402403919253898, 
-0.2071894407272339, 0.439761757850647, 1.3283631020724678, 1791402403951635871, 
0.0475197434425354, 0.8219757080078125, 1.6074831148948368, 1791402403978141744, 
-0.16269207000732422, 0.20387208461761475, 1.4132071288011903, 1791402404008079027, 
-0.06757831573486328, -0.13680726289749146, 1.4094843161801915, 1791402404038039107, 
-0.214644193649292, 0.42646288871765137, 1.4241273498846878, 1791402404068038251, 
-0.40635550022125244, 0.2841981053352356, 1.4372095638046054, 1791402404097922094, 
-0.33907485008239746, 0.2730855345726013, 1.4356864736606303, 1791402404127971427, 
-0.06415450572967529, 0.30767303705215454, 1.3976006606614888, 1791402404159257920, 
-0.3046165108680725, 0.3405189514160156, 1.3836328007105596, 1791402404191457286, 
0.5171350240707397, 0.23650884628295898, 1.6667092354403263, 1791402404217844685, 
-0.09625554084777832, 0.30331289768218994, 1.4209264274727151, 1791402404247798726, 
-0.1956721544265747, 0.144839346408844, 1.416518795680294, 1791402404277723745, 
-0.08814680576324463, 0.4900714159011841, 1.4158674224832062, 1791402404307689613, 
-0.23511368036270142, 0.7484586238861084, 1.3891335262701618, 1791402404337674545, 
-0.16429287195205688, -0.07939082384109497, 1.4363114488025799, 1791402404367766351, 
-0.06200361251831055, 0.0679168701171875, 1.3649355531192109, 1791402404399639693, 
-0.6802535653114319, -0.02736520767211914, 1.414165443564414, 1791402404430205862, 
0.9892091751098633, 0.21968740224838257, 1.6179823507496605, 1791402404457638628, 
-0.7608619928359985, 0.5642016530036926, 1.495584636556302, 1791402404487455980, 
0.5150693655014038, 0.42077934741973877, 1.4450347105971066, 1791402404517394710, 
-0.1900700330734253, 0.3537060022354126, 1.4060230317936855, 1791402404547384557, 
0.13198447227478027, -0.006945669651031494, 1.4406575216783344, 1791402404576317687, 
-0.4752407670021057, 0.18438678979873657, 1.3666872543621422, 1791402404607312007, 
0.17429345846176147, 0.862024188041687, 1.316864835814647, 1791402404639766186, 
-0.4139310121536255, 0.013585448265075684, 1.462893987295054, 1791402404669245266, 
0.0025070905685424805, 0.5395494699478149, 1.555996426244041, 1791402404697147108, 
-0.9464929699897766, 0.47592538595199585, 1.4498415265248086, 1791402404727193314, 
0.1719057559967041, -0.38617706298828125, 1.456903723807451, 1791402404757124586, 
-0.004360198974609375, 0.5327342748641968, 1.4490407603048834, 1791402404787062961, 
-0.28148460388183594, 0.5538089275360107, 1.4220509382018718, 1791402404817009180, 
-0.015886008739471436, -0.011394798755645752, 1.425727245724136, 1791402404847384753, 
0.04135352373123169, 0.07375884056091309, 1.3531915369860585, 1791402404879239430, 
-0.4610024690628052, 0.06368231773376465, 1.5205186365147048, 1791402404906962387, 
-0.08639276027679443, 0.3893173933029175, 1.4519937700598038, 1791402404936875465, 
0.37494945526123047, 0.03797680139541626, 1.2813399220907744, 1791402404959853766, 
0.01360785961151123, 0.5050346851348877, 1.603564648624749, 1791402404986844138, 
-0.40305888652801514, 0.7697044014930725, 1.443440221877136, 1791402405016758023, 
0.06503182649612427, 0.416090190410614, 1.4408942768068647, 1791402405046734937, 
-0.5760291218757629, 0.06332474946975708, 1.4303890101480206, 1791402405076671479, 
0.14053058624267578, -0.1830233931541443, 1.4515569610470567, 1791402405106644992, 
0.3853191137313843, 0.7695717215538025, 1.4690636309072547, 1791402405136638404, 
-0.10729604959487915, 0.6491971015930176, 1.4045763545795544, 1791402405167038311, 
0.34653300046920776, 0.470375657081604, 1.3176246242916918, 1791402405199289966, 
-0.0563884973526001, -0.1100841760635376, 1.6489709156569226, 1791402405225521029, 
-0.6448166370391846, -0.025091052055358887, 1.3902046425898584, 1791402405256469296, 
0.020169496536254883, 0.8055116534233093, 1.4238086500298133, 1791402405286360456, 
-0.5930904150009155, 0.5434911847114563, 1.4820267265205924, 1791402405315367034, 
0.1549726128578186, 0.03723877668380737, 1.407102276241738, 1791402405346343931, 
-0.34923553466796875, 0.36412692070007324, 1.4968678237351232, 1791402405376267179, 
0.1307942271232605, -0.004023611545562744, 1.4216676211542336, 1791402405407711017, 
0.2963433861732483, 0.19055533409118652, 1.4081604436111743, 1791402405439419292, 
0.21933597326278687, 0.7740296125411987, 1.6226130205649025, 1791402405466189230, 
-0.33328384160995483, 0.5263227224349976, 1.459323248177185, 1791402405496069031, 
-0.5765835642814636, 0.27784276008605957, 1.244417051483657, 1791402405519453243, 
-0.12407392263412476, 0.21152597665786743, 1.565734898742642, 1791402405556051062, 
-0.174566388130188, 0.5073302388191223, 1.4429474340499324, 1791402405585978021, 
-0.2073611617088318, 0.6504062414169312, 1.4430961465649712, 1791402405616014463, 
-0.061953842639923096, 0.012275218963623047, 1.383565206180615, 1791402405647073608, 
-0.23894977569580078, -0.0731545090675354, 1.3778097194282546, 1791402405679236104, 
0.4375841021537781, 0.5876534581184387, 1.6555408680253318, 1791402405705985186, 
-0.46486198902130127, 0.3768290877342224, 1.4220022769345333, 1791402405735982150, 
-0.1412075161933899, 0.22021156549453735, 1.2704530817825506, 1791402405758478383, 
-0.32583361864089966, -0.22938477993011475, 1.5616673120112061, 1791402405795714046, 
0.184481680393219, 0.7259803414344788, 1.3960031151676005, 1791402405825759566, 
-0.38060861825942993, 0.9487332105636597, 1.414817111220855, 1791402405855649443, 
0.06159400939941406, 0.2603713274002075, 1.347765183903069, 1791402405887077476, 
-0.7194622159004211, -0.2533454895019531, 1.3548678437503754, 1791402405918346901, 
0.1460229754447937, 0.05761021375656128, 1.5962668589312223, 1791402405945573056, 
0.02318108081817627, 0.6044130921363831, 1.4679496639820295, 1791402405975460443, 
-0.6567226648330688, 0.045477867126464844, 1.2817999826058457, 1791402405997953992, 
-0.1505630612373352, 0.40365153551101685, 1.6074250483588701, 1791402406034438804, 
-0.24834609031677246, 0.01199197769165039, 1.4302615315338445, 1791402406065413927, 
-0.30748260021209717, -0.0879630446434021, 1.4344553499157824, 1791402406095511514, 
0.24838805198669434, 0.64042729139328, 1.3427140566529996, 1791402406127277004, 
-0.674428403377533, 0.5542922019958496, 1.5107506943895905, 1791402406155239914, 
0.09136784076690674, 0.5089191794395447, 1.380156722138281, 1791402406185243782, 
-0.4662023186683655, 0.04432880878448486, 1.4121077312857688, 1791402406215145659, 
0.09378254413604736, -0.10402566194534302, 1.421939630344305, 1791402406245130337, 
-0.25796812772750854, 0.8638885617256165, 1.427347438624598, 1791402406275052329, 
-0.3975285291671753, 0.5124591588973999, 1.4554200277391374, 1791402406305077922, 
-0.14400482177734375, -0.1595994234085083, 1.4823723385600203, 1791402406335285378, 
-0.14004629850387573, 0.17496687173843384, 1.3958047012318635, 1791402406367086618, 
-0.6293574571609497, 0.2262391448020935, 1.5637880145980843, 1791402406394897412, 
0.12446069717407227, 0.4181399345397949, 1.4692678640877408, 1791402406424913328, 
-0.012711942195892334, 0.527735710144043, 1.4435280416848484, 1791402406454814642, 
-0.03309386968612671, 0.19109481573104858, 1.4110667952891374, 1791402406484772547, 
-0.2889307737350464, 0.15279275178909302, 1.4361199771189548, 1791402406514788693, 
-0.199029803276062, 0.34254151582717896, 1.4254530049304022, 1791402406544751374, 
-0.4232351779937744, 0.44912993907928467, 1.4109219900411687, 1791402406575134742, 
-0.1712663173675537, 0.4504197835922241, 1.3924987934796869, 1791402406606549943, 
-0.5845737457275391, -0.08922958374023438, 1.5428979406617356, 1791402406634639780, 
-0.17516767978668213, 0.1955775022506714, 1.4462769770342714, 1791402406664562791, 
0.08298623561859131, 0.40070486068725586, 1.4456612192005502, 1791402406694481058, 
0.004177093505859375, 0.35550355911254883, 1.4717177709054172, 1791402406723517524, 
-0.4565168619155884, 0.5055210590362549, 1.3829875511299088, 1791402406754411182, 
-0.03251069784164429, 0.2531535029411316, 1.4408045504308795, 1791402406784409988, 
-0.13612216711044312, 0.35612398386001587, 1.4197282071064685, 1791402406815142020, 
-0.09865391254425049, 0.4173066020011902, 1.3670886051602493, 1791402406847130347, 
-0.5623131394386292, 0.5994848608970642, 1.6110449634448099, 1791402406874325183, 
0.039434969425201416, 0.18284976482391357, 1.4543586799622976, 1791402406904259909, 
-0.5253239274024963, 0.09032607078552246, 1.4588957239570886, 1791402406934217140, 
0.17152005434036255, 0.13971036672592163, 1.4678957981879535, 1791402406964175686, 
-0.4298306107521057, 0.3377452492713928, 1.4666341486927756, 1791402406994145035, 
0.24836647510528564, 0.2099209427833557, 1.4311715311515028, 1791402407024421375, 
-0.39710646867752075, 0.14354854822158813, 1.368711056597134, 1791402407055835751, 
-0.10544085502624512, -0.045646727085113525, 1.3760622599111259, 1791402407086977314, 
0.34911680221557617, 0.9501133561134338, 1.5477804035709206, 1791402407114062775, 
0.0481950044631958, 0.6871057152748108, 1.4240283643945852, 1791402407143902975, 
-0.22929787635803223, 0.018101155757904053, 1.445590922036815, 1791402407173842831, 
-0.17810207605361938, 0.19998270273208618, 1.422198143851128, 1791402407203842097, 
-0.09514176845550537, 0.34937942028045654, 1.4324675419762245, 1791402407233821957, 
0.41841036081314087, 0.7238754630088806, 1.4599774065761328, 1791402407263839438, 
-0.28514379262924194, 0.5852094888687134, 1.3874124012895719, 1791402407295166022, 
-0.057248055934906006, -0.46611326932907104, 1.3946989332011153, 1791402407326424995, 
-0.12899041175842285, 0.1611972451210022, 1.6159790742630795, 1791402407353691550, 
0.4692959189414978, 0.6846125721931458, 1.5205110160661006, 1791402407382562985, 
-0.5686402320861816, 0.612737238407135, 1.4056371972391641, 1791402407413615034, 
0.4002295136451721, 0.14261949062347412, 1.4748713973517011, 1791402407442549179, 
-0.42428499460220337, -0.25349342823028564, 1.4162974154908707, 1791402407472463533, 
0.3874492049217224, 0.3317803740501404, 1.3599179551664522, 1791402407503612967, 
-0.24354493618011475, 0.45698052644729614, 1.337869664087067, 1791402407535470106, 
0.039122939109802246, 0.4174511432647705, 1.4448716744206747, 1791402407565288191, 
-0.0571635365486145, 0.5068758726119995, 1.5514673450323313, 1791402407593325119, 
0.5298070907592773, 0.12784093618392944, 1.4514834219247106, 1791402407623265066, 
-0.5235019326210022, 0.2509821057319641, 1.4530181899724046, 1791402407653229921, 
0.4607735276222229, 0.5348703265190125, 1.4534201504340085, 1791402407683178515, 
-0.3101534843444824, 0.37487566471099854, 1.4518815682888415, 1791402407713188212, 
0.28797924518585205, 0.2483285665512085, 1.436184868792922, 1791402407743217652, 
-0.1559351086616516, -0.06996476650238037, 1.333830516669967, 1791402407775194552, 
0.057202279567718506, 0.32766425609588623, 1.5219621591977455, 1791402407803086631, 
0.18576574325561523, 0.7376465797424316, 1.458617432336077, 1791402407833009812, 
0.13645654916763306, 0.711237370967865, 1.471517601166649, 1791402407862982681, 
-0.6416740417480469, 0.17338567972183228, 1.4906080260452779, 1791402407893048146, 
0.4859580993652344, -0.007662594318389893, 1.5123772191994096, 1791402407922906864, 
-0.13183695077896118, 0.4293283224105835, 1.4512363514704503, 1791402407952883423, 
-0.06055086851119995, 0.4775938391685486, 1.4054206444875803, 1791402407983724440, 
-0.21917212009429932, 0.37312203645706177, 1.3787857538610362, 1791402408015650324, 
-0.28355395793914795, 0.07975566387176514, 1.5943633525233316, 1791402408042756906, 
-0.33578431606292725, -0.12131255865097046, 1.4464376111108848, 1791402408072646695, 
0.5174254179000854, 0.9779385924339294, 1.4398487040077055, 1791402408102646006, 
-0.5094465613365173, 0.3897033929824829, 1.3996649021764922, 1791402408132600899, 
0.25108832120895386, 0.4133727550506592, 1.4117518656418682, 1791402408162571562, 
-0.2075793743133545, 0.0844845175743103, 1.5157955235314173, 1791402408191561231, 
0.4141937494277954, -0.14831501245498657, 1.3665290763817992, 1791402408223321955, 
-0.2983134984970093, 0.6494807004928589, 1.3140301344253715, 1791402408255478635, 
-0.26349925994873047, 0.4019615054130554, 1.5574400953526137, 1791402408282482307, 
-0.21051150560379028, -0.13749593496322632, 1.3890149364829492, 1791402408312680277, 
-0.29794567823410034, 0.31237488985061646, 1.406100738848206, 1791402408342445307, 
0.007752835750579834, 0.3484845757484436, 1.379739397867749, 1791402408372366426, 
-0.18581515550613403, 0.5271004438400269, 1.3844074091255794, 1791402408402571819, 
-0.012718558311462402, 0.3685528039932251, 1.4234393724405796, 1791402408432496690, 
-0.4584023952484131, -0.039261579513549805, 1.3928619074819348, 1791402408463614889, 
-0.11539959907531738, 0.23937714099884033, 1.3860210749908095, 1791402408495233323, 
0.15271931886672974, 0.4574737548828125, 1.5952136320113286, 1791402408522302405, 
0.0899764895439148, 0.5329446792602539, 1.4331520763130197, 1791402408552206803, 
-0.18815022706985474, 0.45295989513397217, 1.443792422814449, 1791402408582122148, 
-0.09077167510986328, -0.055353760719299316, 1.3873241938755878, 1791402408612149897, 
-0.4615877866744995, 0.04677629470825195, 1.4008174476726916, 1791402408642067677, 
0.505992591381073, 0.4982048273086548, 1.4194061388981987, 1791402408672181792, 
-0.2545880079269409, 0.6031366586685181, 1.3612469069625117, 1791402408703263709, 
-0.37922054529190063, 0.38199663162231445, 1.3371209373713622, 1791402408734760959, 
0.168704092502594, 0.03301393985748291, 1.5809743478841332, 1791402408761963218, 
0.012378990650177002, 0.4222888946533203, 1.4255012074326219, 1791402408791978796, 
0.5022622346878052, 0.29306483268737793, 1.4468965001434604, 1791402408821930187, 
0.22475022077560425, 0.4966939091682434, 1.4521628097899435, 1791402408851999070, 
-0.3058655261993408, 0.5084378123283386, 1.4140434376142068, 1791402408881892484, 
0.033799588680267334, 0.6004995107650757, 1.4118385624401137, 1791402408912046690, 
-0.06801432371139526, 0.2628709077835083, 1.3801984214893663, 1791402408943379532, 
-0.10064303874969482, -0.14248567819595337, 1.3953570705289358, 1791402408973995750, 
-0.018755733966827393, 0.6397585868835449, 1.538317218632179, 1791402409001915453, 
0.37293756008148193, 0.39743465185165405, 1.4642883265382278, 1791402409031918704, 
-0.12633424997329712, 0.3751530647277832, 1.453430377740952, 1791402409061918662, 
-0.5301413536071777, 0.6842538714408875, 1.4206149496356482, 1791402409091926244, 
-0.2948035001754761, -0.10797995328903198, 1.4179927880704675, 1791402409121947040, 
-0.05398237705230713, 0.18034273386001587, 1.4295305228670603, 1791402409151891918, 
0.3136669993400574, 0.6730875372886658, 1.3333384467370963, 1791402409183265563, 
-0.4199010729789734, 0.24722695350646973, 1.5121908317897814, 1791402409211213384, 
-0.16577249765396118, 0.044751107692718506, 1.405800156140635, 1791402409241784221, 
-0.444873571395874, 0.07756030559539795, 1.4560697387557835, 1791402409271070654, 
0.6741898059844971, 0.7883912324905396, 1.4414064689259873, 1791402409301092870, 
-0.47518813610076904, 0.7506344318389893, 1.455598967911852, 1791402409331009355, 
0.18679410219192505, 0.16714566946029663, 1.4085154592185785, 1791402409361059650, 
-0.6570712924003601, -0.08520090579986572, 1.4040965420564848, 1791402409391605864, 
0.611396312713623, 0.3018547296524048, 1.356536270367278, 1791402409423689903, 
-0.3125706911087036, 0.46283936500549316, 1.5666858908973411, 1791402409450893351, 
-0.04113274812698364, 0.5143634080886841, 1.4400410243528472, 1791402409480824021, 
-0.08938395977020264, 0.38606423139572144, 1.4430846756055644, 1791402409510929906, 
0.5848257541656494, 0.2163984775543213, 1.4078533329973182, 1791402409540765681, 
-0.5833967328071594, 0.13734960556030273, 1.3824536063207127, 1791402409570738710, 
0.19847607612609863, 0.6540699005126953, 1.372638055093815, 1791402409600743919, 
-0.5639606714248657, 0.45370858907699585, 1.3580149063632205, 1791402409631383341, 
0.21516698598861694, 0.2899704575538635, 1.3229806064851386, 1791402409663596894, 
-0.2543078660964966, 0.13124865293502808, 1.6091667310124729, 1791402409690629314, 
0.17047619819641113, -0.024935603141784668, 1.4492250473806891, 1791402409720504703, 
0.5139510631561279, 0.7821475863456726, 1.470941516123993, 1791402409750509113, 
-0.06892585754394531, 0.7575657367706299, 1.4571449887257866, 1791402409780431919, 
-0.15626782178878784, -0.21605515480041504, 1.4438729458277006, 1791402409809612748, 
-0.09598082304000854, 0.08409762382507324, 1.3859463736814637, 1791402409840364567, 
0.08588844537734985, 0.3132299780845642, 1.353401692877339, 1791402409871911111, 
-0.10394114255905151, 0.8243190050125122, 1.3459730797888445, 1791402409903346600, 
-0.21572613716125488, 0.36690133810043335, 1.5779356082801896, 1791402409930421991, 
-0.19105219841003418, -0.0276186466217041, 1.4488451848559325, 1791402409960407218, 
0.18455183506011963, 0.2336817979812622, 1.4514688594403342, 1791402409990146126, 
-0.1791677474975586, 0.5578851699829102, 1.4499656349570889, 1791402410020109179, 
-0.40264713764190674, 0.5652763247489929, 1.4622668763304578, 1791402410050056565, 
0.05297195911407471, 0.29720038175582886, 1.4033334573714102, 1791402410080962897, 
-0.027293860912322998, -0.3268323540687561, 1.378155493135671, 1791402410111770383, 
-0.1298137903213501, 0.21569252014160156, 1.3774235347109356, 1791402410143496289, 
0.04263150691986084, 0.6902380585670471, 1.5952840259414787, 1791402410170428871, 
-0.25081586837768555, 0.47053050994873047, 1.422152546495724, 1791402410199894708, 
0.07342272996902466, 0.21614551544189453, 1.408614377047281, 1791402410229787197, 
0.14000195264816284, 0.20833152532577515, 1.4276190132907411, 1791402410259793648, 
-0.5277482271194458, 0.5623360276222229, 1.396944620081305, 1791402410290420951, 
-0.0824403166770935, 0.5224147439002991, 1.4878152997216618, 1791402410319862280, 
0.22739940881729126, 0.39277833700180054, 1.3898252430817457, 1791402410351683425, 
-0.09781944751739502, 0.4979998469352722, 1.4008789606109642, 1791402410382503085, 
-0.24669545888900757, 0.16845661401748657, 1.5838799826864671, 1791402410409759501, 
0.15680921077728271, -0.11562126874923706, 1.4927060170216213, 1791402410438621717, 
-0.23559445142745972, 0.4412415027618408, 1.3890406571327032, 1791402410469480904, 
0.3379339575767517, 0.8767764568328857, 1.4855019554349105, 1791402410498608345, 
-0.3439489006996155, 0.10757219791412354, 1.387337159281135, 1791402410529408297, 
0.1079978346824646, -0.06283766031265259, 1.3855479657595946, 1791402410559735517, 
-0.1031988263130188, 0.7151293754577637, 1.3248516483982875, 1791402410591617824, 
0.19928324222564697, 0.12770867347717285, 1.4277232941958489, 1791402410621453630, 
-0.44553524255752563, 0.5048515200614929, 1.5554727388918537, 1791402410649232190, 
-0.016442298889160156, 0.27877575159072876, 1.4715869953225915, 1791402410679246582, 
-0.11229628324508667, 0.10771554708480835, 1.46190295182311, 1791402410709170337, 
0.5619263052940369, 0.314225435256958, 1.4276621154128901, 1791402410739154848, 
-0.4879888892173767, 0.06966406106948853, 1.4012695232277528, 1791402410769403058, 
0.36293333768844604, 0.4180658459663391, 1.4078692389842637, 1791402410799464442, 
-0.22221499681472778, 0.5979106426239014, 1.3216488531324566, 1791402410831808226, 
0.12161421775817871, 0.2678794860839844, 1.5710401462644075, 1791402410859174121, 
-0.33835387229919434, -0.0706300139427185, 1.4691416798859944, 1791402410889051197, 
0.24235647916793823, 0.5585482716560364, 1.4806907554376219, 1791402410918989122, 
-0.38406455516815186, -0.18325108289718628, 1.463381852032806, 1791402410948838886, 
-0.2438570261001587, 0.08953839540481567, 1.4701262399751556, 1791402410978859018, 
0.29779839515686035, 0.5514481663703918, 1.4504424677139967, 1791402411008821079, 
-0.47642433643341064, 0.44470202922821045, 1.3661664839289998, 1791402411039664169, 
0.12702959775924683, 0.3430849313735962, 1.3220758896804705, 1791402411071757337, 
-0.1626666784286499, -0.0814247727394104, 1.5894856490893694, 1791402411098717777, 
-0.22169870138168335, 0.28631991147994995, 1.440358958637167, 1791402411128603782, 
0.3208542466163635, 0.6359888911247253, 1.4354509534074273, 1791402411158592070, 
-0.15709233283996582, 0.1646544337272644, 1.4363647036975047, 1791402411188601442, 
-0.5753557682037354, 0.4034646153450012, 1.448836303054173, 1791402411218484991, 
-0.06862747669219971, 0.026388227939605713, 1.4527280504884985, 1791402411248445863, 
-0.07395589351654053, 0.45738470554351807, 1.3810360351690767, 1791402411280163762, 
0.07491308450698853, 0.6035739183425903, 1.3806322730535163, 1791402411311720170, 
-0.0837445855140686, 0.4293120503425598, 1.6289592692904111, 1791402411338368238, 
-0.061114609241485596, 0.28820544481277466, 1.459394027283667, 1791402411368299659, 
0.14437931776046753, 0.23039978742599487, 1.4493528052366953, 1791402411398266141, 
0.09226977825164795, 0.07302623987197876, 1.439898639375517, 1791402411428191189, 
-0.3668649196624756, 0.20924842357635498, 1.4580675312748834, 1791402411458255641, 
0.06165975332260132, 0.8132110238075256, 1.4417829441699368, 1791402411488178401, 
-0.34870249032974243, 0.49563008546829224, 1.390268768487915, 1791402411518595403, 
-0.1044929027557373, -0.03769117593765259, 1.2939045654132733, 1791402411551661054, 
-0.23970955610275269, 0.6545580625534058, 1.6304170522502368, 1791402411578159959, 
-0.1191486120223999, 0.31057465076446533, 1.4472061599632537, 1791402411608041000, 
0.5995410680770874, 0.4420461058616638, 1.4591512612576545, 1791402411637930080, 
0.3092062473297119, 0.08932149410247803, 1.425162015011568, 1791402411667890969, 
-0.46903204917907715, 0.27989810705184937, 1.3870762185333898, 1791402411697904502, 
-0.14196449518203735, 0.3527989387512207, 1.3955894054444988, 1791402411728201982, 
-0.4967617392539978, -0.05910825729370117, 1.4075422832488398, 1791402411758594761, 
0.11874324083328247, 0.3424537777900696, 1.3522722996530878, 1791402411790295303, 
-0.18173712491989136, 0.7717104554176331, 1.6597615580011744, 1791402411816742927, 
-0.015105783939361572, 0.025082826614379883, 1.3962018032593089, 1791402411847640987, 
-0.2133755087852478, 0.3781989812850952, 1.2857832595892749, 1791402411869838174, 
-0.5373779535293579, 0.2653416395187378, 1.5636634160738063, 1791402411897728105, 
0.756991982460022, 0.2211620807647705, 1.4601317046215079, 1791402411927512199, 
-0.4825358986854553, -0.029337406158447266, 1.2863074711682898, 1791402411949679472, 
0.5583783388137817, 0.6096730828285217, 1.5165082019153924, 1791402411987495059, 
-0.2188674807548523, 0.16458606719970703, 1.4508737426974738, 1791402412017430985, 
0.06803393363952637, 0.16345500946044922, 1.408324967547828, 1791402412047896553, 
-0.30941206216812134, 0.8300796747207642, 1.3260469961295025, 1791402412079693900, 
-0.18051666021347046, -0.06475448608398438, 1.5072046269299213, 1791402412107635407, 
-0.1433754563331604, 0.3966870903968811, 1.421045425874541, 1791402412137365309, 
0.839552640914917, 0.39214247465133667, 1.4477906208294813, 1791402412167282862, 
-0.32314491271972656, 0.16022950410842896, 1.4314983034843183, 1791402412197360764, 
0.35125845670700073, 0.7771428227424622, 1.4117989644499103, 1791402412227229735, 
-0.3767096996307373, 0.5635663270950317, 1.4149565297566966, 1791402412257185396, 
0.08075278997421265, -0.3588208556175232, 1.4320496482765295, 1791402412287441878, 
-0.508951723575592, 0.2297481894493103, 1.3233744805532168, 1791402412319711382, 
-0.11259233951568604, 0.49304598569869995, 1.5428845201375967, 1791402412347053300, 
0.10044211149215698, 0.404579758644104, 1.4634842563387926, 1791402412377015156, 
-0.243865966796875, 0.4931604862213135, 1.4411177845502041, 1791402412406961015, 
-0.21865874528884888, -0.01996535062789917, 1.4318376735460432, 1791402412436874283, 
-0.3966801166534424, 0.2582664489746094, 1.4810346611589835, 1791402412466866751, 
0.1392878293991089, 0.5185225605964661, 1.45241319793909, 1791402412496859654, 
-0.4893893599510193, 0.5290559530258179, 1.4262962287714656, 1791402412527437627, 
0.12851202487945557, 0.4147455096244812, 1.3526629955052518, 1791402412560392826, 
-1.076471209526062, 0.5319521427154541, 1.5755670166166134, 1791402412596667103, 
0.37174689769744873, 0.422119677066803, 1.4376089435574606, 1791402412626610697, 
-0.478951632976532, 0.09412801265716553, 1.4542994353712726, 1791402412656640752, 
0.19531726837158203, -0.30002689361572266, 1.356867631233793, 1791402412688354859, 
-0.5332776308059692, 0.6119668483734131, 1.3588006115392814, 1791402412719970203, 
-0.19299829006195068, 0.3517167568206787, 1.6457608012450111, 1791402412746442276, 
-0.13729798793792725, 0.1616346836090088, 1.4676218236772907, 1791402412776420383, 
-0.2612949013710022, 1.0298173427581787, 1.2813342071889982, 1791402412799673431, 
-0.9955095052719116, 0.017306983470916748, 1.621174350994065, 1791402412836338616, 
0.24948471784591675, -0.014950752258300781, 1.480323463632516, 1791402412866296207, 
-0.042858898639678955, 0.7152422666549683, 1.4818623142350833, 1791402412896262348, 
-0.00834125280380249, 0.5144885182380676, 1.4119569951322817, 1791402412927458982, 
0.1027446985244751, 0.04806333780288696, 1.3735667734126888, 1791402412959220394, 
0.1120721697807312, 0.7607600092887878, 1.5427004914642948, 1791402412996143481, 
-0.2653905749320984, 0.44078314304351807, 1.439980296469406, 1791402413026068317, 
-0.23227864503860474, 0.44572216272354126, 1.4458047700576724, 1791402413056108577, 
0.18868714570999146, -0.30805647373199463, 1.4481727952514478, 1791402413086538980, 
-0.4470862150192261, 0.5482717156410217, 1.4094142328291916, 1791402413118580990, 
0.37412208318710327, 0.6195955872535706, 1.6206632586341685, 1791402413145945218, 
-0.5497825145721436, 0.24322211742401123, 1.430003043341317, 1791402413175904030, 
-0.25053054094314575, 0.3890722393989563, 1.303286678468858, 1791402413197826114, 
0.7953214645385742, -0.07393276691436768, 1.5117338748690392, 1791402413235819404, 
-0.499225378036499, 0.6596663594245911, 1.4158949378748693, 1791402413265955800, 
0.20574241876602173, 0.8231245279312134, 1.4647148050115484, 1791402413295713727, 
0.39078354835510254, -0.004452764987945557, 1.3608941656031361, 1791402413327917063, 
-0.38243216276168823, 0.05147886276245117, 1.5544873182350298, 1791402413355686979, 
-0.508872389793396, 0.4654111862182617, 1.4446692178561158, 1791402413385611272, 
-0.05594593286514282, 0.395807683467865, 1.4565697011284156, 1791402413415567403, 
-0.45673465728759766, 0.4934597611427307, 1.45964374133665, 1791402413445656842, 
-0.11156356334686279, 0.5558261275291443, 1.4660818084101468, 1791402413475696702, 
0.29340314865112305, 0.44411367177963257, 1.4541345218707065, 1791402413505661615, 
-0.25227171182632446, 0.17763745784759521, 1.4456590321905423, 1791402413535764821, 
0.12429922819137573, -0.10461783409118652, 1.3473667568662087, 1791402413567710120, 
-0.47520583868026733, 0.22113877534866333, 1.5556856516866875, 1791402413595327666, 
-0.14130592346191406, 0.5545098781585693, 1.4138096675753435, 1791402413625299042, 
-0.31267523765563965, 0.3852549195289612, 1.4165806275072177, 1791402413655265252, 
-0.4518185257911682, 0.2264714241027832, 1.438174399413915, 1791402413685224631, 
0.009832203388214111, 0.40373772382736206, 1.4398841737640942, 1791402413715158163, 
0.0026279687881469727, 0.49603915214538574, 1.447865321864941, 1791402413745463890, 
0.26397228240966797, 0.17487889528274536, 1.4767548997782152, 1791402413775973017, 
-0.0027588605880737305, 0.5190409421920776, 1.3582173519588423, 1791402413807856750, 
-0.49360406398773193, 0.5357741713523865, 1.5170172657136252, 1791402413835094358, 
-0.07087326049804688, 0.3779592514038086, 1.4121724604748407, 1791402413865005601, 
-0.20411282777786255, -0.021052956581115723, 1.455265813440014, 1791402413894910729, 
-0.17640119791030884, 0.0585976243019104, 1.445695193122287, 1791402413924912310, 
-0.03856372833251953, 0.8033206462860107, 1.4498126721555398, 1791402413954851303, 
-0.12550967931747437, 0.42085057497024536, 1.4853420107750692, 1791402413983816922, 
-0.2741011381149292, 0.27771812677383423, 1.3856926546637207, 1791402414014527279, 
0.02340906858444214, 0.3070860505104065, 1.34291862377003, 1791402414046537340, 
-0.40941017866134644, -0.11369425058364868, 1.5249786787530646, 1791402414074748134, 
0.1050950288772583, 0.7222950458526611, 1.4319413716937341, 1791402414104630093, 
-0.33024346828460693, 0.5884527564048767, 1.4475760366431787, 1791402414134620373, 
0.1568012833595276, -0.06104844808578491, 1.4451384468316424, 1791402414164569977, 
-0.5631829500198364, 0.1879279613494873, 1.4620703139396842, 1791402414193555370, 
-0.11260312795639038, 0.12737900018692017, 1.3631477121093947, 1791402414224823831, 
0.24798184633255005, 0.4602183699607849, 1.3947648895439875, 1791402414256037376, 
-0.028063952922821045, 0.7337134480476379, 1.3563202077205339, 1791402414287985523, 
-0.20285654067993164, 0.18791496753692627, 1.6298481865391146, 1791402414314427084, 
-0.29847514629364014, -0.08727878332138062, 1.447112503828163, 1791402414344343172, 
0.09729999303817749, 0.2509385943412781, 1.2408665773857568, 1791402414367763947, 
-0.10083472728729248, 0.6955888271331787, 1.6211317183261997, 1791402414404231863, 
0.05380946397781372, 0.6011327505111694, 1.4936881377748605, 1791402414434244491, 
0.05881035327911377, 0.21715402603149414, 1.434091358886532, 1791402414464221460, 
-0.11495065689086914, -0.16777431964874268, 1.4033604793074612, 1791402414494549827, 
-0.24020087718963623, -0.12487548589706421, 1.3060734773815228, 1791402414527368544, 
-0.006012856960296631, 1.021077275276184, 1.5759193141560344, 1791402414554081224, 
-0.29953598976135254, 0.5777614712715149, 1.414354419375478, 1791402414584016279, 
-0.008320271968841553, 0.3687557578086853, 1.4619074621035286, 1791402414613970597, 
-0.32002174854278564, 0.12171781063079834, 1.448784064614813, 1791402414643977639, 
-0.1358734369277954, -0.020676374435424805, 1.4543232193463111, 1791402414673896176, 
0.39413750171661377, 0.8260960578918457, 1.5384081747004783, 1791402414702927642, 
-0.011803507804870605, 0.6436659693717957, 1.30824477611742, 1791402414735999516, 
0.19279897212982178, 0.16695433855056763, 1.4366473527717845, 1791402414765728938, 
-0.11849093437194824, 0.39837169647216797, 1.5942925804207637, 1791402414792998267, 
-0.11750006675720215, 0.5766727328300476, 1.3859304394504897, 1791402414823692864, 
-0.17385858297348022, 0.6171596050262451, 1.2756237545266818, 1791402414845782199, 
0.18591660261154175, 0.4956815242767334, 1.552367523426686, 1791402414873663079, 
-0.15891307592391968, -0.032235682010650635, 1.4643031864691474, 1791402414903574757, 
-0.006144464015960693, 0.08322429656982422, 1.5141845031630599, 1791402414932541043, 
0.17483144998550415, 0.5410584211349487, 1.4714256396686782, 1791402414962528920, 
-0.1810511350631714, 0.17943871021270752, 1.4207088305434115, 1791402414993462747, 
-0.42629164457321167, 0.2914358973503113, 1.4003177817520662, 1791402415023805765, 
0.3036119341850281, -0.02526754140853882, 1.3062981752031004, 1791402415056007772, 
-0.48507392406463623, 0.2262703776359558, 1.5688066952123405, 1791402415083402473, 
0.4078403115272522, 0.3501870036125183, 1.4038200642351506, 1791402415113354520, 
-0.18670928478240967, 0.4575055241584778, 1.4117251028990814, 1791402415143293262, 
-0.21731352806091309, 0.5639234185218811, 1.4365117797806666, 1791402415173214901, 
0.4268370270729065, 0.2513098120689392, 1.4153186118596062, 1791402415203184874, 
-0.268760621547699, 0.3318284749984741, 1.4277240813562255, 1791402415233179700, 
-0.2192755937576294, 0.26841068267822266, 1.4215228864879552, 1791402415263969655, 
-0.23883050680160522, 0.43073129653930664, 1.3546763824809231, 1791402415295746586, 
-0.3550528883934021, 0.6460691094398499, 1.5717033165613108, 1791402415323107329, 
-0.09714442491531372, 0.3218054175376892, 1.456156376856392, 1791402415353027034, 
-0.04688119888305664, 0.16876238584518433, 1.448292981221439, 1791402415382934791, 
-0.10557174682617188, 0.12057173252105713, 1.4907555769946161, 1791402415411910674, 
0.40610194206237793, 0.5107765793800354, 1.3891056131326889, 1791402415442886811, 
-0.09554696083068848, 0.26188963651657104, 1.3956158399788061, 1791402415472846256, 
-0.6395750641822815, 0.17694056034088135, 1.3401851749815485, 1791402415504024615, 
0.1906036138534546, 0.6542240381240845, 1.343921418941903, 1791402415535594751, 
-0.7628288269042969, 0.03686481714248657, 1.5482925000273826, 1791402415562769380, 
-0.04804462194442749, 0.3359934091567993, 1.4661358195363559, 1791402415592659847, 
-0.05069643259048462, 0.4335663914680481, 1.4910824908664242, 1791402415622664276, 
0.07158017158508301, 0.22953665256500244, 1.4659861330331463, 1791402415652616615, 
0.25419509410858154, 0.20461642742156982, 1.4396081811619599, 1791402415682779363, 
-0.09822458028793335, -0.08419907093048096, 1.436982832874561, 1791402415712564221, 
-0.007887005805969238, 0.5229299068450928, 1.3570636305714594, 1791402415743817996, 
-0.05050051212310791, 0.8428928256034851, 1.3371948506327642, 1791402415775606030, 
-0.07689917087554932, 0.24523741006851196, 1.5616532601286992, 1791402415802589635, 
-0.18921780586242676, -0.2890240550041199, 1.404389370805642, 1791402415832469013, 
-0.14409607648849487, 0.42981165647506714, 1.3957122341140418, 1791402415862469380, 
-0.2655584216117859, 0.8230087161064148, 1.4082601474863694, 1791402415892469910, 
0.2223840355873108, 0.3940228223800659, 1.4687675479293432, 1791402415921539798, 
0.30611950159072876, 0.1248319149017334, 1.3804419460527646, 1791402415952638569, 
-0.336784303188324, 0.3261792063713074, 1.3827186163547103, 1791402415983638901, 
-0.0645899772644043, 0.21695822477340698, 1.3560277318813996, 1791402416015223236, 
-0.021957337856292725, 0.5377699136734009, 1.505041878757987, 1791402416043042613, 
-0.5980842709541321, 0.2232189178466797, 1.4148038534342446, 1791402416072477516, 
-0.026286065578460693, 0.44671404361724854, 1.2798431259489869, 1791402416094675113, 
-0.2636649012565613, 0.35647642612457275, 1.5180216918486436, 1791402416132343066, 
-0.001967489719390869, 0.32317280769348145, 1.406172370069389, 1791402416162346911, 
0.16431236267089844, 0.3737524747848511, 1.4137806767021117, 1791402416192287374, 
-0.49361515045166016, 0.6113341450691223, 1.3118162167502576, 1791402416224515323, 
0.1851038932800293, -0.13750183582305908, 1.4570782151381079, 1791402416253817988, 
-0.2673535943031311, 0.1578715443611145, 1.535338930740117, 1791402416282323765, 
0.04532355070114136, 0.3078581690788269, 1.425909826498935, 1791402416312227592, 
-0.32258325815200806, 0.649009644985199, 1.397680094540537, 1791402416342292171, 
0.15263372659683228, 0.47922682762145996, 1.4163609443183605, 1791402416372192127, 
-0.007162988185882568, -0.08416569232940674, 1.4175917695905138, 1791402416402167286, 
-0.2752813696861267, 0.04349249601364136, 1.4075515610792693, 1791402416432193688, 
-0.16720056533813477, 0.49405384063720703, 1.327925268335596, 1791402416464093862, 
-0.1601119041442871, 0.6114158630371094, 1.540271994469787, 1791402416491494452, 
-0.3186318278312683, 0.5808150768280029, 1.416943845920035, 1791402416521610490, 
0.11619263887405396, -0.17805123329162598, 1.435766398381917, 1791402416551568599, 
-0.30500221252441406, -0.09133195877075195, 1.463517144853849, 1791402416581329578, 
0.2403157353401184, 0.582621157169342, 1.4459268864417925, 1791402416611404329, 
0.007495224475860596, 0.45833152532577515, 1.4454450585139238, 1791402416641353067, 
-0.025187373161315918, 0.25652122497558594, 1.4111133066487664, 1791402416671801657, 
-0.3290572166442871, 0.3162751793861389, 1.3156724858144777, 1791402416703672795, 
-0.2349865436553955, 0.4506438970565796, 1.4802583512916758, 1791402416731304911, 
-0.2045598030090332, 0.19613724946975708, 1.391357000089708, 1791402416761175412, 
-0.026090621948242188, 0.451415479183197, 1.4066873417154506, 1791402416791063457, 
-0.17849111557006836, 0.7155792713165283, 1.421627250943957, 1791402416821059692, 
-0.21315997838974, 0.442852258682251, 1.463299926698063, 1791402416851051203, 
0.2374042272567749, 0.06687706708908081, 1.4611244871470026, 1791402416880982296, 
-0.0593031644821167, -0.1512218713760376, 1.3936087082388335, 1791402416912254822, 
0.1812770962715149, 0.5045298933982849, 1.4002509280230626, 1791402416943955352, 
-0.081817626953125, 0.6716840267181396, 1.6145500777496598, 1791402416970848368, 
-0.19393473863601685, 0.3565658926963806, 1.409115838415668, 1791402417000862008, 
0.07751929759979248, 0.42336320877075195, 1.4118408132058264, 1791402417030812273, 
-0.04833984375, -0.13193202018737793, 1.4052336524455415, 1791402417060726775, 
-0.3349243402481079, 0.5310404896736145, 1.4090023444714794, 1791402417090753128, 
0.30813610553741455, 0.4378984570503235, 1.4204555258584148, 1791402417120684773, 
-0.11327618360519409, -0.008926808834075928, 1.3558838155198139, 1791402417152005637, 
-0.44976454973220825, 0.3631816506385803, 1.363598401016039, 1791402417183758026, 
-0.24342995882034302, 0.025115668773651123, 1.685681723652234, 1791402417209552720, 
0.2971705198287964, 0.4232310652732849, 1.3809012373630947, 1791402417240511681, 
0.027656257152557373, 0.8360937833786011, 1.4131931183309006, 1791402417270461769, 
0.23226523399353027, 0.4984305500984192, 1.4194416834984227, 1791402417300507694, 
-0.11566627025604248, 0.2600446343421936, 1.4162854006058747, 1791402417330582962, 
0.11628168821334839, 0.6708532571792603, 1.4728344674491953, 1791402417359529624, 
-0.25014185905456543, 0.4410319924354553, 1.3509444968275177, 1791402417392006437, 
-0.455750048160553, 0.2478100061416626, 1.410369819007522, 1791402417423424064, 
-0.2171802520751953, 0.0268976092338562, 1.5887206674072911, 1791402417450295225, 
-0.41373592615127563, 0.02221071720123291, 1.4248464209347689, 1791402417480188686, 
0.09597945213317871, 0.4192497730255127, 1.4462315949641198, 1791402417510159818, 
0.05034911632537842, 0.8059217929840088, 1.3993634025574175, 1791402417540114664, 
-0.4054417014122009, 0.29105144739151, 1.3987180103795156, 1791402417570056216, 
0.4267435669898987, 0.28386354446411133, 1.4267893603950672, 1791402417600275308, 
0.026057660579681396, 0.3497924208641052, 1.3279939303197916, 1791402417632151910, 
-0.14491665363311768, 0.29053330421447754, 1.3919160306383604, 1791402417662208921, 
-0.13224369287490845, 0.7708900570869446, 1.5009277409262576, 1791402417689903489, 
-0.5376589298248291, 0.6637304425239563, 1.3876183683507568, 1791402417719882739, 
-0.24386078119277954, -0.2740787863731384, 1.4196572629537607, 1791402417749838239, 
-0.013461053371429443, 0.20428413152694702, 1.4538085242417225, 1791402417779782302, 
-0.1320900321006775, 0.6309335827827454, 1.4282128702570125, 1791402417809776404, 
0.1994333267211914, 0.6649735569953918, 1.3982359548784657, 1791402417840413675, 
0.11740392446517944, 0.18534064292907715, 1.354299382611726, 1791402417872226120, 
-0.6554608941078186, 0.012468934059143066, 1.5427883658279349, 1791402417899772558, 
-0.13333535194396973, 0.3660573363304138, 1.423188663170984, 1791402417929647093, 
-0.0835084319114685, 0.4035535454750061, 1.492907554222175, 1791402417958597338, 
-0.17715901136398315, 0.474571168422699, 1.4207451285016497, 1791402417988613899, 
-0.17573732137680054, 0.5659647583961487, 1.3618129072858074, 1791402418019495103, 
-0.09395253658294678, -0.27897578477859497, 1.4142404768166443, 1791402418049429559, 
-0.2067909836769104, 0.0012817978858947754, 1.4030613441912907, 1791402418079872288, 
0.2404422163963318, 0.6587800979614258, 1.3617767252626443, 1791402418111799715, 
-0.16629868745803833, 0.6316836476325989, 1.6178897554825606, 1791402418139321401, 
-0.07494491338729858, 0.2732198238372803, 1.4492482615114883, 1791402418169232702, 
-0.18660974502563477, -0.14635896682739258, 1.4082092375238722, 1791402418199228748, 
0.09723836183547974, 0.5541383028030396, 1.4053132948869629, 1791402418229203052, 
-0.06503152847290039, 0.5172128677368164, 1.4088843493497407, 1791402418259125612, 
-0.02043360471725464, 0.5323132276535034, 1.3769952645689942, 1791402418289111015, 
-0.18537282943725586, 0.4394572377204895, 1.3495445655022509, 1791402418320317822, 
0.15068084001541138, 0.19022119045257568, 1.3272631590212, 1791402418352359938, 
0.018542706966400146, 0.36764538288116455, 1.5839502643980246, 1791402418379045543, 
-0.3455051779747009, -0.013180136680603027, 1.4426779985940938, 1791402418408971442, 
0.07711738348007202, 0.41499096155166626, 1.4756415943235193, 1791402418438859571, 
-0.0874706506729126, 0.6629274487495422, 1.4606338203339089, 1791402418468857798, 
0.2760724425315857, 0.5017568469047546, 1.482763936856311, 1791402418498810780, 
-0.06525087356567383, 0.3330475091934204, 1.4692759278903524, 1791402418528848392, 
-0.03421133756637573, -0.3456834554672241, 1.3605465272144637, 1791402418559891805, 
-0.11724269390106201, 0.5048168897628784, 1.3258873480006221, 1791402418591872043, 
-0.45577502250671387, 0.10304546356201172, 1.581767794741355, 1791402418618944633, 
-0.2605184316635132, -0.11469811201095581, 1.4032684593801465, 1791402418648816810, 
-0.05551809072494507, 0.7201293706893921, 1.4389214116523488, 1791402418678584287, 
-0.2518336772918701, 0.47311633825302124, 1.4580430918436582, 1791402418708593912, 
-0.09238821268081665, 0.21532601118087769, 1.481205711867752, 1791402418737523001, 
-0.37617504596710205, 0.2813946604728699, 1.4084110084811698, 1791402418768482376, 
0.025329649448394775, -0.1392689347267151, 1.3711662473821138, 1791402418800119066, 
-0.14011573791503906, 0.11882257461547852, 1.3850591214896038, 1791402418830872163, 
-0.2449001669883728, 0.8629243969917297, 1.558189324688777, 1791402418858358914, 
-0.15234237909317017, 0.4570998549461365, 1.4558241046638034, 1791402418888339297, 
0.014369308948516846, 0.5136880874633789, 1.2350124855693334, 1791402418911886358, 
-0.03038609027862549, 0.4761911630630493, 1.644762964460511, 1791402418938295782, 
0.017117202281951904, 0.06582635641098022, 1.4700228646611215, 1791402418968176707, 
-0.11806720495223999, -0.10343092679977417, 1.4616536214989992, 1791402418998237109, 
0.1240689754486084, 0.9099947810173035, 1.4940131012901834, 1791402419027112688, 
0.06281638145446777, 0.45643335580825806, 1.402434368285187, 1791402419058083805, 
0.2708306312561035, 0.5542798638343811, 1.4353658209692706, 1791402419088239209, 
-0.5864168405532837, 0.35568326711654663, 1.333950829204686, 1791402419119904101, 
0.01281726360321045, -0.15355849266052246, 1.4100508973097525, 1791402419150018517, 
0.3224535584449768, 0.32590973377227783, 1.4949817771264688, 1791402419187907369, 
-0.3913741111755371, 0.592085599899292, 1.4047223419518837, 1791402419218022978, 
-0.009260118007659912, -0.11222761869430542, 1.4495855410681382, 1791402419248169972, 
0.36424893140792847, 0.2942655682563782, 1.3498269615424778, 1791402419280312232, 
-0.019582390785217285, 0.5739212036132812, 1.5571383118050455, 1791402419307804064, 
-0.4126412272453308, 0.7154561877250671, 1.475400565360803, 1791402419337739790, 
0.2621481418609619, 0.009346187114715576, 1.4584082687979918, 1791402419367652621, 
-0.0679660439491272, -0.0355716347694397, 1.4099944260328077, 1791402419397612277, 
0.10418373346328735, 0.49173635244369507, 1.4287727779883457, 1791402419427596862, 
0.04518860578536987, 0.5019659996032715, 1.479909326111115, 1791402419456533614, 
-0.0011936426162719727, 0.48614126443862915, 1.3575312244880167, 1791402419487838738, 
0.21271651983261108, 0.6048608422279358, 1.3304991984397427, 1791402419520100477, 
-0.05376678705215454, -0.38807129859924316, 1.5775347356152134, 1791402419547467595, 
-0.5528849363327026, 0.2524111866950989, 1.4458244748146916, 1791402419577443554, 
0.36322540044784546, 0.7827898263931274, 1.4536161420798455, 1791402419607366921, 
-0.4925283193588257, 0.277610182762146, 1.4551440954394985, 1791402419637278685, 
0.10728186368942261, -0.0005030035972595215, 1.4459389932605577, 1791402419667261684, 
-0.28236663341522217, 0.09501123428344727, 1.435627353404853, 1791402419697415300, 
0.44592738151550293, 0.7399681210517883, 1.4007806209103342, 1791402419728258580, 
0.3202381134033203, 0.7290188670158386, 1.4226876604758192, 1791402419758890271, 
-0.05683690309524536, 0.0036673545837402344, 1.5176709795015595, 1791402419787147272, 
-0.4428102970123291, 0.21138447523117065, 1.4457501817763312, 1791402419817076427, 
-0.07563066482543945, 0.5865010619163513, 1.450566947176532, 1791402419847010849, 
-0.24099373817443848, 0.46144282817840576, 1.4471402524381154, 1791402419877058144, 
-0.045066237449645996, -0.13638442754745483, 1.4969550274539665, 1791402419906152622, 
-0.16016429662704468, 0.4751856327056885, 1.4051574119915324, 1791402419936986235, 
-0.3705676198005676, 0.4257863759994507, 1.3922481330004561, 1791402419968173856, 
-0.676179051399231, 0.34568506479263306, 1.3663026385997177, 1791402420000035960, 
0.48651188611984253, -0.05617433786392212, 1.5956133016068208, 1791402420027347912, 
-0.46505701541900635, 0.1709914207458496, 1.4256096933952491, 1791402420057796672, 
0.5411547422409058, 0.32413405179977417, 1.4532907383259581, 1791402420087408989, 
-0.30848634243011475, 0.3559587001800537, 1.453580771365113, 1791402420116686178, 
-0.13151687383651733, 0.514947772026062, 1.4065270878774812, 1791402420146642182, 
-0.17182111740112305, 0.20691561698913574, 1.427089073979186, 1791402420176646969, 
-0.11771464347839355, 0.3335878849029541, 1.3745424249214986, 1791402420207859591, 
-0.8694609999656677, 0.27480006217956543, 1.3480562730377974, 1791402420239666519, 
0.36060506105422974, 0.10470718145370483, 1.5731718185985488, 1791402420276577374, 
-0.4291413426399231, -0.2189388871192932, 1.501437700108486, 1791402420305536804, 
0.2157796025276184, 0.43085479736328125, 1.4033970320149263, 1791402420336405197, 
-0.16104626655578613, 0.6772364377975464, 1.357535927985925, 1791402420368304111, 
0.3865453004837036, 0.597653329372406, 1.4175473972982233, 1791402420398845130, 
0.04984688758850098, 0.4198382496833801, 1.5003443266739183, 1791402420436249448, 
0.016146719455718994, 0.18274641036987305, 1.395606571845298, 1791402420466209810, 
-0.16536474227905273, 0.2097874879837036, 1.4352813366331747, 1791402420495522604, 
-0.07504820823669434, 0.4973698854446411, 1.3000822787448245, 1791402420528134806, 
-0.46227508783340454, 0.19948315620422363, 1.441237518216758, 1791402420558110319, 
-0.21670293807983398, 0.4962119460105896, 1.5418144499272661, 1791402420596041095, 
-0.18470054864883423, 0.22998833656311035, 1.4434233793889424, 1791402420626001857, 
-0.27858299016952515, 0.11141699552536011, 1.4227491586590812, 1791402420656847491, 
-0.18744879961013794, -0.023056089878082275, 1.3598847978242372, 1791402420688476970, 
-0.1640375256538391, 0.6116332411766052, 1.5306812341355556, 1791402420715917400, 
-0.2381225824356079, 0.6285527944564819, 1.436394052497162, 1791402420745813549, 
0.036063551902770996, 0.12679624557495117, 1.418834434103953, 1791402420775810280, 
-0.26849156618118286, -0.05145001411437988, 1.3918516374605423, 1791402420805712829, 
-0.18921715021133423, 0.2633973956108093, 1.4207519242274111, 1791402420835787283, 
-0.3055726885795593, 0.5746564269065857, 1.4241345637363274, 1791402420865884175, 
-0.575524628162384, 0.6315205693244934, 1.4594441051403941, 1791402420895879258, 
0.14587926864624023, 0.3643336296081543, 1.3965977400022478, 1791402420928087779, 
-0.6172911524772644, 0.1556348204612732, 1.6093670011424845, 1791402420955622116, 
0.061670780181884766, -0.2517692446708679, 1.5299557717226737, 1791402420984522916, 
0.07572728395462036, 0.7085379958152771, 1.4252357278849397, 1791402421015494269, 
-0.07373172044754028, 0.42540085315704346, 1.4297407887040663, 1791402421045448993, 
-0.1619766354560852, 0.44328051805496216, 1.3948378596390882, 1791402421075441584, 
-0.19919425249099731, 0.06717914342880249, 1.4294228010591525, 1791402421105391661, 
-0.1333203911781311, 0.0019215941429138184, 1.3830137242502922, 1791402421136362698, 
-0.037747085094451904, 0.8520606160163879, 1.3637360338251068, 1791402421167913038, 
-0.4897581934928894, 0.5815112590789795, 1.6634692440746925, 1791402421194521038, 
0.6212237477302551, 0.18376046419143677, 1.45643844196488, 1791402421225363016, 
-0.5882260203361511, 0.5856236815452576, 1.467703541437905, 1791402421255140768, 
0.17628896236419678, 0.6601050496101379, 1.4370833684749857, 1791402421285122257, 
-0.2988031506538391, 0.07169675827026367, 1.4533843294021915, 1791402421315067811, 
0.3813040256500244, 0.027426481246948242, 1.4247292747472102, 1791402421345034469, 
-0.5143654942512512, 0.051577627658843994, 1.3903009722387925, 1791402421375921150, 
-0.0038695931434631348, 0.7006028890609741, 1.3570263076091136, 1791402421408005778, 
-0.303422749042511, 0.4533537030220032, 1.6187312641400058, 1791402421434939346, 
0.5860667824745178, 0.4025450348854065, 1.4651452454043017, 1791402421464852216, 
-0.291307270526886, 0.25638729333877563, 1.2716551723495964, 1791402421487955087, 
0.28625398874282837, -0.13329172134399414, 1.5920141939504795, 1791402421514801440, 
-0.5396596789360046, 0.2019355297088623, 1.4139903190371632, 1791402421544741840, 
0.11821115016937256, 0.506947934627533, 1.4234314424484917, 1791402421574742502, 
-0.45136767625808716, 0.24930447340011597, 1.421534216087642, 1791402421604695699, 
-0.10443276166915894, 0.4620327353477478, 1.4131709181733707, 1791402421634642791, 
-0.564357578754425, 0.35496973991394043, 1.4468331413961515, 1791402421664639901, 
-0.1133568286895752, 0.3559424877166748, 1.3814260384238581, 1791402421695936388, 
-0.21604210138320923, 0.3052594065666199, 1.3540511628460998, 1791402421727918973, 
0.14579391479492188, 0.559532880783081, 1.63448786434172, 1791402421754585526, 
-0.5593768954277039, 0.361794650554657, 1.453640849350482, 1791402421784458875, 
-0.16508716344833374, 0.1878930926322937, 1.449792601088768, 1791402421814394089, 
-0.32724928855895996, 0.3109782338142395, 1.4611083960546054, 1791402421844388253, 
0.15572476387023926, 0.13953447341918945, 1.4521127099390667, 1791402421874383109, 
-0.49039119482040405, 0.7075939178466797, 1.4648441243322774, 1791402421903785107, 
0.10121655464172363, 0.35410434007644653, 1.3653043567926004, 1791402421935227892, 
-0.2374773621559143, 0.15791422128677368, 1.3666468301392853, 1791402421966423804, 
0.049819886684417725, 0.7146454453468323, 1.520152223969637, 1791402421994162981, 
-0.513114869594574, -0.10580503940582275, 1.4209060403546498, 1791402422024080532, 
-0.2258630394935608, 0.3882061243057251, 1.450021760557204, 1791402422054091958, 
-0.15882885456085205, 0.5392791628837585, 1.457857979452907, 1791402422084035457, 
-0.45365726947784424, 0.1252056360244751, 1.4522487334522545, 1791402422114071830, 
-0.4047401547431946, 0.1936192512512207, 1.45309929441925, 1791402422143955669, 
0.04886054992675781, -0.05333054065704346, 1.327587263115742, 1791402422176246487, 
-0.0013783574104309082, 0.5582295656204224, 1.557252492946575, 1791402422203891099, 
0.026067078113555908, 0.791924238204956, 1.4436378457004873, 1791402422233920154, 
-0.2360880970954895, 0.06257647275924683, 1.4310184765481695, 1791402422263807478, 
-0.34901106357574463, -0.2579430937767029, 1.4354539573396332, 1791402422293898673, 
-0.08743149042129517, 0.6025485396385193, 1.4608065373046941, 1791402422323712529, 
-0.01114732027053833, 0.8049189448356628, 1.4367763694621793, 1791402422353741834, 
-0.7204585671424866, 0.460407018661499, 1.4296851086111937, 1791402422383957742, 
-0.015654563903808594, -0.09203988313674927, 1.3366696313207078, 1791402422416414520, 
-0.2994927763938904, -0.08490312099456787, 1.585292145255476, 1791402422443723181, 
-0.05691152811050415, 0.16489672660827637, 1.4619396798551472, 1791402422473622453, 
-0.23527199029922485, -0.08890777826309204, 1.4566826067111518, 1791402422503584947, 
0.1310543417930603, -0.19023746252059937, 1.4592254058881395, 1791402422533497698, 
-0.2906925082206726, 0.6013104915618896, 1.4153404154267077, 1791402422563473879, 
-0.20769399404525757, 0.6777097582817078, 1.4065679644133064, 1791402422593394386, 
-0.5860660672187805, 0.45625656843185425, 1.350994622528694, 1791402422624344039, 
0.42686140537261963, 0.24868041276931763, 1.301103937090154, 1791402422656258511, 
-0.3986389636993408, 0.13762784004211426, 1.55337410943701, 1791402422683274508, 
0.04042404890060425, 0.022385358810424805, 1.4247718487668035, 1791402422713215447, 
-0.27909260988235474, 0.7125654816627502, 1.4597270657543437, 1791402422743174456, 
0.025743186473846436, 0.6298491358757019, 1.4540520273533097, 1791402422773113694, 
-0.14030110836029053, 0.26346462965011597, 1.4413753244960998, 1791402422803266026, 
-0.12803703546524048, -0.030177652835845947, 1.4334082824999745, 1791402422833075726, 
-0.883920431137085, -0.03760230541229248, 1.3438272244400409, 1791402422864481915, 
0.48755109310150146, 0.6304168701171875, 1.3332343057755887, 1791402422896186343, 
-0.5276899337768555, 0.5389634966850281, 1.5756006259767574, 1791402422922946689, 
0.10148864984512329, 0.27567750215530396, 1.4087475967297696, 1791402422952894602, 
-0.14451080560684204, 0.3331562876701355, 1.4379604278855678, 1791402422982906237, 
-0.23051387071609497, -0.19308239221572876, 1.4187701369591859, 1791402423012920620, 
-0.512099027633667, 0.3126301169395447, 1.4259861417754867, 1791402423042919598, 
0.34407854080200195, 0.615007758140564, 1.4349266841416373, 1791402423072878353, 
-0.5256054401397705, 0.388172447681427, 1.3496181608255458, 1791402423104204708, 
0.09701454639434814, 0.05421555042266846, 1.3215124026338878, 1791402423136047951, 
-0.4206060767173767, 0.003445267677307129, 1.5735456516986805, 1791402423162905279, 
0.3173266053199768, 0.49651116132736206, 1.3934552426628022, 1791402423193214931, 
-0.5079243183135986, 0.7681915163993835, 1.437381616761894, 1791402423222750252, 
0.1580444574356079, 0.38820022344589233, 1.4242488168201366, 1791402423252778068, 
-0.40946751832962036, 0.19350391626358032, 1.4331915830313202, 1791402423282823098, 
0.06778883934020996, 0.12052547931671143, 1.437158633145098, 1791402423312706367, 
-0.49320024251937866, 0.3528279662132263, 1.379281535309912, 1791402423344074555, 
-0.025550484657287598, 0.4458494782447815, 1.4471440267713604, 1791402423374125252, 
-0.10055279731750488, 0.6792120933532715, 1.5019604228384589, 1791402423402690489, 
0.03312885761260986, 0.12940293550491333, 1.4178878485820292, 1791402423432679995, 
-0.08524924516677856, 0.013972342014312744, 1.427487284917233, 1791402423462661675, 
-0.1247713565826416, 0.5792413949966431, 1.3994063414854234, 1791402423492701839, 
-0.36234503984451294, 0.19805306196212769, 1.3931788935331177, 1791402423522683944, 
0.12276798486709595, 0.6583148241043091, 1.4008262384251022, 1791402423552707913, 
-0.18257266283035278, 0.5626493692398071, 1.3496653926161413, 1791402423584122231, 
0.09024173021316528, -0.24870425462722778, 1.4340710980829363, 1791402423614095236, 
-0.3073776364326477, -0.0699988603591919, 1.5445984170667928, 1791402423642660758, 
-0.339860737323761, 0.22441446781158447, 1.4430638087006273, 1791402423672666185, 
-0.05842107534408569, 0.563633382320404, 1.4367230426295758, 1791402423702644762, 
0.10210996866226196, 0.7050831317901611, 1.4503696504469263, 1791402423732633848, 
0.03875160217285156, 0.06773042678833008, 1.4410853115530038, 1791402423761998909, 
0.15413719415664673, 0.45623570680618286, 1.3644218637309373, 1791402423792642704, 
-0.5170684456825256, 0.5166226625442505, 1.3301334126925801, 1791402423824453495, 
0.19936209917068481, 0.266556978225708, 1.52051785189905, 1791402423851760841, 
-0.5632644891738892, 0.13839036226272583, 1.4003808607398425, 1791402423881691755, 
0.3780926465988159, 0.0529557466506958, 1.4275452254093948, 1791402423911613988, 
-0.6906567215919495, 0.1945866346359253, 1.437402860993638, 1791402423941607442, 
0.0013971328735351562, 0.2690771222114563, 1.4409716416616312, 1791402423971586353, 
-0.04825097322463989, 0.21107453107833862, 1.5028236464706617, 1791402424000520635, 
-0.3577417731285095, 0.2577669620513916, 1.3616265094212754, 1791402424032188395, 
-0.42132997512817383, 0.4104838967323303, 1.3295600034107848, 1791402424064076004, 
-0.05161005258560181, 0.12005388736724854, 1.6273835709704432, 1791402424090424790, 
0.20090597867965698, 0.19208014011383057, 1.4589762339910803, 1791402424119521783, 
0.14286309480667114, 0.6980297565460205, 1.3040425402637457, 1791402424151346654, 
-0.09226882457733154, 0.6405850648880005, 1.3979611617675256, 1791402424181324706, 
-0.24209648370742798, -0.1262519359588623, 1.4311008166430743, 1791402424211228316, 
-0.2763795852661133, 0.2610812783241272, 1.4518063820231466, 1791402424241247088, 
-0.07410722970962524, 0.5009412169456482, 1.3759490188918768, 1791402424272961061, 
-0.5894811153411865, 0.5324121713638306, 1.3947924653716748, 1791402424304331305, 
0.2553918957710266, 0.0680195689201355, 1.6043233252611746, 1791402424331125647, 
-0.3176966905593872, -0.15123534202575684, 1.4504365759392506, 1791402424361018216, 
0.27710312604904175, 0.3228069543838501, 1.458213999041359, 1791402424390955812, 
-0.29402703046798706, 0.6235948801040649, 1.4542038343799761, 1791402424420958891, 
-0.07559281587600708, 0.4933869242668152, 1.4586370551508312, 1791402424451031469, 
-0.05842632055282593, 0.46065694093704224, 1.4643032216798892, 1791402424480895043, 
-0.10706418752670288, -0.26368504762649536, 1.3437583820879841, 1791402424512203446, 
-0.4294280409812927, 0.24219447374343872, 1.3228713144932986, 1791402424544127046, 
0.2102895975112915, 0.44704967737197876, 1.6066059942447568, 1791402424570846984, 
-0.45021873712539673, 0.36395561695098877, 1.4351180243093313, 1791402424600719076, 
-0.01064157485961914, 0.13932889699935913, 1.4488148927865154, 1791402424630708468, 
-0.2700815200805664, -0.1074373722076416, 1.4625526194374692, 1791402424660669379, 
0.029412388801574707, 0.8333674669265747, 1.4395126582193158, 1791402424690582268, 
-0.12985998392105103, 0.6622222661972046, 1.4490680712021915, 1791402424720689835, 
0.038126349449157715, 0.01257944107055664, 1.3689267769189426, 1791402424752201517, 
-0.6654976606369019, 0.058628618717193604, 1.3632638354586148, 1791402424783025080, 
-0.09763771295547485, 0.1651909351348877, 1.5341520419830814, 1791402424810503704, 
-0.10752004384994507, 0.40395891666412354, 1.4684663540533793, 1791402424839443759, 
-0.30127084255218506, 0.5981807708740234, 1.3551952614781144, 1791402424870364002, 
-0.20390236377716064, 0.3361093997955322, 1.4321819998644487, 1791402424900331751, 
-0.4330383539199829, -0.045877814292907715, 1.460473206670017, 1791402424930324454, 
-0.13789594173431396, 0.10543817281723022, 1.440657446344569, 1791402424960723307, 
0.17290741205215454, 0.8789318203926086, 1.388101694549656, 1791402424992173830, 
-0.44983869791030884, 0.29729658365249634, 1.4362330268494858, 1791402425022208317, 
0.43004918098449707, 0.2676466703414917, 1.5140735460366292, 1791402425050260558, 
-0.5866395235061646, 0.6149796843528748, 1.3814588159746173, 1791402425080260154, 
-0.040034711360931396, 0.31483542919158936, 1.3836054867417593, 1791402425110071491, 
-0.3043747544288635, 0.3320487141609192, 1.3969746400155076, 1791402425140015094, 
0.05742049217224121, 0.6960189938545227, 1.428906431188997, 1791402425169932474, 
-0.28586524724960327, 0.06169337034225464, 1.4487758433790103, 1791402425200382635, 
0.020400285720825195, 0.2388463020324707, 1.3627302726446893, 1791402425232934522, 
-0.5347982048988342, 0.5481957793235779, 1.6245425448455568, 1791402425259875242, 
0.5571182370185852, 0.6162639856338501, 1.4786592207602147, 1791402425289822653, 
-0.44384366273880005, -0.014114856719970703, 1.4474270626998857, 1791402425319811091, 
0.024103403091430664, -0.26366209983825684, 1.402690282519018, 1791402425349734927, 
-0.39542603492736816, 0.28544753789901733, 1.4158921357828311, 1791402425379739772, 
0.2601686120033264, 0.7117457985877991, 1.4274455113605629, 1791402425409715591, 
-0.4505799412727356, 0.4724569320678711, 1.4012440134879476, 1791402425440365507, 
-0.14008009433746338, 0.3506288528442383, 1.3659746096208631, 1791402425472199637, 
-0.5871741771697998, -0.3705529570579529, 1.5794924361399436, 1791402425499630049, 
0.291443407535553, 0.4825579524040222, 1.4678947993725422, 1791402425529487835, 
-0.11301690340042114, 0.5231097340583801, 1.4825599471796613, 1791402425559465681, 
0.10931605100631714, 0.2273051142692566, 1.4642650799385724, 1791402425589375461, 
-0.2474713921546936, 0.16305434703826904, 1.4408310634822852, 1791402425619355363, 
-0.02174854278564453, -0.026446938514709473, 1.441244183809952, 1791402425649315725, 
0.20540261268615723, 0.47832393646240234, 1.3354010687052367, 1791402425681066630, 
-0.27725642919540405, 0.7782149314880371, 1.3661652895610457, 1791402425712169984, 
-0.5925461053848267, 0.32103151082992554, 1.5734399182594698, 1791402425739288235, 
0.21528613567352295, 0.15583008527755737, 1.450253530962451, 1791402425769146881, 
-0.5492067337036133, 0.33468860387802124, 1.4533592081854625, 1791402425799100063, 
0.21695923805236816, 0.2875111699104309, 1.4405388221106774, 1791402425829051001, 
-0.5680680871009827, 0.22045457363128662, 1.4521675659035462, 1791402425858996016, 
0.474828839302063, 0.47419899702072144, 1.436117003237914, 1791402425889168588, 
-0.6169727444648743, 0.3204392194747925, 1.3760786412053714, 1791402425920418062, 
0.008753538131713867, -0.1116371750831604, 1.3423365545126078, 1791402425952257434, 
-0.5752449631690979, 0.5505081415176392, 1.5891750467569408, 1791402425978929267, 
0.36265385150909424, 0.45322203636169434, 1.3786232303701769, 1791402426008872160, 
-0.3420981764793396, 0.47779035568237305, 1.4118128912411119, 1791402426038782886, 
0.2664910554885864, 0.07631242275238037, 1.4360059456660261, 1791402426068757449, 
-0.5655440092086792, -0.021664917469024658, 1.4385584596490661, 1791402426098990578, 
0.22571098804473877, 0.4333701729774475, 1.4709373574955158, 1791402426128839655, 
-0.35314977169036865, 0.19751042127609253, 1.3701146586814392, 1791402426160484990, 
0.16781830787658691, 0.36356043815612793, 1.3639536347069288, 1791402426191505671, 
-0.8342086672782898, 0.5348999500274658, 1.5740358249716746, 1791402426218637874, 
0.4527015686035156, -0.13130581378936768, 1.4880045429245299, 1791402426247527720, 
-0.4949430227279663, 0.02389436960220337, 1.4250942660898422, 1791402426277471646, 
0.2413945198059082, 0.6798970103263855, 1.4337781487390644, 1791402426307562377, 
-0.15612870454788208, -0.2072543501853943, 1.407760530394418, 1791402426338681408, 
0.0849602222442627, 0.2340148687362671, 1.5145823763721016, 1791402426367567681, 
0.18833833932876587, 0.48164641857147217, 1.3152098819310993, 1791402426400405585, 
-0.09179282188415527, 0.3333960771560669, 1.519553720825481, 1791402426428365863, 
0.17399704456329346, 0.7052496075630188, 1.4510273918479815, 1791402426458210441, 
0.36843931674957275, -0.020690441131591797, 1.4428081218179216, 1791402426488189391, 
-0.2181604504585266, -0.0075187087059021, 1.4472403734759742, 1791402426518187296, 
0.06990677118301392, 0.5846621990203857, 1.4238488139183085, 1791402426548141703, 
-0.041602134704589844, 0.5965338945388794, 1.3986673697638734, 1791402426578315916, 
0.09231185913085938, 0.30802375078201294, 1.4230468177811249, 1791402426608207730, 
-0.3826841711997986, -0.0568469762802124, 1.2940096391093683, 1791402426640915682, 
-0.17574715614318848, 0.4203975796699524, 1.5726012426379845, 1791402426667980719, 
-0.08999115228652954, 0.7370398640632629, 1.4505894109440334, 1791402426697893493, 
0.2666417956352234, 0.7574173808097839, 1.4470884060142144, 1791402426727921396, 
-0.6499030590057373, 0.11081069707870483, 1.4616279745780825, 1791402426757847638, 
0.34509027004241943, -0.045571744441986084, 1.4964144860489224, 1791402426787837259, 
-0.0034111738204956055, 0.38086938858032227, 1.4901783400707944, 1791402426817785341, 
0.13457763195037842, 0.47854840755462646, 1.414949796428366, 1791402426848570055, 
-0.06674617528915405, 0.5288591980934143, 1.3847166188305415, 1791402426880367368, 
-0.16052240133285522, -0.029713034629821777, 1.58158997101938, 1791402426907734307, 
-0.3345021605491638, 0.09567505121231079, 1.4025090489456697, 1791402426937638779, 
0.6759931445121765, 0.9387367963790894, 1.4659659140804544, 1791402426966527936, 
-0.6658202409744263, 0.2503977417945862, 1.4523399218345727, 1791402426995528266, 
0.20798224210739136, 0.6381934881210327, 1.3642619207519826, 1791402427026499465, 
-0.3302772045135498, 0.22828352451324463, 1.4040289918069582, 1791402427057408956, 
0.44959741830825806, -0.3857536315917969, 1.3930194362510007, 1791402427088626290, 
-0.21474790573120117, 0.5902093648910522, 1.3696263627267011, 1791402427120354697, 
-0.09661710262298584, 0.5381498336791992, 1.6011648778570355, 1791402427147425069, 
-0.005989789962768555, 0.11901122331619263, 1.4487683400743683, 1791402427177254201, 
0.2749941349029541, 0.5127019882202148, 1.413917867424658, 1791402427207304441, 
-0.5831753015518188, -0.023404300212860107, 1.4273549703349961, 1791402427237192273, 
-0.05440390110015869, 0.13192707300186157, 1.4524847228008464, 1791402427267136338, 
-0.0448572039604187, 0.9553629159927368, 1.4521783039113694, 1791402427297220133, 
0.09606325626373291, 0.6957042217254639, 1.4362962537905875, 1791402427328242825, 
-0.24005764722824097, -0.004164576530456543, 1.4390623401255858, 1791402427359537690, 
0.00858217477798462, 0.6947872042655945, 1.5688693495293404, 1791402427396997124, 
0.13042950630187988, 0.46749985218048096, 1.4916360051183803, 1791402427426967867, 
-0.2527369260787964, 0.3768114447593689, 1.452574113032073, 1791402427456945345, 
-0.06547999382019043, -0.32911694049835205, 1.338436889989199, 1791402427488216408, 
-0.3576221466064453, 0.41537290811538696, 1.3630179307003099, 1791402427519821172, 
0.02118760347366333, 0.7101966142654419, 1.6085730284840316, 1791402427546817652, 
-0.34702610969543457, 0.2761646509170532, 1.4402832625808415, 1791402427576824173, 
-0.12909966707229614, -0.07004553079605103, 1.473956664567061, 1791402427606898239, 
-0.7809740900993347, 0.6073686480522156, 1.4991902864623943, 1791402427636826951, 
0.5294418334960938, 0.15511471033096313, 1.4526279889507399, 1791402427666802853, 
-0.4290119409561157, 0.08450376987457275, 1.4611541654195308, 1791402427696645766, 
0.10342717170715332, -0.2074909806251526, 1.4030954152132176, 1791402427727660145, 
-0.2777767777442932, 0.3820040225982666, 1.3908700254022173, 1791402427758625316, 
0.20672672986984253, 0.18043947219848633, 1.5216940431677304, 1791402427796464249, 
-0.2902407646179199, -0.15122926235198975, 1.4316967641060205, 1791402427826433386, 
-0.07783359289169312, 0.47945863008499146, 1.4077075695547143, 1791402427856704974, 
0.07584798336029053, 0.6317926645278931, 1.358529241369069, 1791402427888269613, 
0.28298699855804443, 0.637945830821991, 1.5262162872700444, 1791402427916701144, 
-0.6265862584114075, 0.566404402256012, 1.4753777671480832, 1791402427946241803, 
-0.0891837477684021, -0.34829020500183105, 1.4729936642399712, 1791402427976210251, 
-0.027481675148010254, 0.41420477628707886, 1.4820922017449671, 1791402428006225795, 
0.13994204998016357, 0.8402995467185974, 1.4280584903705063, 1791402428036096297, 
-0.531412661075592, 0.04882019758224487, 1.4028977776251812, 1791402428066236681, 
-0.1506561040878296, -0.10880690813064575, 1.4341971177208905, 1791402428096323001, 
0.0020525455474853516, -0.15790539979934692, 1.3390940433818295, 1791402428128377265, 
0.4457111358642578, 0.824763298034668, 1.556445870769249, 1791402428156069401, 
-0.3479747772216797, 0.8948180675506592, 1.4696838823173468, 1791402428185960133, 
-0.045380473136901855, 0.2215632200241089, 1.4294997681237975, 1791402428215910406, 
-0.4231412410736084, -0.2467309832572937, 1.4225412780834032, 1791402428245931669, 
0.15516269207000732, 0.2998166084289551, 1.4597726846485362, 1791402428275855525, 
-0.17735940217971802, 0.5132769346237183, 1.4473942456737112, 1791402428305820125, 
-0.2753136157989502, 0.5567444562911987, 1.44220065047697, 1791402428336268421, 
0.3955041766166687, 0.3840875029563904, 1.3523140167647936, 1791402428368931468, 
0.2094109058380127, 0.0473063588142395, 1.6057064239100274, 1791402428395718481, 
-0.4756929278373718, 0.0882033109664917, 1.471590588217144, 1791402428424620395, 
0.3632426857948303, 0.8511569499969482, 1.4358925801439417, 1791402428454529006, 
-0.4093417525291443, 0.28086942434310913, 1.4271671076609629, 1791402428484545162, 
0.2979016900062561, 0.4033249616622925, 1.3872962200340553, 1791402428515481971, 
-0.12380856275558472, 0.27966415882110596, 1.4606691050450886, 1791402428545436443, 
-0.14605247974395752, -0.0694015622138977, 1.3957243899984866, 1791402428576269860, 
0.02806878089904785, 0.7912859320640564, 1.328883483480567, 1791402428608309647, 
0.1097191572189331, 0.6909347176551819, 1.592164743221866, 1791402428635360051, 
0.1687033772468567, -0.11813801527023315, 1.450912337237712, 1791402428665282592, 
0.16642463207244873, 0.18107950687408447, 1.4587855841109394, 1791402428695296195, 
-0.07697463035583496, 0.18117189407348633, 1.4506606780102926, 1791402428725250914, 
0.21889179944992065, 0.47411638498306274, 1.457105491948905, 1791402428755133336, 
-0.1019676923751831, 0.6137464642524719, 1.4450480298177504, 1791402428785207399, 
-0.22001081705093384, -0.04784822463989258, 1.3492229434415695, 1791402428816953354, 
-0.004559636116027832, -0.09407162666320801, 1.3588394760456664, 1791402428848300487, 
0.37147700786590576, 0.5422970652580261, 1.5923379312947141, 1791402428875168698, 
-0.2564260959625244, 0.2567439675331116, 1.4272213573798083, 1791402428905204537, 
-0.09814321994781494, 0.3725564479827881, 1.4404352610626823, 1791402428935105009, 
-0.20241469144821167, -0.07090890407562256, 1.4455675375375958, 1791402428964903246, 
-0.0780072808265686, 0.5947253108024597, 1.464589188190098, 1791402428994879283, 
0.20297986268997192, 0.40563106536865234, 1.4617315148699612, 1791402429024866785, 
0.018323242664337158, 0.06432175636291504, 1.3432790248832942, 1791402429056575818, 
0.04694533348083496, -0.0769466757774353, 1.4048889697389084, 1791402429086526178, 
-0.2334851622581482, 0.015054166316986084, 1.5130817202973055, 1791402429114751801, 
-0.38504278659820557, 0.9548251628875732, 1.4111352100844656, 1791402429144634832, 
-0.1849493384361267, 0.8384964466094971, 1.3898773116395986, 1791402429174615763, 
-0.08668267726898193, -0.26382535696029663, 1.4076119090258308, 1791402429204575466, 
-0.29305678606033325, -0.002897322177886963, 1.4456294858198244, 1791402429234511096, 
-0.06338703632354736, 0.6508532762527466, 1.445730376335825, 1791402429264985500, 
0.31193041801452637, 0.39176875352859497, 1.4020533171341216, 1791402429296303255, 
0.05415821075439453, 0.3677130937576294, 1.4632300697740463, 1791402429326426313, 
-0.2815934419631958, 0.4595823884010315, 1.5673780685058072, 1791402429354366134, 
-0.2721983790397644, 0.033351361751556396, 1.4249425266630844, 1791402429384342579, 
0.24116730690002441, 0.08953678607940674, 1.2751081956015704, 1791402429406415365, 
0.09879410266876221, 0.8946241736412048, 1.4880718880000405, 1791402429444224604, 
-0.3248940110206604, 0.5276852250099182, 1.420765885343476, 1791402429474245003, 
0.11568641662597656, 0.2810191512107849, 1.4307302798854458, 1791402429504356064, 
0.011351525783538818, 0.20995885133743286, 1.361001557500932, 1791402429536338682, 
-0.018554389476776123, -0.035014450550079346, 1.58118226854619, 1791402429564139187, 
-0.02183741331100464, 0.7146353721618652, 1.4985795011028775, 1791402429594197222, 
-0.4509196877479553, 0.8181499242782593, 1.4813157918632858, 1791402429624030607, 
-0.040660858154296875, -0.06661206483840942, 1.4653142835084236, 1791402429653972334, 
-0.18067854642868042, -0.13305878639221191, 1.4593056911162383, 1791402429683953189, 
-0.060061633586883545, 0.013044655323028564, 1.4011354442669315, 1791402429713958948, 
-0.03850322961807251, 0.5851236581802368, 1.385076506599869, 1791402429744370920, 
0.3235052227973938, 0.6461485624313354, 1.3312558774590366, 1791402429777030321, 
-0.1952885389328003, 0.03695935010910034, 1.6143237339000023, 1791402429803830228, 
-0.5954867005348206, 0.08855611085891724, 1.466362290973572, 1791402429833726769, 
0.16421878337860107, 0.3442646861076355, 1.4824637569098136, 1791402429863687550, 
-0.42919909954071045, 0.4075571298599243, 1.4958506851351383, 1791402429892686600, 
0.17839711904525757, 0.29034215211868286, 1.3786896241883748, 1791402429923599398, 
-0.06972873210906982, 0.03310561180114746, 1.4237891771212443, 1791402429953614333, 
-0.12140226364135742, 0.24674153327941895, 1.3881630689085154, 1791402429984389718, 
0.23483192920684814, 0.52826327085495, 1.325518102819815, 1791402430016368036, 
0.04378807544708252, 0.32809901237487793, 1.5810627914006483, 1791402430043472405, 
-0.2539401054382324, 0.451574444770813, 1.4150998308476006, 1791402430073502700, 
-0.2680622339248657, 0.3229530453681946, 1.3980252464549239, 1791402430103420563, 
-0.03216022253036499, 0.5254782438278198, 1.4224029096419488, 1791402430133334596, 
-0.3091754913330078, 0.16323494911193848, 1.4370784279482476, 1791402430163410404, 
-0.28892338275909424, 0.31652742624282837, 1.4299687579250628, 1791402430193642879, 
-0.18184518814086914, -0.16217762231826782, 1.3885095296654266, 1791402430224798431, 
-0.02722984552383423, 0.20137494802474976, 1.3533174320307368, 1791402430255926994, 
-0.2167765498161316, 0.29150503873825073, 1.4981339725453269, 1791402430283474947, 
-0.3029017448425293, 0.4825487732887268, 1.4188700811474497, 1791402430313330545, 
-0.013574600219726562, 0.38223761320114136, 1.402447576332966, 1791402430343319796, 
-0.5801661014556885, 0.19461476802825928, 1.3977113043588283, 1791402430373320358, 
-0.1712746024131775, -0.038385748863220215, 1.4500424047989842, 1791402430403231062, 
-0.0839415192604065, 0.7365010380744934, 1.458013765850236, 1791402430433227082, 
-0.2114018201828003, 0.5147396326065063, 1.3661884354471774, 1791402430464723691, 
-0.020158469676971436, 0.6276255249977112, 1.4106572570270717, 1791402430495843222, 
0.020633339881896973, 0.034837186336517334, 1.610320423118208, 1791402430523106567, 
-0.47205430269241333, -0.13777083158493042, 1.4031526329106758, 1791402430553069877, 
0.4483219385147095, 0.5424496531486511, 1.4071981955431816, 1791402430583134001, 
-0.5014666318893433, 0.2980095148086548, 1.4234543797483328, 1791402430613077635, 
0.42033010721206665, 0.4071959853172302, 1.3996956222771366, 1791402430643074058, 
-0.40681010484695435, 0.49884527921676636, 1.437087156922826, 1791402430673116137, 
-0.027359366416931152, -0.13889718055725098, 1.3584064116363412, 1791402430704671144, 
0.08850681781768799, 0.10585004091262817, 1.4112070432945074, 1791402430734871691, 
0.1311955451965332, 0.5835646390914917, 1.5231047229018826, 1791402430763087866, 
-0.02190607786178589, 0.6910943984985352, 1.4410191827471308, 1791402430793034073, 
-0.19812732934951782, 0.3938264846801758, 1.4191108289777705, 1791402430822983039, 
0.062208712100982666, 0.11037111282348633, 1.4372667867267674, 1791402430852958224, 
-0.5135444402694702, -0.08178681135177612, 1.4218967547237322, 1791402430883111852, 
-0.11794501543045044, 0.2300754189491272, 1.4096047625303487, 1791402430913038306, 
0.08877193927764893, 0.8451095223426819, 1.311062010350483, 1791402430944725283, 
-0.18940937519073486, 0.37519222497940063, 1.5326970750336253, 1791402430972309065, 
-0.06030130386352539, 0.08662760257720947, 1.395780660598295, 1791402431002611460, 
-0.17447936534881592, 0.4471454620361328, 1.4393803756194, 1791402431032148324, 
-0.3569362759590149, 0.45774561166763306, 1.406201574238853, 1791402431062222303, 
0.056138455867767334, 0.6097440719604492, 1.3829930570795346, 1791402431092120165, 
-0.16004234552383423, 0.5346893072128296, 1.3836789996285594, 1791402431122281049, 
0.011128067970275879, -0.033577144145965576, 1.4399187192608254, 1791402431152515468, 
-0.21210962533950806, 0.23736220598220825, 1.331373381819486, 1791402431185020574, 
0.17887753248214722, 0.07257676124572754, 1.5764513722260134, 1791402431211981940, 
0.234208345413208, 0.39778804779052734, 1.4406911556708548, 1791402431241899318, 
0.08590090274810791, 0.620320737361908, 1.4334803773548284, 1791402431271893422, 
-0.45890140533447266, 0.3131147623062134, 1.391066631404049, 1791402431301829468, 
-0.03788924217224121, 0.03904908895492554, 1.4637413354417907, 1791402431330732336, 
0.046933114528656006, 0.3048516511917114, 1.3696668188398298, 1791402431361780697, 
-0.03807026147842407, 0.4456202983856201, 1.3872755023181833, 1791402431392718062, 
-0.35026711225509644, 0.5361272692680359, 1.3620816570069703, 1791402431424506643, 
0.3017932176589966, 0.03932678699493408, 1.5671761722525517, 1791402431451831150, 
-0.17222964763641357, 0.3984493613243103, 1.4318531512607737, 1791402431481895013, 
-0.21808403730392456, 0.6673241257667542, 1.4579846599276756, 1791402431511712190, 
-0.16778022050857544, 0.2173166275024414, 1.4355363926851081, 1791402431541482746, 
-0.3242332339286804, 0.20427370071411133, 1.3910685903539832, 1791402431571474522, 
-0.4348897933959961, -0.2680319547653198, 1.3956031436371743, 1791402431601429296, 
0.1691463589668274, 0.42963457107543945, 1.3431201765483665, 1791402431632973269, 
-0.3562522530555725, 1.0164309740066528, 1.41015734744595, 1791402431663561065, 
0.22307902574539185, 0.5975512862205505, 1.5688228942470717, 1791402431691329980, 
-0.4430263042449951, -0.23871374130249023, 1.4830878992025316, 1791402431721223703, 
-0.25978928804397583, 0.1740272045135498, 1.4846546350361554, 1791402431751235789, 
0.21034151315689087, 0.47412121295928955, 1.456048145504963, 1791402431781169812, 
-0.3788384795188904, 0.37928497791290283, 1.4583737480280383, 1791402431811296803, 
0.5910553336143494, 0.5151840448379517, 1.4416519728672552, 1791402431841104170, 
-0.6192015409469604, 0.42933160066604614, 1.3060528273445529, 1791402431872948623, 
-0.055778443813323975, -0.10851466655731201, 1.3723011283035862, 1791402431904064992, 
0.34810537099838257, 0.69764244556427, 1.6036476099180457, 1791402431931068605, 
-0.11019790172576904, 0.3266948461532593, 1.4453382020876753, 1791402431960968936, 
-0.07769310474395752, 0.5963193774223328, 1.4598881895131703, 1791402431990894395, 
-0.08592665195465088, 0.16384172439575195, 1.441798395005938, 1791402432020846199, 
-0.4439621567726135, -0.19419461488723755, 1.43827310357228, 1791402432050866340, 
0.5211233496665955, 0.7155467867851257, 1.4453189277698095, 1791402432081066035, 
-0.22512173652648926, 0.5665116906166077, 1.39318512642189, 1791402432111556776, 
0.16835463047027588, 0.08448159694671631, 1.3276187669608777, 1791402432143054300, 
0.03781545162200928, 0.2632564306259155, 1.5400566749248323, 1791402432170802988, 
0.29739129543304443, -0.09227991104125977, 1.427689023741028, 1791402432200584331, 
-0.6470438838005066, 0.445592999458313, 1.475128901974485, 1791402432229542096, 
0.22415995597839355, 0.9097683429718018, 1.4051630259103096, 1791402432260568157, 
-0.17979484796524048, 0.41284626722335815, 1.4666026766589304, 1791402432290474040, 
-0.3400910496711731, 0.168415367603302, 1.4471802068583148, 1791402432320580687, 
0.06170445680618286, 0.3143389821052551, 1.4226526743378163, 1791402432351538146, 
-0.2095828652381897, 0.17658567428588867, 1.5114113990656328, 1791402432380497310, 
0.17825496196746826, 0.26438039541244507, 1.436641798561865, 1791402432410296040, 
0.28895366191864014, 0.32215553522109985, 1.3979516440486333, 1791402432440329775, 
-0.4967646598815918, 0.36939507722854614, 1.4120374578880976, 1791402432470287596, 
0.28970372676849365, 0.2043139934539795, 1.3992724175456288, 1791402432500253194, 
-0.26742517948150635, 0.17502456903457642, 1.4079320825507697, 1791402432530190256, 
-0.07949542999267578, 0.33217692375183105, 1.4081104418946926, 1791402432560827757, 
0.4351457953453064, 0.9534074068069458, 1.355967303632131, 1791402432593006335, 
-0.5353131294250488, 0.5742301344871521, 1.5952115571707968, 1791402432620154154, 
0.48148655891418457, -0.4303629994392395, 1.44675551362607, 1791402432650010753, 
0.13919609785079956, 0.11675798892974854, 1.420678288880461, 1791402432680025771, 
-0.3138466477394104, 0.6971158981323242, 1.4179648872174335, 1791402432709934524, 
-0.18585139513015747, 0.6736131906509399, 1.4445568306169065, 1791402432739998871, 
-0.28642767667770386, 0.251034677028656, 1.4478834083765533, 1791402432770123747, 
-0.3955981135368347, 0.340146541595459, 1.4121894196910465, 1791402432800919994, 
0.023733854293823242, 0.735202431678772, 1.380420822210763, 1791402432832680756, 
-0.14235198497772217, 0.3133559823036194, 1.6013363756094465, 1791402432859824836, 
-0.4741520285606384, -0.010880529880523682, 1.4270080949517736, 1791402432889792243, 
0.057121217250823975, 0.4472547769546509, 1.4394596692913324, 1791402432919721893, 
-0.373602032661438, 0.04728901386260986, 1.4413837717191151, 1791402432949658437, 
-0.17158812284469604, 0.47181373834609985, 1.4421776137024687, 1791402432979666780, 
-0.19967889785766602, 0.5063510537147522, 1.4934811839937643, 1791402433008590862, 
-0.12549209594726562, -0.10158276557922363, 1.3129929009055687, 1791402433041145791, 
-0.1934511661529541, 0.30327290296554565, 1.3364582217829577, 1791402433073163807, 
0.014578104019165039, 0.31232547760009766, 1.6394975242502179, 1791402433099429520, 
-0.14006131887435913, 0.17082971334457397, 1.4271709417176173, 1791402433129329872, 
-0.2325533628463745, 0.21357351541519165, 1.421825568799359, 1791402433159380563, 
-0.26546603441238403, -0.12731146812438965, 1.4444397684643182, 1791402433189285681, 
-0.2541965842247009, 0.2551494836807251, 1.452168282090575, 1791402433219280051, 
-0.13577932119369507, 0.8929571509361267, 1.438369695066984, 1791402433249243663, 
-0.08066713809967041, 0.5154497027397156, 1.3846086014251555, 1791402433280670303, 
0.06952106952667236, 0.08579665422439575, 1.395782495088167, 1791402433312362037, 
-0.11196780204772949, 0.16267436742782593, 1.599741443789704, 1791402433339131831, 
-0.46326345205307007, 0.22931408882141113, 1.4131078720906853, 1791402433369063026, 
-0.3095462918281555, 0.08280110359191895, 1.4395006749762143, 1791402433399004794, 
0.21846014261245728, 0.5471434593200684, 1.4227341717572208, 1791402433428969891, 
-0.3084237575531006, 0.24418485164642334, 1.410916096451752, 1791402433458980106, 
0.24791312217712402, 0.2290247082710266, 1.443564275682412, 1791402433488236681, 
-0.4000236392021179, 0.3617126941680908, 1.3278853427238981, 1791402433519893910, 
-0.2784646153450012, 0.18782246112823486, 1.3657942005897477, 1791402433551029371, 
0.2699761986732483, 0.6846297979354858, 1.5755012263634216, 1791402433578879246, 
-0.22845220565795898, 0.7790627479553223, 1.464983121395757, 1791402433608690227, 
0.1646137237548828, -0.34788239002227783, 1.4534394842601952, 1791402433638715815, 
-0.1570999026298523, 0.0390089750289917, 1.481472383875339, 1791402433668698941, 
0.08602875471115112, 0.4334886074066162, 1.4470334600758712, 1791402433698603307, 
-0.20418000221252441, 0.8102962970733643, 1.4042125895668551, 1791402433729096413, 
-0.06936466693878174, 0.3443183898925781, 1.3456350486450033, 1791402433761121827, 
-0.21892917156219482, -0.18670803308486938, 1.61352643331784, 1791402433787559838, 
0.21405833959579468, 0.2777745723724365, 1.3628434342519822, 1791402433818473727, 
0.022697746753692627, 0.37332725524902344, 1.4330963690299952, 1791402433848421638, 
-0.3258008360862732, 0.3486126661300659, 1.4342165541508283, 1791402433878400715, 
-0.4597986936569214, 0.5697469115257263, 1.4569617890942335, 1791402433908389329, 
0.17069649696350098, -0.18732982873916626, 1.4731703591927103, 1791402433938351894, 
-0.3737902045249939, 0.10509932041168213, 1.436459891116949, 1791402433968940413, 
0.2702908515930176, 0.45436984300613403, 1.3212622034035393, 1791402434001247208, 
-0.17948967218399048, 0.4949750304222107, 1.576853017920092, 1791402434028328898, 
-0.05575472116470337, 0.39963680505752563, 1.4023272213125608, 1791402434058459767, 
-1.131561279296875, 0.15913230180740356, 1.4215453315434645, 1791402434088149832, 
0.7150636315345764, 0.39577311277389526, 1.4579444450158414, 1791402434118096226, 
-0.5087081789970398, 0.4375622272491455, 1.4896023329480856, 1791402434148216914, 
0.1037372350692749, -0.06167656183242798, 1.480437728058322, 1791402434177969456, 
-0.3778637647628784, 0.01594412326812744, 1.504057848831485, 1791402434207585955, 
0.5685227513313293, 0.6395614147186279, 1.363477950684112, 1791402434240207709, 
-0.33450424671173096, 0.6350496411323547, 1.484834175722294, 1791402434268953405, 
-0.33634281158447266, 0.2868419289588928, 1.459452586862187, 1791402434298420191, 
-0.4379754066467285, 0.2243882417678833, 1.4677159967507951, 1791402434327789720, 
0.2862051725387573, 0.25790125131607056, 1.4232094090297644, 1791402434357745099, 
-0.4577452540397644, 0.3052828311920166, 1.4417498161194857, 1791402434387708196, 
0.4414081573486328, 0.36391735076904297, 1.4329488246498525, 1791402434417702744, 
-0.6864299774169922, 0.26688021421432495, 1.3700250543731103, 1791402434449051685, 
0.40575486421585083, 0.32383882999420166, 1.3793784949590004, 1791402434480866387, 
-0.37674909830093384, 0.3566610813140869, 1.6425431592093465, 1791402434507873245, 
-0.1510820984840393, 0.28668999671936035, 1.5174046412690014, 1791402434536530784, 
-0.6012813448905945, 0.5292214751243591, 1.408206616598357, 1791402434567479825, 
0.9101312160491943, 0.6565020084381104, 1.452569606963748, 1791402434597395127, 
-0.42304229736328125, -0.051564693450927734, 1.4337492132282723, 1791402434627388367, 
0.3894287347793579, 0.28005456924438477, 1.4198967933657831, 1791402434657446199, 
-0.46322399377822876, 0.5565531253814697, 1.3704244363604425, 1791402434688654175, 
0.003186047077178955, 0.6564128994941711, 1.3666242476904076, 1791402434719945554, 
-0.28462374210357666, 0.5364534258842468, 1.553517901499133, 1791402434757219902, 
0.04899245500564575, 0.2247016429901123, 1.4455531251511102, 1791402434787138293, 
-0.061726272106170654, 0.3939727544784546, 1.4329089146436236, 1791402434817188574, 
-0.4416826367378235, 0.3213748335838318, 1.3828844628678145, 1791402434848628656, 
-0.11304831504821777, 0.02202129364013672, 1.4293628838894392, 1791402434879063129, 
0.30155640840530396, 0.6019116044044495, 1.5385688087649017, 1791402434907063517, 
-0.027342915534973145, 0.4531402587890625, 1.4996000278819435, 1791402434935986488, 
0.2528405785560608, 0.25787651538848877, 1.2506750438030483, 1791402434959206541, 
-0.14591169357299805, 0.2163565754890442, 1.505928152347798, 1791402434996864737, 
-0.13053786754608154, -0.19652003049850464, 1.3986403793416375, 1791402435026829789, 
0.13751929998397827, 0.4932239055633545, 1.4205199326332423, 1791402435056843207, 
-0.19445395469665527, 0.6170737743377686, 1.3281610957831724, 1791402435089508189, 
-0.3034133315086365, 0.4353429675102234, 1.5961375882232771, 1791402435116786367, 
-0.07194781303405762, 0.32649242877960205, 1.4748197984217286, 1791402435146727175, 
0.1000065803527832, -0.3200213313102722, 1.4704176610229212, 1791402435176618407, 
-0.3474629521369934, 0.45276910066604614, 1.4361187944996745, 1791402435206614054, 
0.5259530544281006, 0.9017685651779175, 1.4474039822447617, 1791402435236575001, 
-0.5687752962112427, 0.14162570238113403, 1.4936260434817639, 1791402435265560509, 
-0.23780673742294312, 0.10569262504577637, 1.3843190273485975, 1791402435296702644, 
0.1641547679901123, 0.5388184785842896, 1.337565245137122, 1791402435328675244, 
-0.2317819595336914, 0.5293628573417664, 1.5077437486940974, 1791402435356691673, 
-0.15432453155517578, 0.4958806037902832, 1.4102626971926513, 1791402435386371452, 
-0.2452375292778015, -0.24394160509109497, 1.4265931623186512, 1791402435416368202, 
-0.17866122722625732, 0.5338715314865112, 1.4726353419876839, 1791402435446271917, 
0.04185914993286133, 0.6769080758094788, 1.4666540145495826, 1791402435476228757, 
0.06815695762634277, 0.38045984506607056, 1.4554474727325812, 1791402435506236814, 
-0.013462245464324951, -0.016758501529693604, 1.3941924185435985, 1791402435537825521, 
-0.4478146433830261, -0.18519526720046997, 1.400176822160187, 1791402435568821769, 
0.3454338312149048, 0.6198352575302124, 1.5516586796810588, 1791402435596147507, 
-0.2927579879760742, 0.7888862490653992, 1.4476462095719833, 1791402435626057643, 
-0.06094181537628174, 0.3689139485359192, 1.412019821891175, 1791402435656028180, 
-0.47189778089523315, 0.018291056156158447, 1.4340686289286528, 1791402435684948282, 
0.20058250427246094, 0.16017800569534302, 1.3734035406449123, 1791402435715932405, 
0.05284339189529419, 0.6153270602226257, 1.4518268407020554, 1791402435745904657, 
-0.19156938791275024, 0.6443158984184265, 1.3997699124600955, 1791402435777477123, 
-0.310529887676239, 0.5503968596458435, 1.4548589597756294, 1791402435808656511, 
0.033230602741241455, -0.04543578624725342, 1.6144968317903323, 1791402435835822671, 
-0.3013821840286255, -0.12210392951965332, 1.4022476626338227, 1791402435865705917, 
0.35118722915649414, 0.8078558444976807, 1.4137074030270436, 1791402435895684033, 
-0.2478346824645996, 0.4912843108177185, 1.408655508922543, 1791402435925644490, 
0.12236815690994263, 0.6483408212661743, 1.3882571710302765, 1791402435955571878, 
-0.01876199245452881, 0.264534592628479, 1.4519294568388148, 1791402435984556155, 
-0.27177006006240845, -0.2854239344596863, 1.317556143324332, 1791402436016656992, 
-0.3910233974456787, 0.7113364934921265, 1.3289854448041258, 1791402436049108354, 
-0.13697636127471924, 0.7519247531890869, 1.6949317112044824, 1791402436075475643, 
0.16385644674301147, 0.11083650588989258, 1.4992423263920307, 1791402436105428159, 
-0.06884241104125977, 0.20926064252853394, 1.4383256857786448, 1791402436135347593, 
-0.1754816174507141, 0.07512378692626953, 1.4078969072777718, 1791402436165322947, 
-0.10900884866714478, 0.06485754251480103, 1.4250227233024813, 1791402436195292291, 
0.3050590753555298, 0.8909014463424683, 1.394575864545337, 1791402436225304271, 
0.17142874002456665, 0.5194374322891235, 1.3523810457158596, 1791402436256680197, 
-0.5507820248603821, 0.28569066524505615, 1.4041693744672106, 1791402436287819212, 
-0.10508829355239868, 0.16961687803268433, 1.5721123596718958, 1791402436315258905, 
-0.3159085512161255, 0.31508058309555054, 1.4526569398193967, 1791402436345084296, 
-0.3062303066253662, 0.02954399585723877, 1.2880793041488936, 1791402436367854723, 
0.08649027347564697, 0.46701616048812866, 1.597038605537349, 1791402436404024416, 
-0.294589102268219, 0.17677921056747437, 1.3967403412319968, 1791402436435021246, 
0.6257790923118591, 0.3856728672981262, 1.4560706544163349, 1791402436464954773, 
-0.21227067708969116, 0.4225237965583801, 1.3064281473807424, 1791402436497109934, 
-0.4488234519958496, 0.17185789346694946, 1.414581858446667, 1791402436526837060, 
0.49576324224472046, 0.6263536214828491, 1.5228686981466046, 1791402436554829656, 
-0.3942006826400757, 0.5649954676628113, 1.4208579860758745, 1791402436584776881, 
-0.20645147562026978, 0.34707796573638916, 1.2994422527283351, 1791402436606834898, 
-0.1139492392539978, 0.2724989652633667, 1.6192971776790055, 1791402436634038286, 
-0.15474313497543335, 0.6520510911941528, 1.4117787093705807, 1791402436664710841, 
0.11636990308761597, 0.6539505124092102, 1.455001844284483, 1791402436694628420, 
0.11369448900222778, 0.13726210594177246, 1.469990461619992, 1791402436724609576, 
-0.49642980098724365, -0.289939284324646, 1.5098463693148498, 1791402436753534380, 
0.09094774723052979, 0.3832571506500244, 1.3848559581467768, 1791402436785110290, 
-0.11090755462646484, 0.5679025650024414, 1.3794902416548, 1791402436817180446, 
-0.014583826065063477, 0.4651467204093933, 1.5867944170676296, 1791402436844457041, 
-0.2729465961456299, 0.5974698066711426, 1.4207681493758617, 1791402436874373518, 
0.009100377559661865, -0.2566378712654114, 1.4264043990405824, 1791402436904383099, 
0.1117282509803772, 0.01955479383468628, 1.4883349844430556, 1791402436933526006, 
0.42919397354125977, 0.5980671048164368, 1.3938832516395228, 1791402436964258708, 
-0.49098706245422363, 0.5424213409423828, 1.444297117189604, 1791402436994267770, 
0.02655315399169922, 0.120003342628479, 1.4106678894775742, 1791402437024858463, 
-0.2935205101966858, -0.16318345069885254, 1.3083038399519709, 1791402437056923383, 
0.2553786039352417, 0.26878005266189575, 1.5277463203669628, 1791402437094101938, 
-0.4345179796218872, 0.3732011914253235, 1.5125753347149862, 1791402437123109926, 
-0.027764081954956055, -0.19578427076339722, 1.3753759857897097, 1791402437153993157, 
-0.49431848526000977, -0.015824615955352783, 1.3881117201396829, 1791402437184827136, 
0.07585114240646362, 0.7109092473983765, 1.3496069847813006, 1791402437216995994, 
-0.8961086273193359, -0.01782327890396118, 1.5524972592776742, 1791402437253855569, 
0.21980202198028564, 0.13164830207824707, 1.4400428863003618, 1791402437283847539, 
-0.23060327768325806, 0.3525254726409912, 1.432183686840668, 1791402437313852441, 
0.37472003698349, 0.7389925718307495, 1.371084133150448, 1791402437344802574, 
-0.4059222340583801, 0.4009610414505005, 1.349093837849589, 1791402437376760895, 
0.13783925771713257, -0.22349119186401367, 1.5749536455568491, 1791402437403731220, 
-0.9010835886001587, 0.40360260009765625, 1.411146539188806, 1791402437433672118, 
-0.08428257703781128, -0.07486099004745483, 1.1929300794113704, 1791402437457207221, 
-0.2245253324508667, 0.2741394639015198, 1.5249310101265046, 1791402437493619306, 
-0.21477466821670532, 0.3746676445007324, 1.35071370899263, 1791402437523686021, 
-0.19982659816741943, 0.13686317205429077, 1.389641036504489, 1791402437553678923, 
-0.21231293678283691, 0.3113650679588318, 1.3610854629989022, 1791402437585186011, 
-0.2433464527130127, 0.5950264930725098, 1.3703996800763232, 1791402437616910353, 
0.05741244554519653, 0.5566982626914978, 1.7160385824600959, 1791402437642545631, 
-0.633043110370636, 0.5018882751464844, 1.4433315183992856, 1791402437672547831, 
0.4352946877479553, 0.15206438302993774, 1.3903712802897632, 1791402437703497710, 
-0.23370611667633057, -0.027042508125305176, 1.4191849036688693, 1791402437733567740, 
0.05956655740737915, -0.04418027400970459, 1.399206499622494, 1791402437763716000, 
-0.36031198501586914, 0.7520713806152344, 1.4378833922999232, 1791402437792542222, 
-0.16101902723312378, 0.362188458442688, 1.2755732256517291, 1791402437824792643, 
-0.473621666431427, 0.09863114356994629, 1.34674594504139, 1791402437855922983, 
0.10476571321487427, 0.4929925799369812, 1.519524920865889, 1791402437883632672, 
-0.958575963973999, 0.048211872577667236, 1.4653454191263093, 1791402437912537611, 
0.43877750635147095, 0.7128158211708069, 1.4365779309698037, 1791402437942554447, 
-0.5154523849487305, 0.4040358066558838, 1.4505250438558697, 1791402437972531596, 
0.2870745062828064, -0.23537373542785645, 1.388028795415364, 1791402438003416956, 
-0.07368314266204834, 0.24771451950073242, 1.4088837576193212, 1791402438033747385, 
0.18633311986923218, 0.3687339425086975, 1.3639809974392658, 1791402438064786674, 
-0.28927522897720337, 0.26561206579208374, 1.395008472451155, 1791402438094836296, 
-0.0846327543258667, 0.3829151391983032, 1.47480808814083, 1791402438123346341, 
-0.5426610708236694, -0.10354280471801758, 1.38969903916732, 1791402438153361546, 
0.43522918224334717, 0.17843157052993774, 1.4063832791284552, 1791402438183339706, 
-0.29096782207489014, 0.5741703510284424, 1.4672741129351605, 1791402438212644695, 
0.09811294078826904, 0.5458966493606567, 1.4387570760273867, 1791402438242597878, 
-0.5838092565536499, 0.32961708307266235, 1.4220277008523536, 1791402438273216383, 
0.17792904376983643, 0.19911342859268188, 1.3678266553954574, 1791402438304871991, 
-0.3947809338569641, -0.06571388244628906, 1.6095426496780256, 1791402438331525937, 
-0.20875799655914307, 0.24282467365264893, 1.3644679489923288, 1791402438362441126, 
-0.35894685983657837, 0.6042108535766602, 1.413437954657944, 1791402438392375784, 
0.2995533347129822, 0.39682894945144653, 1.42332615571118, 1791402438422324814, 
-0.4284275770187378, 0.4222142696380615, 1.4168970611720282, 1791402438452346349, 
0.0011768341064453125, 0.2631032466888428, 1.424265284783391, 1791402438482313811, 
-0.3565729260444641, -0.006590604782104492, 1.3895456581382752, 1791402438513351245, 
0.44101083278656006, 0.8072311282157898, 1.4017572637031346, 1791402438544551242, 
-0.6754493713378906, 0.5962830781936646, 1.589896583703881, 1791402438572188220, 
0.4086838364601135, -0.3014943599700928, 1.46304611054954, 1791402438602099250, 
-0.950249433517456, 0.2163463830947876, 1.440852710089315, 1791402438632089845, 
0.7547645568847656, 0.33926790952682495, 1.422731891095592, 1791402438661988239, 
-0.39685094356536865, 0.45830827951431274, 1.409478067834746, 1791402438691982198, 
0.3936237096786499, 0.5023505687713623, 1.3880839058951142, 1791402438722093209, 
-0.7221661806106567, 0.007206261157989502, 1.3931659904985432, 1791402438752902168, 
-0.07203483581542969, 0.0724378228187561, 1.3818544976085716, 1791402438785051506, 
-0.17309069633483887, 0.5741913318634033, 1.6525730726931938, 1791402438811888963, 
-0.4457719326019287, 0.6130844354629517, 1.4693461542827448, 1791402438841727028, 
-0.5582700967788696, 0.5102447867393494, 1.4619762345756544, 1791402438871739461, 
0.5101445317268372, -0.2982577681541443, 1.428916931799522, 1791402438901741716, 
-0.3147121071815491, 0.08900588750839233, 1.416383596150562, 1791402438931649918, 
0.30761390924453735, 0.5150102972984314, 1.4309088431599017, 1791402438961648322, 
-0.38876789808273315, 0.5733149647712708, 1.3358688884061367, 1791402438993498684, 
-0.28319740295410156, 0.5304152369499207, 1.3404303385236183, 1791402439024976241, 
-0.281960666179657, -0.04903435707092285, 1.6768430239923777, 1791402439050545886, 
0.035087645053863525, 0.3375270366668701, 1.4021149480746207, 1791402439081449086, 
0.013166189193725586, -0.08460897207260132, 1.2217582923702492, 1791402439104887214, 
-0.17646187543869019, -0.2095266580581665, 1.6124009335460225, 1791402439131477611, 
-0.42167264223098755, 0.18047863245010376, 1.4467480422014858, 1791402439161416237, 
0.14035964012145996, 0.9092438817024231, 1.4214439670191914, 1791402439191378328, 
-0.31249046325683594, 0.18404662609100342, 1.405044513970074, 1791402439221467088, 
-0.07628750801086426, -0.001125335693359375, 1.4438453714324337, 1791402439251452960, 
-0.15348005294799805, 0.6560832262039185, 1.5207058312261315, 1791402439280221216, 
-0.03795880079269409, 0.508551836013794, 1.3313599516159964, 1791402439312494183, 
-0.50834059715271, 0.4113686680793762, 1.4031098440080791, 1791402439343304008, 
0.2050754427909851, 0.3915620446205139, 1.5402255140865102, 1791402439371193514, 
-0.4714727997779846, -0.16424888372421265, 1.399410684966311, 1791402439401034275, 
-0.022587120532989502, 0.550804078578949, 1.422324347533821, 1791402439430970154, 
-0.37576037645339966, 0.45717358589172363, 1.4417909663753674, 1791402439460968016, 
-0.2683534622192383, -0.014658868312835693, 1.4515253174457992, 1791402439490933613, 
-0.14202356338500977, 0.1353665590286255, 1.4553133025215332, 1791402439521128736, 
-0.1752752661705017, 0.15413743257522583, 1.3320042469404123, 1791402439553323034, 
-0.21790671348571777, 0.6123970150947571, 1.5414230627212258, 1791402439580906593, 
-0.8589216470718384, 0.6163845658302307, 1.4670500438589156, 1791402439610764957, 
0.10731285810470581, -0.03980851173400879, 1.439313846503894, 1791402439640696912, 
-0.6652567982673645, -0.21071094274520874, 1.4069078231938656, 1791402439670689717, 
-0.1178513765335083, 0.545290470123291, 1.424994256205176, 1791402439700673842, 
-0.39615005254745483, 0.719456672668457, 1.4507023365374043, 1791402439730635099, 
-0.22402548789978027, 0.5740464925765991, 1.4111240615589422, 1791402439761610984, 
0.018625855445861816, 0.21880441904067993, 1.3976370953804604, 1791402439793358019, 
-0.6392032504081726, -0.10953706502914429, 1.6115828242578594, 1791402439820563233, 
0.08814442157745361, -0.17058640718460083, 1.4364344387296575, 1791402439850491950, 
0.10761642456054688, 0.9802693724632263, 1.4161902809085585, 1791402439880455240, 
-0.22395026683807373, 0.6337960362434387, 1.4308445886371435, 1791402439910389522, 
-0.08168774843215942, 0.2952604293823242, 1.4251393916473516, 1791402439940297943, 
-0.2668672204017639, 0.0637243390083313, 1.4352423832392645, 1791402439970305228, 
-0.1665986180305481, -0.009774982929229736, 1.3996494929754595, 1791402440001153182, 
0.265741229057312, 0.8999489545822144, 1.372745948296407, 1791402440032074754, 
-0.38887184858322144, 0.6737680435180664, 1.5130692599637758, 1791402440060224130, 
0.3438369035720825, -0.3018801212310791, 1.458429708721985, 1791402440090161786, 
-0.3800341486930847, 0.19521844387054443, 1.4399385937381752, 1791402440120069428, 
0.08602756261825562, 0.07596075534820557, 1.4041986517293212, 1791402440150047400, 
-0.28401947021484375, 0.44688957929611206, 1.4312608471643147, 1791402440180005001, 
0.3207101821899414, 0.7719767689704895, 1.4314750015672566, 1791402440209977071, 
-0.4039761424064636, 0.3309871554374695, 1.3644203170829903, 1791402440241420644, 
-0.008017480373382568, 0.03484904766082764, 1.3489745845578294, 1791402440273490980, 
-0.22544920444488525, 0.20567864179611206, 1.602361360540724, 1791402440299933737, 
-0.2615610957145691, 0.3373032212257385, 1.4142251831442734, 1791402440329783012, 
-0.1327318549156189, 0.3704395294189453, 1.440955302006435, 1791402440359785104, 
0.34494519233703613, 0.1422710418701172, 1.4107971147893914, 1791402440389751796, 
-0.7133898735046387, 0.25944721698760986, 1.4403902334933745, 1791402440419805262, 
0.2401512861251831, 0.42411959171295166, 1.4826257902398463, 1791402440449758065, 
-0.21744239330291748, 0.5708815455436707, 1.3871854045335799, 1791402440481037561, 
-0.0045816898345947266, 0.02519857883453369, 1.360966818472825, 1791402440512262222, 
-1.0458743572235107, -0.11933255195617676, 1.5564345265957709, 1791402440539659267, 
1.0198400020599365, 0.5760501027107239, 1.4157536809211408, 1791402440569494848, 
-0.3987434506416321, 0.8435208201408386, 1.415318921258119, 1791402440599436556, 
0.26344043016433716, 0.2892659902572632, 1.4320719405654359, 1791402440629387197, 
-0.5219605565071106, -0.16294419765472412, 1.446455236592086, 1791402440659405382, 
0.12526988983154297, 0.28252077102661133, 1.4669798943284982, 1791402440689464524, 
-0.21687042713165283, 0.6347559094429016, 1.4940964739956302, 1791402440719557134, 
0.09459060430526733, 0.5079745650291443, 1.3823768936963032, 1791402440751744323, 
-0.67238450050354, 0.2599549889564514, 1.5481332355798354, 1791402440779249954, 
0.22271788120269775, -0.02910822629928589, 1.41398304033655, 1791402440809148141, 
-0.3476637601852417, -0.033552587032318115, 1.4173639460674037, 1791402440839092026, 
0.40550607442855835, 1.0152164697647095, 1.416407017207257, 1791402440869117433, 
-0.5319180488586426, 0.45616012811660767, 1.4518800127192208, 1791402440899048278, 
0.4196682572364807, 0.3265315890312195, 1.4533606848038017, 1791402440928995224, 
-0.510919988155365, 0.17612779140472412, 1.3361113859161895, 1791402440961152896, 
-0.038772523403167725, -0.26870107650756836, 1.5365377253450243, 1791402440989173878, 
-0.42921769618988037, 0.6106096506118774, 1.465448611600167, 1791402441018854801, 
0.35344111919403076, 0.5111932754516602, 1.4053046421935003, 1791402441048844829, 
-0.25056540966033936, -0.11615020036697388, 1.4052149765001751, 1791402441078842367, 
0.22729313373565674, 0.10760217905044556, 1.447733626043895, 1791402441108750311, 
-0.25525474548339844, 0.08204644918441772, 1.4239515596419436, 1791402441138985636, 
-0.18394160270690918, 0.11293202638626099, 1.4038076964572543, 1791402441169773049, 
-0.07820236682891846, 0.690298318862915, 1.4045577801857625, 1791402441201057230, 
0.21776443719863892, 0.5993863940238953, 1.5732639753666842, 1791402441228614399, 
-0.7334986925125122, 0.13317614793777466, 1.4961399809908464, 1791402441257591936, 
0.26580893993377686, -0.1767786145210266, 1.455839882221427, 1791402441287549123, 
-0.35023295879364014, 0.15127873420715332, 1.390348389148134, 1791402441318567043, 
-0.0912085771560669, 0.4731482267379761, 1.4578541875579187, 1791402441348460211, 
0.28598397970199585, 0.3716648817062378, 1.447507141207025, 1791402441378417579, 
-0.22922742366790771, 0.20129549503326416, 1.3962263571572775, 1791402441409020093, 
0.18038076162338257, 0.38124120235443115, 1.3223322314818886, 1791402441441148523, 
-0.059194982051849365, 0.6408417224884033, 1.5754964323580813, 1791402441468324595, 
-0.6133736371994019, 0.3614514470100403, 1.4294431995735122, 1791402441498272793, 
0.2623564600944519, 0.3359193801879883, 1.4321353532001937, 1791402441528243893, 
-0.36667531728744507, 0.26305049657821655, 1.4365257858620506, 1791402441558227323, 
0.1811721920967102, 0.1692149043083191, 1.4435499127728286, 1791402441588122953, 
-0.4241017699241638, 0.5946435928344727, 1.449926394199218, 1791402441618159528, 
0.03660768270492554, 0.4844963550567627, 1.4298995181781766, 1791402441649048815, 
-0.32278972864151, 0.28859126567840576, 1.4150576299746094, 1791402441680520002, 
0.20032715797424316, 0.1947970986366272, 1.609458500284679, 1791402441707989184, 
-0.8426563143730164, 0.1360141634941101, 1.4692933385501405, 1791402441737970009, 
0.7015182375907898, 0.4606054425239563, 1.4851245876534793, 1791402441767948871, 
-0.5954623818397522, 0.26776379346847534, 1.4163240658879814, 1791402441798637119, 
-0.011852741241455078, -0.13718265295028687, 1.4753763115663912, 1791402441827560559, 
0.07200706005096436, 0.43200451135635376, 1.3875926339554852, 1791402441857797115, 
-0.32392632961273193, 0.5804327726364136, 1.3234417311176845, 1791402441889035003, 
-0.09248149394989014, 0.45234155654907227, 1.3058950634317865, 1791402441921047985, 
-0.26017987728118896, -0.0593910813331604, 1.6171385132534049, 1791402441947697081, 
-0.3206644058227539, 0.07529592514038086, 1.4513369273582941, 1791402441977598663, 
0.3769291639328003, 1.09271240234375, 1.5163122400796119, 1791402442006561140, 
-0.31043511629104614, 0.44996803998947144, 1.4556729678973779, 1791402442036523794, 
0.3197472095489502, -0.329375684261322, 1.4081852960891366, 1791402442066533318, 
-0.22750866413116455, 0.04952126741409302, 1.3541089039273946, 1791402442097441995, 
0.20133298635482788, 0.12685084342956543, 1.3326326281793344, 1791402442129120799, 
-0.40590208768844604, 0.5242884159088135, 1.3796358840597012, 1791402442159920596, 
-0.05290365219116211, 0.6026543974876404, 1.54565618904192, 1791402442187293866, 
-0.14940088987350464, 0.10355746746063232, 1.422913211693213, 1791402442217326378, 
-0.35407179594039917, 0.4036932587623596, 1.3177432612982922, 1791402442239350797, 
-0.24900996685028076, 0.3505719304084778, 1.5359750707819608, 1791402442277217411, 
0.14215803146362305, 0.26695168018341064, 1.462330485505171, 1791402442307178573, 
-0.09053277969360352, 0.08060377836227417, 1.4599562482760386, 1791402442337208469, 
0.4078049659729004, 0.3465425968170166, 1.3020139884846433, 1791402442369721967, 
-0.5712307691574097, 0.32632243633270264, 1.538546900334012, 1791402442397082510, 
0.0516207218170166, 0.3251105546951294, 1.4009677219804046, 1791402442427003000, 
-0.7151187658309937, 0.4089313745498657, 1.405929575979938, 1791402442456995752, 
0.35798680782318115, 0.38708752393722534, 1.4254155001377886, 1791402442486934639, 
-0.27383071184158325, 0.38120514154434204, 1.43672426044975, 1791402442516858291, 
0.3229004144668579, 0.728210985660553, 1.4375907694497014, 1791402442546902761, 
-0.5150745511054993, 0.04242348670959473, 1.4834943163720995, 1791402442577049706, 
0.31163138151168823, 0.3627297878265381, 1.4002900882366636, 1791402442609029827, 
-0.542448103427887, 0.6450556516647339, 1.5746612428291231, 1791402442636783620, 
-0.04635190963745117, 0.40537846088409424, 1.4543301155046229, 1791402442666683480, 
-0.27677541971206665, -0.044718265533447266, 1.444416916400746, 1791402442696644287, 
0.4630753993988037, 0.06038367748260498, 1.4196815203786695, 1791402442726610569, 
-0.34262651205062866, 0.608036458492279, 1.4320879907606054, 1791402442756625860, 
0.18234628438949585, 0.49926280975341797, 1.4401481593087655, 1791402442786719159, 
-0.5490626096725464, 0.332061231136322, 1.3809256403989045, 1791402442817778234, 
0.07383263111114502, 0.4861123561859131, 1.370867440163614, 1791402442849047858, 
-0.5450490117073059, -0.24686598777770996, 1.6411452590454774, 1791402442875538915, 
-0.2781619429588318, 0.4932800531387329, 1.461345770900398, 1791402442905401164, 
-0.06668466329574585, 0.638634204864502, 1.4157055112253927, 1791402442936358569, 
0.3483527898788452, 0.24564087390899658, 1.4754741938816522, 1791402442966285661, 
-0.3770604133605957, 0.09406644105911255, 1.4501165008123926, 1791402442996241751, 
-0.05328786373138428, -0.06754052639007568, 1.4194055480723715, 1791402443026291530, 
0.04271048307418823, 0.6049628853797913, 1.4031040435475086, 1791402443057044654, 
-0.36781764030456543, 0.24374300241470337, 1.357454908001398, 1791402443089043134, 
-0.044293224811553955, 0.12835943698883057, 1.5612947289686558, 1791402443116178934, 
0.04455357789993286, 0.35319286584854126, 1.440972929354385, 1791402443146059493, 
0.010307610034942627, 0.61465984582901, 1.4328791228850064, 1791402443176011110, 
-0.5286598205566406, 0.33293360471725464, 1.4462316672075959, 1791402443205977215, 
-0.28273069858551025, 0.21047598123550415, 1.466202182058609, 1791402443235940286, 
-0.052416980266571045, 0.37263739109039307, 1.4362850038839234, 1791402443266010029, 
-0.14877671003341675, 0.4094218611717224, 1.3872742739059376, 1791402443297078820, 
0.05431497097015381, 0.5257672667503357, 1.334554441318803, 1791402443329933524, 
0.03643500804901123, 0.04859036207199097, 1.6600466928615847, 1791402443355883945, 
-0.08960157632827759, 0.033915042877197266, 1.4133092937398237, 1791402443385706444, 
-0.07214528322219849, 0.33841580152511597, 1.434412945688858, 1791402443415695342, 
-0.18543916940689087, 0.5844231247901917, 1.4259764598904585, 1791402443445675829, 
-0.6365344524383545, 0.4429914951324463, 1.3994538792038231, 1791402443475637624, 
0.1575753092765808, 0.4630516767501831, 1.4733826527800709, 1791402443504564065, 
-0.05571776628494263, 0.4159463047981262, 1.3123627036169923, 1791402443537294086, 
0.05365949869155884, 0.23093301057815552, 1.4018441564538124, 1791402443568189894, 
-0.16134482622146606, 0.4377291798591614, 1.599012173109091, 1791402443595433960, 
0.15340954065322876, 0.4787588119506836, 1.4805876469427015, 1791402443624413702, 
0.12439721822738647, 0.5550108551979065, 1.389151977465603, 1791402443655359765, 
-0.22342360019683838, 0.3177144527435303, 1.4503615677817319, 1791402443685303378, 
-0.16932475566864014, -0.10932612419128418, 1.4308383781166463, 1791402443715338582, 
-0.07838356494903564, 0.3890918493270874, 1.4266058540938467, 1791402443745283761, 
-0.1336919069290161, 0.5827581286430359, 1.3783136234748012, 1791402443776533624, 
-0.1205790638923645, 0.46199899911880493, 1.4063932399734083, 1791402443807198828, 
-0.07197946310043335, 0.5295785069465637, 1.5385799499044897, 1791402443835149472, 
-0.06655150651931763, -0.2865678668022156, 1.4500050303005336, 1791402443865064942, 
-0.8316559791564941, 0.11843156814575195, 1.3197579213674577, 1791402443887102443, 
-0.07385551929473877, 0.6323233842849731, 1.5137767024752327, 1791402443925016493, 
-0.1657007932662964, 0.3369647264480591, 1.3998796443818038, 1791402443955001801, 
-0.4114120602607727, 0.07386219501495361, 1.4050843598951408, 1791402443985178534, 
-0.11609339714050293, -0.16179585456848145, 1.3165268479281378, 1791402444017125525, 
0.612470805644989, 0.7619013786315918, 1.540413780500225, 1791402444044923971, 
-0.4856536388397217, 0.8800325989723206, 1.4605916702337658, 1791402444074797483, 
0.5220959782600403, 0.07592147588729858, 1.4467652514006482, 1791402444104766693, 
-0.07029032707214355, -0.10558485984802246, 1.470196611721195, 1791402444134776593, 
0.42574650049209595, 0.5896304249763489, 1.4936359385223141, 1791402444164687131, 
-0.09612935781478882, 0.6634077429771423, 1.454451573208096, 1791402444194735027, 
-0.40855616331100464, 0.48548537492752075, 1.403568732756628, 1791402444225592605, 
0.09501558542251587, 0.28632932901382446, 1.3573344094137962, 1791402444257333280, 
-0.02171403169631958, 0.00811767578125, 1.5372638410892383, 1791402444284581520, 
-0.21096843481063843, 0.10419005155563354, 1.3803178214002891, 1791402444314620372, 
0.14660143852233887, 0.619664192199707, 1.4680617336215205, 1791402444343545578, 
-0.4517323970794678, 0.011388242244720459, 1.436917166577096, 1791402444373545105, 
-0.3398549556732178, 0.3836516737937927, 1.3977499318992996, 1791402444404517262, 
-0.021107077598571777, 0.4448888301849365, 1.4442416451094346, 1791402444434611586, 
-0.26589101552963257, 0.3766856789588928, 1.4244278675261342, 1791402444465239516, 
0.42857569456100464, 0.6033831834793091, 1.3166601034249232, 1791402444497732057, 
-0.28310298919677734, 0.6053490042686462, 1.57828221440681, 1791402444524310470, 
0.1774950623512268, -0.19257599115371704, 1.425805429455539, 1791402444554185460, 
0.041857004165649414, 0.42800796031951904, 1.4289404483526942, 1791402444584130242, 
0.038323283195495605, 0.33237743377685547, 1.421228458756942, 1791402444614119366, 
-0.3995891809463501, 0.6402376890182495, 1.4145139787933196, 1791402444644113411, 
0.363031804561615, 0.2200058102607727, 1.4008619248432432, 1791402444674112054, 
-0.42905616760253906, -0.10532844066619873, 1.379911162822233, 1791402444705230330, 
0.11632531881332397, 0.2716423273086548, 1.3545914932206793, 1791402444737700179, 
0.011965572834014893, 0.6930652260780334, 1.643008378112031, 1791402444764058666, 
-0.10343998670578003, 0.4527226686477661, 1.4056505218094546, 1791402444794003737, 
0.07452583312988281, 0.3378991484642029, 1.405952440147569, 1791402444824026777, 
0.08717072010040283, -0.3649129867553711, 1.4027995547433385, 1791402444853981525, 
-0.6259975433349609, 0.33213871717453003, 1.4095929470567248, 1791402444883941820, 
0.34093236923217773, 0.6438736915588379, 1.4237058033467063, 1791402444913988575, 
-0.25427788496017456, 0.448125958442688, 1.3492651012434438, 1791402444945476966, 
-0.08806324005126953, 0.32408374547958374, 1.3614236390911112, 1791402444976306300, 
0.05356895923614502, 0.0886964201927185, 1.5631443096930786, 1791402445003868265, 
0.10573697090148926, 0.5262355804443359, 1.4411361189864402, 1791402445033839541, 
-0.09890908002853394, 0.40506476163864136, 1.443244106927556, 1791402445063799794, 
0.4311847686767578, 0.2928504943847656, 1.4505951439730553, 1791402445093845781, 
-0.1882554292678833, 0.6702305674552917, 1.402406172940226, 1791402445124102496, 
-0.5708653926849365, 0.6808061003684998, 1.4009409989839192, 1791402445153902021, 
0.049019813537597656, 0.20300477743148804, 1.3308469409774057, 1791402445185612271, 
-0.11040550470352173, -0.3409937024116516, 1.4319000115076819, 1791402445215308160, 
0.2383561134338379, 0.3743172287940979, 1.495678988531935, 1791402445243769967, 
-0.2219136357307434, 0.6186205148696899, 1.4397272673425765, 1791402445273819853, 
0.1363370418548584, 0.42868465185165405, 1.456006023052347, 1791402445303746158, 
-0.02324509620666504, 0.32959097623825073, 1.4390102677996313, 1791402445333735991, 
-0.12048399448394775, -0.12327837944030762, 1.43111001586362, 1791402445363720289, 
-0.07979023456573486, 0.5995134711265564, 1.4363524474242995, 1791402445393753848, 
0.14125728607177734, 0.627643883228302, 1.3066239696338013, 1791402445425166795, 
-0.09457939863204956, 0.09872651100158691, 1.4727738181139045, 1791402445452995360, 
-0.07332456111907959, 0.057509779930114746, 1.4294659861425638, 1791402445483001798, 
-0.23386991024017334, 0.07016515731811523, 1.4110945704924671, 1791402445512928455, 
0.04991525411605835, 0.596940815448761, 1.3939221015454206, 1791402445542905275, 
-0.28078770637512207, 0.6750646829605103, 1.4420125202424017, 1791402445572923091, 
0.5268200039863586, 0.45283418893814087, 1.4119660572539658, 1791402445602986851, 
-0.5773773789405823, 0.09536951780319214, 1.3520398411782817, 1791402445634099308, 
0.33427613973617554, 0.6712079048156738, 1.3862808807324327, 1791402445665181242, 
-0.45575767755508423, 0.6021510362625122, 1.5743779934946753, 1791402445692703690, 
0.39219212532043457, 0.1378452181816101, 1.4320408102710265, 1791402445722718292, 
0.07358425855636597, -0.04969972372055054, 1.4422423216845668, 1791402445752562558, 
-0.13358741998672485, -0.010318100452423096, 1.4506381270105613, 1791402445781584819, 
0.009071290493011475, 0.16129058599472046, 1.3459456193053936, 1791402445812516988, 
-0.010702252388000488, 0.7337198257446289, 1.460843895734323, 1791402445841554279, 
-0.6063470244407654, 0.48152583837509155, 1.3271904909516405, 1791402445873289281, 
0.353861927986145, 0.1237027645111084, 1.304157046548867, 1791402445905477989, 
-0.45089662075042725, 0.30447226762771606, 1.5637891056600512, 1791402445942407858, 
-0.2724962830543518, 0.39776182174682617, 1.443585101133955, 1791402445972264946, 
-0.06184661388397217, -0.11538970470428467, 1.426332423012985, 1791402446002314487, 
0.28965723514556885, 0.46715104579925537, 1.429549677688655, 1791402446032564096, 
-0.2512442469596863, 0.4794601798057556, 1.3353480086852838, 1791402446065427965, 
-0.17253011465072632, 0.34823352098464966, 1.6323460848903983, 1791402446092193775, 
0.031643033027648926, 0.36444091796875, 1.4476890062674588, 1791402446122097116, 
-0.03295868635177612, 0.25071728229522705, 1.4389759553081125, 1791402446152021853, 
-0.09414476156234741, 0.11690199375152588, 1.414585051156612, 1791402446181997355, 
-0.1202394962310791, 0.1110735535621643, 1.4283357505096768, 1791402446212017866, 
0.12703722715377808, 0.5331794023513794, 1.4202708023927144, 1791402446241985897, 
-0.2305530309677124, 0.45986366271972656, 1.322973065100716, 1791402446273788075, 
-0.2594788670539856, -0.09226459264755249, 1.354450882287916, 1791402446305269182, 
-0.33326905965805054, 0.4363552927970886, 1.6101708270337363, 1791402446331896215, 
-0.06631284952163696, 0.09874850511550903, 1.4265714559948013, 1791402446361766102, 
-0.0369381308555603, 0.5303246378898621, 1.4745963019181447, 1791402446391757778, 
0.11090880632400513, 0.1751800775527954, 1.47028959543182, 1791402446421715002, 
-0.31174880266189575, 0.10920166969299316, 1.4118631883071244, 1791402446451706793, 
0.09445065259933472, 0.3217586278915405, 1.4161894077285617, 1791402446481636652, 
0.006718635559082031, -0.08104997873306274, 1.3337564346917201, 1791402446513617476, 
0.015336453914642334, 0.45338523387908936, 1.3729305227578998, 1791402446544450757, 
-0.3901177644729614, 0.8313727974891663, 1.6077304228934917, 1791402446571590428, 
-0.5537657737731934, -0.005118250846862793, 1.5081347810182912, 1791402446600529607, 
-0.13196545839309692, 0.023084640502929688, 1.4114769454292009, 1791402446631417202, 
-0.43642932176589966, 0.5400182604789734, 1.471245737591463, 1791402446661380683, 
0.6173097491264343, 0.4368016719818115, 1.4556732085981583, 1791402446691372230, 
-0.22401964664459229, 0.36830568313598633, 1.4125765845631428, 1791402446721872019, 
0.3287222981452942, 0.16026359796524048, 1.3531477940605432, 1791402446753317237, 
-0.6083570122718811, -0.18919992446899414, 1.410009062624045, 1791402446783279800, 
-0.47578859329223633, 0.15712076425552368, 1.482141707609204, 1791402446811172627, 
-0.14474111795425415, 0.86961829662323, 1.3901429346900616, 1791402446841178387, 
-0.24517333507537842, 0.245408296585083, 1.4378660989068384, 1791402446871088699, 
-0.23749548196792603, 0.2009965181350708, 1.4393274372588034, 1791402446901156716, 
-0.2165536880493164, 0.47389155626296997, 1.4622942194318, 1791402446931254042, 
-0.05878704786300659, 0.23619991540908813, 1.4381713171130608, 1791402446961923729, 
-0.27952641248703003, 0.24228131771087646, 1.379547252416646, 1791402446993293023, 
0.11663532257080078, 0.4331187605857849, 1.528430898552268, 1791402447021034797, 
-0.11524838209152222, 0.21890848875045776, 1.4121185130692406, 1791402447050861313, 
0.006979763507843018, 0.5556679368019104, 1.385476790657214, 1791402447080856885, 
-0.35574960708618164, 0.5448243021965027, 1.4063326358632662, 1791402447110789882, 
-0.393058180809021, 0.26876300573349, 1.4698352376401376, 1791402447140778855, 
-0.14168483018875122, 0.16200023889541626, 1.473018353515208, 1791402447170690047, 
-0.35824984312057495, 0.08720415830612183, 1.4667053540042516, 1791402447200523857, 
-0.1736575961112976, 0.6044030785560608, 1.3697976058630013, 1791402447233024828, 
0.0514906644821167, 0.42703354358673096, 1.5888642969500935, 1791402447260613015, 
-0.2691466808319092, 0.20920610427856445, 1.4755915989108748, 1791402447289555411, 
0.15571385622024536, 0.4491626024246216, 1.4302995453262324, 1791402447319542614, 
-0.2365272045135498, -0.046667397022247314, 1.3756329348191396, 1791402447350454856, 
-0.2342677116394043, 0.641126811504364, 1.4250203784939517, 1791402447380454344, 
-0.19123607873916626, 0.5098116397857666, 1.425470823449808, 1791402447410420155, 
-0.30390143394470215, -0.047788143157958984, 1.3767424607464538, 1791402447441504023, 
-0.39931178092956543, 0.3312873840332031, 1.3518298629470855, 1791402447473362386, 
-0.40436452627182007, -0.05692553520202637, 1.6142289787276916, 1791402447500339920, 
0.191481351852417, 0.34306472539901733, 1.4325016259537109, 1791402447530227699, 
-0.11051219701766968, 0.7853948473930359, 1.4189577604075103, 1791402447560184582, 
-0.10397571325302124, 0.3161613941192627, 1.4226982338500092, 1791402447590195107, 
-0.2518966794013977, -0.16736090183258057, 1.4223575968342572, 1791402447620142080, 
-0.025762081146240234, 0.4296521544456482, 1.4160272870723136, 1791402447650107814, 
0.21218961477279663, 0.6806702017784119, 1.3414140270567385, 1791402447681981280, 
-0.27557647228240967, 0.4967382550239563, 1.3681017913091493, 1791402447713429608, 
0.12845104932785034, 0.17321252822875977, 1.6004949687764618, 1791402447740029214, 
-0.6497396230697632, 0.032572388648986816, 1.4273524422007573, 1791402447769930099, 
-0.28885871171951294, -0.03075087070465088, 1.4293020101965166, 1791402447799930130, 
0.13858014345169067, 0.9953542947769165, 1.4399920901479626, 1791402447829839993, 
-0.6921567320823669, 0.33892500400543213, 1.4578064548529281, 1791402447859792030, 
0.398490846157074, 0.40533560514450073, 1.4630529901174738, 1791402447889786785, 
-0.16618996858596802, 0.26338768005371094, 1.404781302309967, 1791402447920593105, 
0.07824903726577759, -0.10949838161468506, 1.3355574838893332, 1791402447952291074, 
-0.3194034695625305, 0.5978643298149109, 1.5593583137193896, 1791402447979749381, 
-0.30504852533340454, 0.42016011476516724, 1.4118597678048606, 1791402448009665209, 
-0.21533948183059692, 0.12053543329238892, 1.4545817422669243, 1791402448038610745, 
-0.06338745355606079, 0.2719547748565674, 1.418398135794847, 1791402448069499672, 
-0.4130074977874756, 0.007901787757873535, 1.4548147556067252, 1791402448099492820, 
-0.3598059415817261, 0.46573352813720703, 1.4360218394733097, 1791402448129805827, 
0.08377039432525635, 0.7977585792541504, 1.363250253835851, 1791402448161826714, 
0.2664138078689575, 0.38124555349349976, 1.624767341355362, 1791402448188595093, 
0.4974798560142517, 0.5682314038276672, 1.3897090519704423, 1791402448219761609, 
-0.06777220964431763, 0.48333340883255005, 1.4434811111893453, 1791402448249295635, 
0.08554518222808838, 0.5297905206680298, 1.4271519807711601, 1791402448279229783, 
-0.3775956630706787, 0.6503244042396545, 1.4552191360678253, 1791402448309228200, 
-0.03160017728805542, -0.281453013420105, 1.4519898110624874, 1791402448339140341, 
-0.18147385120391846, 0.048694074153900146, 1.4391476857364378, 1791402448369375352, 
0.1584954857826233, 0.6325260996818542, 1.3142396347056495, 1791402448401811731, 
-0.24166303873062134, 0.4234998822212219, 1.5408378723695464, 1791402448429089153, 
0.8990928530693054, 0.16249632835388184, 1.4710562915054024, 1791402448458983099, 
-0.4970734119415283, 0.17753005027770996, 1.4482654204922898, 1791402448488986629, 
0.27933794260025024, 0.5606577396392822, 1.428695161306729, 1791402448518940492, 
0.07030248641967773, 0.6240850687026978, 1.476550717746192, 1791402448548868146, 
0.055664658546447754, 0.37753593921661377, 1.4327325534318534, 1791402448578885641, 
-0.07536894083023071, 0.0894237756729126, 1.3811118366163817, 1791402448609361645, 
0.16547095775604248, 0.18118900060653687, 1.3016951297152448, 1791402448642361470, 
-0.7581046223640442, 0.8138896822929382, 1.6170239986640902, 1791402448668719512, 
-0.035450518131256104, 0.5891733765602112, 1.4273422792164723, 1791402448698695612, 
-0.07495146989822388, 0.15814870595932007, 1.4527547291964418, 1791402448728706794, 
-0.08175277709960938, -0.024596691131591797, 1.462414984201156, 1791402448758588584, 
-0.4213991165161133, 0.06866735219955444, 1.4788203448553507, 1791402448788586608, 
0.37329739332199097, 0.8644595742225647, 1.5347041219327777, 1791402448817533803, 
-0.532036304473877, 0.4077514410018921, 1.3614149191911704, 1791402448849726159, 
0.20542240142822266, 0.38259708881378174, 1.3557340831950515, 1791402448881885916, 
-0.8049355745315552, 0.32298803329467773, 1.630022534024117, 1791402448908515637, 
0.46406328678131104, -0.14340740442276, 1.4130813947799663, 1791402448938332883, 
-0.5657463669776917, 0.300140917301178, 1.1794195974984663, 1791402448961980010, 
0.24092793464660645, 0.7560040354728699, 1.559526750501946, 1791402448998363244, 
-0.4288064241409302, -0.0242806077003479, 1.4562627254993599, 1791402449028221385, 
-0.03187549114227295, 0.13223201036453247, 1.456758414967246, 1791402449058233902, 
-0.22878670692443848, 0.1667231321334839, 1.3971206319423766, 1791402449090234705, 
0.18553078174591064, 0.648973286151886, 1.4485033866239145, 1791402449121114859, 
-0.4683474898338318, 0.7288777232170105, 1.626656352704413, 1791402449147574508, 
0.3413453698158264, 0.08541446924209595, 1.4075928345216588, 1791402449178231551, 
-0.19836896657943726, -0.023953616619110107, 1.4464822490012978, 1791402449208023085, 
0.22794383764266968, 0.3488745093345642, 1.3991471329130758, 1791402449237940927, 
-0.35750848054885864, 0.5581406950950623, 1.4184352840442371, 1791402449267950015, 
-0.01952517032623291, 0.564151406288147, 1.4531898200710291, 1791402449297892184, 
-0.14821064472198486, 0.026066839694976807, 1.3803200977621786, 1791402449329411813, 
-0.47026288509368896, 0.11666911840438843, 1.4493054987684053, 1791402449359956173, 
0.5095923542976379, 0.17625850439071655, 1.5594296245396206, 1791402449397826319, 
-0.3749812841415405, 0.2868705987930298, 1.4680430610780815, 1791402449426780050, 
-0.22092121839523315, 0.35969114303588867, 1.3811971863216979, 1791402449457713314, 
-0.3183056712150574, -0.18338561058044434, 1.3752870062662519, 1791402449488413661, 
-0.021933674812316895, -0.29112744331359863, 1.408766640201831, 1791402449517866274, 
-0.2653583288192749, 0.18467062711715698, 1.4617453023841736, 1791402449547655868, 
0.23231464624404907, 0.365700900554657, 1.434766040954861, 1791402449577669039, 
-0.06098276376724243, 0.5531960129737854, 1.4643570406675064, 1791402449606523312, 
0.43091195821762085, 0.29244208335876465, 1.4043337140322565, 1791402449637404816, 
-0.2801099419593811, 0.2361871600151062, 1.4378708958380517, 1791402449667435212, 
-0.48853129148483276, 0.18657612800598145, 1.4081018487067942, 1791402449697427847, 
0.09481900930404663, 0.12246984243392944, 1.3480013720356565, 1791402449729840313, 
-0.1905043125152588, 0.44532084465026855, 1.5969412826968488, 1791402449757351518, 
0.15429311990737915, 0.4846349358558655, 1.416178645629499, 1791402449787285082, 
0.11893141269683838, 0.057788729667663574, 1.3952885724215591, 1791402449817158676, 
-0.06420081853866577, -0.022347986698150635, 1.3999678653639471, 1791402449847159931, 
0.02768862247467041, 0.22590750455856323, 1.3870454994548498, 1791402449877143151, 
-0.5203099846839905, 0.5719877481460571, 1.4071315155381774, 1791402449907217325, 
-0.3904455900192261, 0.4920737147331238, 1.4195221485544274, 1791402449937448168, 
0.13952010869979858, 0.42962509393692017, 1.3697779181003902, 1791402449968603824, 
-0.23995286226272583, 0.480652391910553, 1.521746528366016, 1791402449997016009, 
-0.02051454782485962, 0.011702358722686768, 1.4762422696016204, 1791402450026902376, 
0.013215959072113037, 0.4188172221183777, 1.463860163476362, 1791402450056915474, 
0.17512261867523193, 0.43620121479034424, 1.4542492601876986, 1791402450086873253, 
0.2894355058670044, 0.37615036964416504, 1.483283918184907, 1791402450116760848, 
-0.20523816347122192, 0.10631740093231201, 1.5160658562807319, 1791402450145772210, 
-0.5886769890785217, 0.13625895977020264, 1.3393194029171367, 1791402450177888217, 
-0.0025749802589416504, 0.49190765619277954, 1.3680157806793571, 1791402450209725741, 
-0.11350202560424805, 0.2504778504371643, 1.5958500864700986, 1791402450236665876, 
-0.07748281955718994, 0.4311569929122925, 1.4314589426280668, 1791402450266601377, 
-0.14442402124404907, 0.5681782364845276, 1.5024984863670956, 1791402450295539424, 
-0.012680649757385254, -0.25260722637176514, 1.3795604656059048, 1791402450326501948, 
0.0656999945640564, 0.256117582321167, 1.4330414713501114, 1791402450356493595, 
-0.14659571647644043, 0.5062382817268372, 1.462444650361632, 1791402450386489354, 
-0.432921826839447, 0.40113234519958496, 1.4015010224380673, 1791402450417438493, 
-0.13819539546966553, 0.2664012312889099, 1.340720659627322, 1791402450449456082, 
-0.3928069472312927, -0.20047181844711304, 1.605236905673743, 1791402450476368713, 
0.31258219480514526, 0.5411326289176941, 1.4328522886848687, 1791402450506295053, 
-0.12225741147994995, 0.8734676241874695, 1.4366585592064771, 1791402450536211698, 
0.19235092401504517, 0.12332916259765625, 1.4385720171333138, 1791402450566220650, 
0.02261561155319214, -0.23209309577941895, 1.4588233802289823, 1791402450596142053, 
-0.7538642287254333, 0.445963978767395, 1.4474634264004678, 1791402450626365115, 
-0.07630288600921631, 0.7029025554656982, 1.3963256175251242, 1791402450657670978, 
-0.17075598239898682, 0.4810175895690918, 1.4124945528562678, 1791402450688985860, 
0.20439422130584717, 0.1837385892868042, 1.5991998840208188, 1791402450716017714, 
-0.18794012069702148, -0.06254637241363525, 1.4418342979590306, 1791402450745974353, 
-0.2088596224784851, -0.05487543344497681, 1.4433273560564746, 1791402450776093313, 
0.28887510299682617, 0.8950138092041016, 1.4310261612409043, 1791402450805966531, 
-0.4229719638824463, -0.0783957839012146, 1.4312534762274263, 1791402450835992225, 
0.19844460487365723, 0.1798694133758545, 1.4402300512419615, 1791402450865946995, 
-0.13441550731658936, 0.4789215326309204, 1.3141521417509487, 1791402450898028480, 
-0.30566972494125366, 0.4989953637123108, 1.4368913447776266, 1791402450927743593, 
0.2634811997413635, 0.2315625548362732, 1.587409734153158, 1791402450955679797, 
-0.048375487327575684, 0.5766284465789795, 1.4653101309318486, 1791402450985638828, 
-0.07990682125091553, -0.08928769826889038, 1.3040276353426943, 1791402451007669208, 
-0.2955852746963501, 0.3510243892669678, 1.5667431032693313, 1791402451044557869, 
0.4476703405380249, 0.31385934352874756, 1.3625326647988032, 1791402451075930779, 
-0.3276005983352661, 0.552384078502655, 1.4147973485964078, 1791402451105781406, 
0.260719895362854, 0.03784632682800293, 1.3096247928975224, 1791402451137944008, 
-0.4249144196510315, -0.07752728462219238, 1.5022037470676535, 1791402451166537293, 
0.25734829902648926, 0.07016569375991821, 1.4910905637583356, 1791402451205339104, 
-0.6879772543907166, -0.00943976640701294, 1.4482515514057592, 1791402451235325273, 
-0.2880013585090637, 0.04835546016693115, 1.4220073977737397, 1791402451265951519, 
-0.23369348049163818, 0.817758321762085, 1.4103137708910205, 1791402451296539631, 
0.4436662793159485, 0.4642484188079834, 1.4927114843567686, 1791402451325224208, 
-0.03876805305480957, 0.3457333445549011, 1.419617439386499, 1791402451355176906, 
-0.14091545343399048, 0.15886318683624268, 1.3999965943663235, 1791402451385129175, 
-0.25228649377822876, -0.19233083724975586, 1.3996614856675202, 1791402451415070812, 
0.2893560528755188, 0.7104781866073608, 1.4106498421007647, 1791402451445050842, 
-0.5588711500167847, 0.6375046968460083, 1.4163430495412124, 1791402451475034722, 
-0.0487024188041687, -0.1517237424850464, 1.410186374846991, 1791402451505764704, 
-0.9061151742935181, 0.053680419921875, 1.4374499720568148, 1791402451536528714, 
0.3150482773780823, 0.10577172040939331, 1.5079625724016088, 1791402451564907625, 
-0.19829481840133667, 0.3000069856643677, 1.4284229537308728, 1791402451594800033, 
0.6482797861099243, 0.5401430726051331, 1.4384076119998295, 1791402451624767649, 
-0.6373398303985596, 0.3801519274711609, 1.4234166610718868, 1791402451654747599, 
0.07383382320404053, 0.1436399221420288, 1.429245924428038, 1791402451684708519, 
-0.22331523895263672, 0.1486155390739441, 1.4368724160316435, 1791402451714733040, 
-0.22647982835769653, 0.3605208396911621, 1.4340566122674245, 1791402451744557155, 
-0.7551364898681641, 0.4636424779891968, 1.2794855912740644, 1791402451778442387, 
0.7381199598312378, 0.08875423669815063, 1.6658396671125049, 1791402451804586931, 
-0.7214974761009216, 0.2165793776512146, 1.4801937072066556, 1791402451833526376, 
-0.3800846338272095, 0.3331092596054077, 1.2291530037396954, 1791402451856536080, 
-0.32455921173095703, 0.35724151134490967, 1.4852231610072764, 1791402451894445590, 
0.061270713806152344, 0.5258422493934631, 1.4500999474717042, 1791402451923519952, 
-0.05124354362487793, 0.6034261584281921, 1.3677968286751367, 1791402451954490006, 
-0.16793286800384521, 0.44489169120788574, 1.3744108559236878, 1791402451985583786, 
-0.41587191820144653, -0.08085000514984131, 1.412703334521083, 1791402452015518191, 
-0.0824359655380249, 0.3767358064651489, 1.470719014357189, 1791402452044464214, 
-0.01122957468032837, 0.3483451008796692, 1.443079078670492, 1791402452074437739, 
-0.221208393573761, 0.5970670580863953, 1.4159472794017556, 1791402452104487836, 
-0.1605675220489502, 0.060045063495635986, 1.4071739684797102, 1791402452134711131, 
-0.03181791305541992, 0.530219554901123, 1.4685774864159142, 1791402452164474077, 
0.1491183042526245, 0.7124360203742981, 1.4415293287615083, 1791402452194594337, 
-0.20167934894561768, 0.2481251358985901, 1.312756800686255, 1791402452226194519, 
-0.6162398457527161, 0.09675276279449463, 1.3662912931944644, 1791402452257051988, 
0.6522209644317627, 0.5334634780883789, 1.5756564693733044, 1791402452284199366, 
-0.6631811857223511, 0.20766299962997437, 1.3645216409236145, 1791402452314304618, 
0.11490464210510254, 0.5849344730377197, 1.4030319576389498, 1791402452344225346, 
-0.11727750301361084, 0.490989089012146, 1.4074533121775874, 1791402452374173031, 
-0.3374295234680176, 0.05446755886077881, 1.3775089914367227, 1791402452404201079, 
-0.12759149074554443, 0.002975642681121826, 1.4029442538784063, 1791402452434251054, 
-0.39129114151000977, 0.01645529270172119, 1.3531107971378689, 1791402452465828814, 
-0.5537075400352478, 0.8260870575904846, 1.496053037646999, 1791402452494601854, 
0.33351051807403564, 0.7851210236549377, 1.5006567707873548, 1791402452524222938, 
0.04506850242614746, -0.04865896701812744, 1.4377498342269208, 1791402452554170293, 
-0.21757608652114868, -0.15049242973327637, 1.4043986835171087, 1791402452584095230, 
-0.22309118509292603, 0.5017209053039551, 1.4293871245378162, 1791402452614126008, 
-0.005785882472991943, 0.7280727624893188, 1.4187961991368074, 1791402452644327386, 
-0.46286529302597046, 0.5966718792915344, 1.399323067253244, 1791402452674616601, 
0.05174654722213745, 0.4296356439590454, 1.401336178679922, 1791402452705605003, 
-0.8245047926902771, -0.03753209114074707, 1.5852736915315568, 1791402452733398938, 
0.33212268352508545, -0.324482798576355, 1.4486123749206103, 1791402452763294469, 
-0.19646012783050537, 0.8850100636482239, 1.4375404442630262, 1791402452793228909, 
-0.573612630367279, 0.5300988554954529, 1.4403980934128222, 1791402452823259043, 
0.215376079082489, 0.5714143514633179, 1.4398199448691011, 1791402452853199323, 
-0.6606429815292358, 0.28666919469833374, 1.414081699244876, 1791402452883141645, 
-0.20256966352462769, -0.319723904132843, 1.3809447122452425, 1791402452913724352, 
-0.1759842038154602, 0.6403540372848511, 1.3238102804846577, 1791402452945599563, 
-0.4975684881210327, 0.5739197134971619, 1.54284497753056, 1791402452973009886, 
0.34085148572921753, -0.10277730226516724, 1.4235422412983805, 1791402453002938883, 
-0.28618431091308594, 0.2147929072380066, 1.4330855057879235, 1791402453032940022, 
-0.08857131004333496, -0.10489052534103394, 1.407769408187969, 1791402453062924111, 
-0.15501201152801514, 0.32847434282302856, 1.411075433066862, 1791402453092947720, 
-0.1434456706047058, 0.8827759027481079, 1.4162532346061198, 1791402453122815463, 
-0.22339951992034912, 0.4407580494880676, 1.3874104056146612, 1791402453153654653, 
-0.16154605150222778, 0.0390128493309021, 1.340739993906752, 1791402453186039458, 
-0.07327765226364136, 0.36785101890563965, 1.5891835884011014, 1791402453212737006, 
-0.5346701741218567, 0.06302589178085327, 1.4090150283579552, 1791402453242654488, 
-0.11280590295791626, 0.08259683847427368, 1.4221694407905325, 1791402453272600674, 
0.36762768030166626, 0.5839247107505798, 1.3829113802826651, 1791402453302641748, 
-0.49632447957992554, 0.6238604187965393, 1.439426843556579, 1791402453331527484, 
0.10078251361846924, 0.29399776458740234, 1.4231174833742275, 1791402453361524210, 
-0.2917514443397522, 0.14163464307785034, 1.3158291121191001, 1791402453394025236, 
-0.11001664400100708, 0.33099180459976196, 1.3670188001174597, 1791402453425616882, 
-0.9065929055213928, 0.06700116395950317, 1.7205174111106825, 1791402453451550995, 
1.0805048942565918, 0.2705753445625305, 1.4172765440022308, 1791402453482468906, 
-0.42210012674331665, 0.6008052825927734, 1.4490683324827436, 1791402453512281348, 
0.30957335233688354, 0.6360192894935608, 1.4373754801769392, 1791402453542242010, 
-0.42646294832229614, 0.2391592264175415, 1.4116492152419113, 1791402453572237368, 
0.05412614345550537, 0.24420404434204102, 1.3875239458369801, 1791402453602145394, 
-0.22045105695724487, 0.2284409999847412, 1.319422923452132, 1791402453634130654, 
-0.17183220386505127, 0.31624835729599, 1.4143061933110364, 1791402453664813307, 
-0.6903408765792847, 0.873988687992096, 1.6108923728748712, 1791402453692090477, 
0.2510725259780884, 0.3955237865447998, 1.4825237126245785, 1791402453721994732, 
-0.5837050676345825, -0.09235727787017822, 1.4763600103565508, 1791402453751975986, 
0.6886960864067078, 0.37795180082321167, 1.4654553039077218, 1791402453781872008, 
-0.6098870038986206, 0.17528820037841797, 1.4342536086834876, 1791402453811889923, 
0.7752388119697571, 0.620949923992157, 1.440710234009128, 1791402453841938079, 
-0.2657187581062317, 0.2913728952407837, 1.3281331652880555, 1791402453874041796, 
-0.09023946523666382, -0.2115241289138794, 1.4260129837086746, 1791402453903727374, 
-0.854489266872406, 0.23640191555023193, 1.5478208948802863, 1791402453931731453, 
0.41825664043426514, 0.44095122814178467, 1.4458007561952761, 1791402453961678641, 
-0.13668012619018555, 0.24843627214431763, 1.450215135415882, 1791402453991607296, 
0.0676802396774292, 0.26765698194503784, 1.4667083448424285, 1791402454021591270, 
-0.08631730079650879, -0.19564688205718994, 1.4574531862443967, 1791402454051581247, 
-0.26068276166915894, 0.2619808316230774, 1.416813417538479, 1791402454082252998, 
0.04184073209762573, 0.7309170961380005, 1.3848944788540989, 1791402454113831914, 
-0.05620682239532471, 0.5506840348243713, 1.54230962367207, 1791402454141515165, 
-0.6342418193817139, 0.426737904548645, 1.412493217548757, 1791402454171374271, 
0.38284623622894287, 0.15316063165664673, 1.428873465841295, 1791402454201382520, 
-0.2944689393043518, 0.03415745496749878, 1.4179761311140795, 1791402454231357262, 
-0.04503291845321655, -0.09937232732772827, 1.4218877372139824, 1791402454260557329, 
-0.22780752182006836, 0.44614696502685547, 1.3701606410822662, 1791402454291242841, 
-0.25054609775543213, 0.5084956884384155, 1.3835920523990515, 1791402454321831993, 
-0.07676607370376587, 0.4639080762863159, 1.3312150492894788, 1791402454353954479, 
-0.11736834049224854, 0.07553279399871826, 1.5783502757059613, 1791402454381219896, 
-0.36023372411727905, 0.17183446884155273, 1.4338473913468908, 1791402454411100829, 
0.32713013887405396, 0.7046338319778442, 1.452649631411017, 1791402454441086291, 
-0.3877694010734558, 0.44139623641967773, 1.4450958554755942, 1791402454470982191, 
0.4647004008293152, -0.25802427530288696, 1.4368430484912242, 1791402454500959532, 
-0.5222335457801819, 0.04772275686264038, 1.4287068606842501, 1791402454530989277, 
-0.011651694774627686, -0.012096822261810303, 1.3802413158369213, 1791402454561745505, 
-0.06958884000778198, 0.5879490375518799, 1.3154550791454167, 1791402454594138377, 
-0.17969214916229248, 0.7508199214935303, 1.5904765738043587, 1791402454620901163, 
-0.8301562070846558, 0.03193873167037964, 1.444633786478987, 1791402454650780423, 
0.290377140045166, -0.2008047103881836, 1.4733862264733812, 1791402454680749718, 
0.018224060535430908, 0.3106391429901123, 1.4531108699753346, 1791402454710773936, 
-0.06669455766677856, 0.37202179431915283, 1.4415345676837061, 1791402454740764755, 
0.09648793935775757, 0.46367037296295166, 1.4574577379195781, 1791402454770735619, 
-0.09236794710159302, -0.08866262435913086, 1.3589191650644192, 1791402454802129159, 
-0.2555835247039795, 0.5186026096343994, 1.366750640305866, 1791402454832990387, 
-0.1514611840248108, 0.44356054067611694, 1.5343564896946025, 1791402454860577177, 
-0.5929602980613708, -0.09946906566619873, 1.4221130337961896, 1791402454890464055, 
-0.0013269782066345215, 0.3084263801574707, 1.2316393329530735, 1791402454913392787, 
-0.7091453671455383, -0.15127944946289062, 1.521356284147809, 1791402454950643991, 
0.4520863890647888, 0.5290215015411377, 1.4459467642252044, 1791402454980306911, 
-0.4099159836769104, 0.7405382990837097, 1.4670289021674956, 1791402455010341372, 
0.276633083820343, -0.0035650134086608887, 1.3673465449266915, 1791402455042439479, 
-0.2918441891670227, -0.15599679946899414, 1.4288754878551069, 1791402455072892817, 
-0.14471226930618286, 0.438304603099823, 1.560685195518321, 1791402455100249623, 
0.09471666812896729, 0.5351349711418152, 1.409878577857796, 1791402455130156570, 
0.18312925100326538, 0.5174748301506042, 1.4331746465281998, 1791402455160080803, 
-0.5913848876953125, 0.29840153455734253, 1.4709308308249314, 1791402455189037281, 
-0.2816051244735718, -0.03976935148239136, 1.3682896952494885, 1791402455220035352, 
-0.3855501413345337, -0.1144593358039856, 1.4242633292432616, 1791402455250154086, 
0.5511923432350159, 0.8583385348320007, 1.3784730911633112, 1791402455281858463, 
-0.4143911600112915, 0.4872162342071533, 1.4742297450262596, 1791402455311960660, 
0.3930528163909912, 0.08031958341598511, 1.5976345197012556, 1791402455339867089, 
-0.661830484867096, 0.13293933868408203, 1.438581157648142, 1791402455369806836, 
-0.14825111627578735, -0.030680298805236816, 1.2829473902604, 1791402455391916423, 
-0.20972871780395508, 0.7002546191215515, 1.5071820741453124, 1791402455429761465, 
-0.06616926193237305, 0.6574552655220032, 1.3955053897790006, 1791402455459725609, 
-0.1657874584197998, -0.37857115268707275, 1.3768911757765994, 1791402455490421865, 
0.13501590490341187, -0.10254430770874023, 1.3825550958174302, 1791402455522078503, 
-0.4113616943359375, 0.26663637161254883, 1.5738543001358731, 1791402455549694163, 
-0.17797935009002686, 0.6862155795097351, 1.4721242820820497, 1791402455579510876, 
-0.2183324694633484, 0.4340142607688904, 1.4842604963337511, 1791402455609508137, 
0.327947735786438, 0.08521205186843872, 1.4517306488345638, 1791402455639483735, 
-0.5709116458892822, 0.18434542417526245, 1.4351323992032359, 1791402455669401795, 
0.04544645547866821, 0.33723849058151245, 1.444571937271419, 1791402455699619141, 
-0.24267786741256714, 0.331989049911499, 1.4504224096007383, 1791402455729743252, 
0.01217186450958252, 0.5101149678230286, 1.33151487337616, 1791402455761871397, 
-0.24321842193603516, -0.26420849561691284, 1.560354879043511, 1791402455789305038, 
-0.12056267261505127, -0.10288494825363159, 1.4548545593030417, 1791402455819211985, 
-0.29325735569000244, 0.8493387699127197, 1.4479584838045687, 1791402455849170018, 
0.2803969979286194, 0.6387156844139099, 1.4696143304611922, 1791402455879116231, 
-0.5307561755180359, 0.0838857889175415, 1.4456741433456, 1791402455909395258, 
0.24695777893066406, 0.12972551584243774, 1.4393461725969716, 1791402455939070686, 
-0.33810460567474365, 0.6745367050170898, 1.399664531715397, 1791402455969789356, 
0.22329282760620117, 0.39914828538894653, 1.3372905733723872, 1791402456002321724, 
-0.2784949541091919, 0.41159021854400635, 1.617020904354652, 1791402456028979225, 
0.11890912055969238, -0.12404578924179077, 1.4511865777357247, 1791402456059205417, 
0.11557894945144653, 0.6637313961982727, 1.4931648338272996, 1791402456088580170, 
-0.19725316762924194, 0.8980374336242676, 1.3996916988954229, 1791402456119435527, 
-0.36156749725341797, 0.14242225885391235, 1.4609485417561783, 1791402456149308476, 
-0.03178882598876953, 0.06727051734924316, 1.430445908476317, 1791402456179378461, 
-0.5191736221313477, 0.17464947700500488, 1.4023500330728018, 1791402456209756988, 
-0.09013241529464722, 0.30292898416519165, 1.342001771973065, 1791402456242008574, 
0.2604824900627136, 0.6399537324905396, 1.616586660532558, 1791402456268668083, 
-0.07409095764160156, 0.4239235520362854, 1.3764263976414186, 1791402456299319148, 
0.18805170059204102, 0.22495132684707642, 1.5217495976519673, 1791402456327556829, 
-0.12467712163925171, 0.26414579153060913, 1.437085205564368, 1791402456357556778, 
-0.4198540449142456, 0.3790411353111267, 1.3503757535591305, 1791402456388498344, 
0.031926751136779785, 0.91883784532547, 1.40114367761759, 1791402456418575463, 
-0.1198914647102356, 0.47278082370758057, 1.3603262650194712, 1791402456450355563, 
-0.17496371269226074, -0.20141583681106567, 1.403731930742451, 1791402456480801068, 
0.22247940301895142, 0.5394681692123413, 1.559299163276639, 1791402456518328771, 
-0.26880598068237305, 0.38510560989379883, 1.4618623658520151, 1791402456548385747, 
0.24508947134017944, 0.22610074281692505, 1.4487646118344462, 1791402456578221757, 
-0.2757209539413452, 0.2427038550376892, 1.349401602958691, 1791402456609760904, 
-0.23638147115707397, 0.1800115704536438, 1.3873223771010237, 1791402456640207098, 
-0.22873985767364502, 0.7543817162513733, 1.51936091447634, 1791402456668066121, 
-0.21019959449768066, 0.48243796825408936, 1.416061109976497, 1791402456698104850, 
-0.23007053136825562, 0.480751097202301, 1.288036863836175, 1791402456720237112, 
-0.10772353410720825, 0.6129418611526489, 1.5064241921620487, 1791402456757973714, 
-0.9042235612869263, 0.16420358419418335, 1.4329576183453534, 1791402456787926407, 
-0.11423081159591675, 0.4941108226776123, 1.4409703327257284, 1791402456818296152, 
-0.3073546886444092, 0.40683823823928833, 1.3862173977765992, 1791402456849782944, 
0.09720927476882935, -0.07391941547393799, 1.5483011911446871, 1791402456877878276, 
-0.17234736680984497, 0.2706845998764038, 1.4644181745535692, 1791402456907857867, 
-0.04444587230682373, 0.3236643671989441, 1.4415875481483902, 1791402456937737801, 
-0.09285563230514526, 0.4477463364601135, 1.4167883310948217, 1791402456967649599, 
-0.08294570446014404, 0.5110719203948975, 1.432839814833235, 1791402456997653298, 
-0.18791484832763672, 0.10246843099594116, 1.4165240028735795, 1791402457027592958, 
-0.5859290957450867, -0.14691805839538574, 1.4107649978114105, 1791402457057853446, 
-0.0018828511238098145, 0.5366068482398987, 1.332170509734772, 1791402457090354815, 
-0.10213196277618408, 0.755607008934021, 1.6671204691403931, 1791402457116519323, 
-0.4609747529029846, 0.5642386674880981, 1.4485361195926834, 1791402457147438050, 
-0.07415276765823364, 0.09415531158447266, 1.508730908833638, 1791402457177437993, 
-0.24242770671844482, -0.01886296272277832, 1.4773384450706037, 1791402457207417869, 
-0.28384482860565186, 0.369102418422699, 1.4533252053783827, 1791402457237339034, 
0.8577877283096313, 0.7248284816741943, 1.4223388652755893, 1791402457267296781, 
-1.0422497987747192, -0.02354300022125244, 1.3734891691321034, 1791402457297843887, 
0.11411863565444946, 0.4594133496284485, 1.2971279433724916, 1791402457329822163, 
0.04441201686859131, 0.49517321586608887, 1.529606091539213, 1791402457357326145, 
-0.02373635768890381, 0.511653482913971, 1.4213133351289302, 1791402457387272087, 
-0.07886826992034912, 0.30570489168167114, 1.4617669477410637, 1791402457417193468, 
-0.17921030521392822, 0.3240571618080139, 1.494121308528549, 1791402457447010567, 
-0.20672285556793213, 0.38508540391921997, 1.478333502667199, 1791402457477027146, 
-0.07400733232498169, 0.7346091866493225, 1.4389513604761448, 1791402457506999867, 
-0.21958625316619873, 0.40565937757492065, 1.3396893373259533, 1791402457538270117, 
0.01592695713043213, 0.11326068639755249, 1.3349060440546783, 1791402457570199394, 
0.047165632247924805, 0.2087532877922058, 1.6145874335510724, 1791402457596940357, 
-0.4345845580101013, 0.12695521116256714, 1.4634364398682325, 1791402457626807379, 
0.38430917263031006, 0.5077273845672607, 1.480210301472214, 1791402457656773464, 
-0.4854655861854553, 0.42440152168273926, 1.4487052158859526, 1791402457686734112, 
0.0795096755027771, 0.17645078897476196, 1.434664936394926, 1791402457716698203, 
-0.5862545967102051, 0.6088045835494995, 1.4711890432435484, 1791402457746648023, 
0.25814104080200195, 0.13924884796142578, 1.379602782582118, 1791402457777989770, 
-0.3146698474884033, 0.566434383392334, 1.3564082907910802, 1791402457809824131, 
0.3988616466522217, 0.24174714088439941, 1.626192796321628, 1791402457836593640, 
-0.3281209468841553, -0.07105892896652222, 1.432028971578414, 1791402457866481786, 
0.03659743070602417, 0.28858089447021484, 1.4112038811629521, 1791402457896471151, 
-0.4143472909927368, 0.1275620460510254, 1.436654216980276, 1791402457926411190, 
0.33953672647476196, 0.6320675015449524, 1.435441477025977, 1791402457956463547, 
-0.7567682266235352, 0.8986973762512207, 1.422942122730353, 1791402457986504049, 
0.2695840001106262, -0.21133732795715332, 1.3514726167358468, 1791402458018137639, 
-0.4552155137062073, -0.3051939606666565, 1.3919083552414822, 1791402458049366676, 
0.015318870544433594, 0.713981568813324, 1.622215981212709, 1791402458076212697, 
-0.3202142119407654, 0.7751187086105347, 1.5023255475159056, 1791402458105354741, 
0.019936084747314453, 0.4595606327056885, 1.4340161686419097, 1791402458136137964, 
-0.24932199716567993, 0.2831149101257324, 1.4570851423296765, 1791402458166096803, 
-0.06585657596588135, -0.16837924718856812, 1.437590004311193, 1791402458196059019, 
-0.6420016884803772, 0.04391825199127197, 1.4392721284805425, 1791402458226003093, 
0.4588746428489685, 0.7498385310173035, 1.317020123373347, 1791402458257912223, 
-0.6923176050186157, 0.23168665170669556, 1.412696449285221, 1791402458287897887, 
0.303472638130188, 0.21472376585006714, 1.5367764721442412, 1791402458315940153, 
-0.6421786546707153, 0.44784605503082275, 1.4486527607876765, 1791402458345814633, 
-0.04536694288253784, -0.18062281608581543, 1.3223246828851614, 1791402458367835839, 
0.0007376670837402344, 0.5257405042648315, 1.5573757606322383, 1791402458405774318, 
0.08216279745101929, 0.6708172559738159, 1.4369013660106342, 1791402458435728535, 
-0.7691251039505005, 0.11586683988571167, 1.430878624615205, 1791402458465883306, 
0.5082021355628967, -0.05071455240249634, 1.3690121422453552, 1791402458497543247, 
-0.23338812589645386, 0.13574087619781494, 1.4918209549177937, 1791402458525649723, 
0.1641821265220642, 0.8030624985694885, 1.409026035267544, 1791402458555582705, 
-0.26237285137176514, 0.409010112285614, 1.4925204189435748, 1791402458584560427, 
-0.22050881385803223, -0.3648771643638611, 1.3795745878622485, 1791402458615513750, 
-0.33484846353530884, 0.0033472180366516113, 1.4956254284926966, 1791402458644530436, 
-0.035257041454315186, 0.5412144064903259, 1.469663709646097, 1791402458674539223, 
-0.08099055290222168, 0.10067325830459595, 1.3930005232649187, 1791402458705889837, 
0.37177401781082153, 0.7839984893798828, 1.3373131055442267, 1791402458738074584, 
-0.5419817566871643, -0.05377906560897827, 1.5607149614552063, 1791402458765387288, 
0.1997518539428711, 0.5183225870132446, 1.426211152967159, 1791402458795254286, 
-0.15691572427749634, 0.5740743279457092, 1.4725249754618666, 1791402458824186029, 
0.16186290979385376, -0.09798014163970947, 1.396305276753682, 1791402458855153250, 
-0.1316356062889099, 0.02207493782043457, 1.4362217532741821, 1791402458885165819, 
-0.3882012963294983, 0.11051607131958008, 1.4178659687074908, 1791402458915073109, 
-0.021266043186187744, 0.5219880938529968, 1.3507431478055285, 1791402458946623178, 
0.41315698623657227, 0.7777566313743591, 1.3776124371498915, 1791402458977935791, 
-0.6112310886383057, -0.03145861625671387, 1.5829034970210678, 1791402459005011616, 
0.16019850969314575, -0.1999422311782837, 1.4651147504359592, 1791402459034943370, 
-0.1761685013771057, 0.2109641432762146, 1.2458478627851164, 1791402459058411718, 
0.18917429447174072, 0.7773200869560242, 1.5572911509345637, 1791402459094865753, 
-0.5218228101730347, 0.43582767248153687, 1.4394895675813795, 1791402459124841364, 
0.08657097816467285, 0.04267895221710205, 1.4237735578030581, 1791402459154851793, 
-0.7310896515846252, -0.1319204568862915, 1.3482027703228412, 1791402459185969757, 
0.5400272011756897, 0.16254651546478271, 1.3063406369967192, 1791402459218432566, 
-0.25255054235458374, 0.8104742169380188, 1.616667680587841, 1791402459244854972, 
-0.06912446022033691, 0.44387346506118774, 1.4028974257425688, 1791402459274795957, 
-0.1136476993560791, 0.2983182668685913, 1.4364289432346387, 1791402459304733129, 
0.3166971802711487, 0.024915099143981934, 1.4551664344458948, 1791402459334708865, 
-0.15214258432388306, -0.08452087640762329, 1.4228523715138146, 1791402459364754011, 
0.11443740129470825, 0.7439137697219849, 1.41679042629951, 1791402459395001548, 
-0.758060872554779, 0.43340158462524414, 1.3806784284098426, 1791402459426005883, 
0.7759340405464172, -0.005748391151428223, 1.3342158117530611, 1791402459457326743, 
-0.8739179372787476, 0.14232152700424194, 1.5428566666815628, 1791402459484665965, 
0.21211761236190796, -0.15354418754577637, 1.4055624536943603, 1791402459514621966, 
-0.4223402142524719, 0.23679959774017334, 1.4126786445329444, 1791402459544658618, 
0.17614567279815674, 0.6827821731567383, 1.4589505115630153, 1791402459574580465, 
-0.46254706382751465, 0.2318670153617859, 1.4680915225373248, 1791402459604784809, 
0.1533520221710205, 0.05488622188568115, 1.463636202506632, 1791402459634745494, 
-0.7225416302680969, 0.36976444721221924, 1.3711639560741737, 1791402459665939233, 
0.36632925271987915, 0.03334152698516846, 1.4031635927276846, 1791402459696412139, 
-0.3235437273979187, 0.1456853747367859, 1.5055508073385628, 1791402459724585847, 
0.23338407278060913, 0.5624097585678101, 1.389115533369586, 1791402459754593410, 
-0.5993000268936157, 0.27415037155151367, 1.4608171400149912, 1791402459783537737, 
0.39623206853866577, 0.14436179399490356, 1.3538011603516118, 1791402459814514245, 
-0.46027982234954834, 0.16111791133880615, 1.458339898876019, 1791402459843555012, 
0.15109467506408691, 0.3296527862548828, 1.3679708633344607, 1791402459874576244, 
-0.5964319705963135, 0.7118968963623047, 1.3432457323238816, 1791402459906381419, 
0.012077569961547852, 0.6959071755409241, 1.5842690849548409, 1791402459933761191, 
-0.25909847021102905, -0.12869524955749512, 1.4683666429938176, 1791402459963827217, 
0.2678316831588745, 0.0511128306388855, 1.42948771850346, 1791402459993748250, 
-0.27032655477523804, 0.08996468782424927, 1.3757132627976805, 1791402460024115166, 
0.2908431887626648, 0.2648928761482239, 1.4384194609525969, 1791402460053654376, 
-0.03200113773345947, 0.26529741287231445, 1.4122254662723785, 1791402460083632596, 
-0.27392369508743286, 0.45890218019485474, 1.3812116254872437, 1791402460114086925, 
-0.1321479082107544, 0.7127794027328491, 1.3633921409546528, 1791402460145541281, 
0.38317131996154785, 0.312691867351532, 1.547719328341194, 1791402460173453365, 
-0.7885339260101318, 0.07018178701400757, 1.4460608452177068, 1791402460203417873, 
0.2271379828453064, 0.5990675687789917, 1.4596971457917114, 1791402460233325640, 
-0.36357057094573975, 0.08290475606918335, 1.4359690841824357, 1791402460263315119, 
0.48163193464279175, 0.662975549697876, 1.4235123950531827, 1791402460293266747, 
-0.3380827307701111, 0.42610275745391846, 1.410570540304657, 1791402460323347869, 
-0.019980251789093018, -0.20582795143127441, 1.3522488978662885, 1791402460354616641, 
-0.2698580026626587, 0.13397932052612305, 1.347948829816367, 1791402460386276982, 
0.2397950291633606, 0.36826199293136597, 1.5768245227331938, 1791402460413142624, 
-0.21798807382583618, 0.45960891246795654, 1.4299207269140994, 1791402460443064676, 
-0.1286628246307373, 0.48395639657974243, 1.4520156090183718, 1791402460473060781, 
-0.40175414085388184, -0.07355797290802002, 1.4564732436242676, 1791402460503107972, 
0.0074121952056884766, -0.08518493175506592, 1.4736553200840607, 1791402460532916044, 
0.08700156211853027, 0.624886155128479, 1.4589936463937792, 1791402460562946608, 
-0.1797870397567749, 0.5925796031951904, 1.3859252012885046, 1791402460594044338, 
-0.3479408621788025, 0.3422289490699768, 1.3436007899781774, 1791402460626358290, 
0.4637991189956665, 0.28483617305755615, 1.6193285827482373, 1791402460652832568, 
-0.8749113082885742, 0.2095855474472046, 1.4016893043666663, 1791402460682789834, 
-0.02916616201400757, 0.16072851419448853, 1.4278808355394215, 1791402460712689709, 
-0.011655032634735107, 0.5570545792579651, 1.437177958378623, 1791402460742669528, 
-0.2433808445930481, 0.39184945821762085, 1.4445725329036418, 1791402460772651320, 
-0.00577157735824585, 0.24398750066757202, 1.4423733699716486, 1791402460802642253, 
-0.4043457508087158, 0.09347671270370483, 1.375214656021918, 1791402460834081312, 
-0.5989764332771301, 0.36901354789733887, 1.4128368297506446, 1791402460864562170, 
0.5945326089859009, 1.0230976343154907, 1.5669007902277399, 1791402460892606262, 
-0.14816796779632568, 0.5829623937606812, 1.4560750264788636, 1791402460922427304, 
0.07711315155029297, -0.5142093896865845, 1.4109829996680954, 1791402460952387701, 
-0.26301997900009155, 0.05931127071380615, 1.4535340252376943, 1791402460981540879, 
0.19934052228927612, 0.6358174681663513, 1.3802740412106165, 1791402461012316655, 
-0.55670166015625, 0.8561406135559082, 1.463851258537373, 1791402461041291525, 
0.02205801010131836, 0.41501951217651367, 1.3265054801025051, 1791402461073569121, 
-0.7561770081520081, -0.26487278938293457, 1.4198085395904794, 1791402461104163163, 
-0.15553277730941772, 0.8290315270423889, 1.5245384024196758, 1791402461142130942, 
-0.09663528203964233, 0.44144392013549805, 1.4453306556542154, 1791402461172130244, 
0.041975975036621094, 0.16010373830795288, 1.4450235794768078, 1791402461202188314, 
-0.053611934185028076, 0.5883681774139404, 1.3475614464130967, 1791402461234283877, 
-0.11989295482635498, 0.21284306049346924, 1.463123570711925, 1791402461264064533, 
0.04680681228637695, 0.7392904758453369, 1.5731071490521853, 1791402461292011306, 
-0.32723116874694824, 0.2369321584701538, 1.403223516056449, 1791402461322155217, 
0.002925872802734375, -0.2395305037498474, 1.3918964172634984, 1791402461352071088, 
0.021303415298461914, 0.8174825310707092, 1.4372042514140873, 1791402461381817977, 
-0.38979655504226685, 0.9830802083015442, 1.4140948015987813, 1791402461411777730, 
-0.12829017639160156, -0.01344764232635498, 1.3812745019723558, 1791402461442697180, 
-0.21680939197540283, -0.1414659023284912, 1.4120909957070198, 1791402461474177540, 
-0.18341881036758423, 0.396223783493042, 1.5897834719780597, 1791402461501735665, 
-0.014779090881347656, 0.8618844151496887, 1.442332125802938, 1791402461531624840, 
0.3473528027534485, 0.46519994735717773, 1.4700447048720922, 1791402461561589728, 
-0.28260087966918945, -0.1089443564414978, 1.4922525429309776, 1791402461590535912, 
-0.2556673288345337, 0.18190467357635498, 1.3779220978816331, 1791402461621492413, 
0.10328173637390137, 0.4331679344177246, 1.4252608089449152, 1791402461651511245, 
-0.46346229314804077, 0.4266853332519531, 1.3769134895001218, 1791402461682353668, 
-0.1926538348197937, 0.4774433970451355, 1.3829571841308845, 1791402461713102261, 
-1.043081283569336e-05, 0.03413504362106323, 1.5806106649087803, 1791402461740454958, 
-0.11234056949615479, 0.14114129543304443, 1.4212717856737775, 1791402461771295433, 
0.25821763277053833, 0.5344191789627075, 1.4644618167574952, 1791402461801259837, 
-0.40427303314208984, 0.32820385694503784, 1.4692612036211825, 1791402461831204254, 
-0.28624796867370605, 0.22098267078399658, 1.4381394807735843, 1791402461861220224, 
-0.11547774076461792, -0.12657493352890015, 1.4050893142920762, 1791402461891180193, 
-0.6801515817642212, 0.7854475378990173, 1.3365822614616094, 1791402461922321168, 
0.7012489438056946, 0.5982595086097717, 1.2785604234535477, 1791402461954891912, 
-0.5318552851676941, 0.3899095058441162, 1.6002759460287583, 1791402461981160194, 
0.46416109800338745, 0.48810696601867676, 1.4433879319924987, 1791402462010952878, 
-0.05951845645904541, 0.5214638113975525, 1.4400579222851453, 1791402462041002378, 
-0.0005264878273010254, -0.05497854948043823, 1.4366320634985992, 1791402462070888266, 
-0.619159460067749, 0.12858331203460693, 1.4731049531357827, 1791402462100856774, 
0.16161930561065674, 0.816303551197052, 1.4595060653829384, 1791402462130844736, 
-0.08054131269454956, 0.5281849503517151, 1.3413381583025343, 1791402462162671816, 
-0.08519107103347778, 0.11371105909347534, 1.3449183965563745, 1791402462194448548, 
1.1866339445114136, 0.3072085976600647, 1.6486467483404634, 1791402462220837457, 
-0.5672510266304016, 0.11503839492797852, 1.3889578840075554, 1791402462250704959, 
0.29781055450439453, 0.38565510511398315, 1.3807979491282287, 1791402462280582962, 
0.3834884762763977, 0.3596922755241394, 1.4110010053331516, 1791402462310575501, 
-0.8123909831047058, 0.420215904712677, 1.4008956851972536, 1791402462340582013, 
0.0023344755172729492, 0.36216920614242554, 1.4792338628149184, 1791402462369551025, 
-0.39301854372024536, -0.12654954195022583, 1.3023794282631729, 1791402462402710491, 
0.12088793516159058, 0.34216368198394775, 1.3853907622211592, 1791402462433278584, 
-0.34536945819854736, 0.8343013525009155, 1.6672806773002742, 1791402462459513983, 
0.24709343910217285, 0.409662663936615, 1.4090777447442968, 1791402462490340027, 
0.07180428504943848, -0.09337478876113892, 1.410706315309199, 1791402462520332211, 
0.047093749046325684, 0.0925036072731018, 1.4096885237103853, 1791402462550284357, 
0.048284053802490234, 0.6130603551864624, 1.429014032409889, 1791402462580249276, 
-0.4330344796180725, 0.6694996356964111, 1.4158995265818608, 1791402462610381020, 
-0.09319835901260376, 0.31627994775772095, 1.3348380364645722, 1791402462642676039, 
-0.41067564487457275, 0.028923630714416504, 1.5835131919580308, 1791402462670256807, 
-0.22107189893722534, 0.2870657444000244, 1.4536972675334994, 1791402462700056141, 
0.14525896310806274, 0.26362723112106323, 1.4486557849714579, 1791402462730038430, 
-0.20627927780151367, 0.5121603012084961, 1.4605217970222524, 1791402462759999790, 
0.4180759787559509, 0.22927099466323853, 1.426631934872598, 1791402462789946427, 
-0.3354755640029907, 0.04185277223587036, 1.4148787029780479, 1791402462819893749, 
-0.01735854148864746, 0.347057044506073, 1.4387609275669773, 1791402462849542350, 
-0.029471516609191895, 0.6769171953201294, 1.2887163002694555, 1791402462882576027, 
-0.19048625230789185, 0.5536271929740906, 1.5667241115457557, 1791402462909871941, 
-0.25037580728530884, -0.15844416618347168, 1.4923947204282833, 1791402462939770382, 
-0.047048985958099365, 0.31272947788238525, 1.4874200759852985, 1791402462969751301, 
-0.33081871271133423, 0.8502931594848633, 1.4656749221479284, 1791402462999720525, 
0.17616784572601318, 0.31990015506744385, 1.4761593094321852, 1791402463029761075, 
-0.11127251386642456, -0.04072999954223633, 1.4704866315778067, 1791402463059680814, 
-0.2270856499671936, -0.14129501581192017, 1.4122018900597977, 1791402463090492461, 
-0.15867853164672852, 0.49388402700424194, 1.3794451662695981, 1791402463122439201, 
0.075519859790802, 0.4463281035423279, 1.6667640602606095, 1791402463148593102, 
-0.16577470302581787, 0.4248175024986267, 1.4146329442658367, 1791402463179404596, 
0.04370647668838501, 0.5071032047271729, 1.469674031882034, 1791402463209391870, 
-0.32590603828430176, -0.11148470640182495, 1.4532326521827932, 1791402463239374628, 
-0.21659702062606812, 0.4901655316352844, 1.4451126989724463, 1791402463269359992, 
-0.24774432182312012, 0.4173855781555176, 1.4597488737728883, 1791402463299278099, 
0.049615323543548584, -0.10098350048065186, 1.4164368331728612, 1791402463330197044, 
-0.19654971361160278, 0.08075803518295288, 1.3451038780546825, 1791402463362666158, 
-0.32342588901519775, 0.030665695667266846, 1.6340874538942485, 1791402463389164818, 
0.06583887338638306, 0.41892778873443604, 1.4679972059834487, 1791402463419118196, 
0.12466311454772949, 0.7274881601333618, 1.4680003017200887, 1791402463449094700, 
-0.5089483261108398, 0.1279560923576355, 1.4481966138111586, 1791402463479000887, 
-0.36812567710876465, -0.37584012746810913, 1.4603957675607242, 1791402463509001152, 
0.11180531978607178, 0.41250211000442505, 1.4612674220116662, 1791402463538998234, 
-0.15243792533874512, 0.8429812788963318, 1.402627629705359, 1791402463570125226, 
-0.3874335289001465, 0.25405794382095337, 1.363762753709195, 1791402463602429281, 
-0.06827545166015625, 0.45775097608566284, 1.6186351706970448, 1791402463638822001, 
-0.4357103109359741, 0.28796643018722534, 1.483082808564054, 1791402463668823643, 
0.09654074907302856, 0.35083383321762085, 1.480886742726896, 1791402463698740915, 
0.0036028027534484863, -0.31770604848861694, 1.3577605791456153, 1791402463730186864, 
0.050840139389038086, 0.29027241468429565, 1.3691486782342472, 1791402463761384442, 
-0.28420358896255493, 0.578448474407196, 1.5774408187483375, 1791402463788672602, 
-0.21191620826721191, 0.28432756662368774, 1.4331889355885203, 1791402463818650324, 
-0.442821204662323, 0.06591343879699707, 1.4385530301318357, 1791402463848661187, 
-0.049748241901397705, 0.003055870532989502, 1.5084657329624658, 1791402463877529242, 
-0.34844136238098145, 0.6211920380592346, 1.3882432888480056, 1791402463908576105, 
-0.29396921396255493, 0.6601260900497437, 1.5267005383601626, 1791402463937589984, 
0.13619929552078247, -0.2471190094947815, 1.3614711628695437, 1791402463970480389, 
-0.268743634223938, 0.29320085048675537, 1.5637618715225077, 1791402463998424035, 
0.3070140480995178, 0.7818579077720642, 1.3985393382081512, 1791402464028850996, 
-0.31936389207839966, 0.4677736163139343, 1.4581760546286737, 1791402464058261905, 
-0.16123491525650024, 0.10926240682601929, 1.4477382754152388, 1791402464088350807, 
-0.18063443899154663, 0.3631972074508667, 1.4386704036471014, 1791402464118210572, 
-0.1456623673439026, -0.06559288501739502, 1.4267257679230307, 1791402464148362995, 
0.059758126735687256, 0.06886851787567139, 1.4462129987081769, 1791402464178465257, 
0.1661643385887146, 0.48963457345962524, 1.347608417101065, 1791402464210626002, 
-0.6941971182823181, 0.6698020696640015, 1.5797649638916573, 1791402464238078126, 
0.367755651473999, -0.004869341850280762, 1.4542936492012004, 1791402464268049566, 
-0.3432902693748474, 0.24413621425628662, 1.442737370936413, 1791402464297933568, 
-0.3175390958786011, 0.44975966215133667, 1.424494515147069, 1791402464328006939, 
0.20881152153015137, 0.6200442314147949, 1.4258038218619005, 1791402464357924765, 
-0.22016257047653198, 0.5550739169120789, 1.4076957533972052, 1791402464387855717, 
0.18575716018676758, 0.08991605043411255, 1.4027676547630006, 1791402464418193300, 
-0.04303920269012451, 0.07672882080078125, 1.3044159023738697, 1791402464451395576, 
-0.3753737807273865, 0.6660922765731812, 1.622435608037344, 1791402464477740513, 
-0.10820287466049194, 0.6449183225631714, 1.439252008586165, 1791402464507705671, 
-0.28509849309921265, 0.06431782245635986, 1.4633336861619777, 1791402464537645048, 
-0.5480972528457642, -0.10016250610351562, 1.4548283333121925, 1791402464567567245, 
-0.011929869651794434, 0.6081446409225464, 1.5089448640250254, 1791402464596538205, 
-0.056083858013153076, 0.5346401333808899, 1.3998812187532166, 1791402464627761634, 
0.09886986017227173, 0.3931555151939392, 1.4019018954520783, 1791402464658384478, 
-0.1643763780593872, 0.2853686213493347, 1.346629392746651, 1791402464690207600, 
-0.27793943881988525, -0.285033643245697, 1.5646035725071947, 1791402464717451791, 
-0.1606513261795044, 0.61369389295578, 1.4129627049096483, 1791402464747344631, 
-0.3364822268486023, 0.6432231068611145, 1.4281945843876094, 1791402464777292419, 
-0.2806509733200073, -0.09414303302764893, 1.462444681014674, 1791402464807308082, 
-0.37180089950561523, 0.07437419891357422, 1.4590265216429765, 1791402464837252662, 
-0.29181307554244995, 0.07122272253036499, 1.464287017181885, 1791402464867186547, 
0.20731759071350098, 0.5513998866081238, 1.4112521316091908, 1791402464898681306, 
0.10915881395339966, 0.6869981288909912, 1.4117162904311082, 1791402464930181023, 
-0.48415446281433105, 0.23788118362426758, 1.6111294610902118, 1791402464957143333, 
0.03524881601333618, -0.12224924564361572, 1.4582709448137205, 1791402464986996917, 
-0.2627115249633789, 0.29446810483932495, 1.4535068146720924, 1791402465016990215, 
-0.07890737056732178, 0.8160614371299744, 1.4395370917154244, 1791402465046960538, 
-0.39224958419799805, 0.6587293744087219, 1.4811038803262793, 1791402465076898561, 
0.13747113943099976, 0.15031886100769043, 1.4614486274236838, 1791402465106941296, 
-0.2804111838340759, -0.00813448429107666, 1.3593668957742053, 1791402465138476956, 
-0.3673121929168701, -0.10881614685058594, 1.3883285962387568, 1791402465169794904, 
0.19708895683288574, 0.843206524848938, 1.6118453169767692, 1791402465196848157, 
-0.22684884071350098, 0.6477329730987549, 1.4324768418915892, 1791402465226715846, 
0.07801306247711182, 0.48714274168014526, 1.4527845036691094, 1791402465256776490, 
0.0019585490226745605, -0.011750996112823486, 1.462257827863947, 1791402465286716556, 
-0.4981144666671753, 0.47808682918548584, 1.4212902622490664, 1791402465316714910, 
0.08983445167541504, 0.31061315536499023, 1.4271951955488147, 1791402465346670221, 
-0.4091836214065552, 0.47514742612838745, 1.341269150171815, 1791402465378269500, 
0.1099591851234436, 0.1631934642791748, 1.3760515164313052, 1791402465408671528, 
-0.4061375856399536, 0.12195616960525513, 1.5109440935949343, 1791402465446409903, 
-0.1257728934288025, -0.2794228792190552, 1.4096930255809372, 1791402465476381374, 
-0.15414023399353027, 0.30388331413269043, 1.431539311613216, 1791402465506377993, 
0.3823869228363037, 0.8931565284729004, 1.3580937270499085, 1791402465538683028, 
-0.2855558395385742, 0.6422860622406006, 1.46506923663099, 1791402465568411540, 
-0.007016122341156006, 0.044891536235809326, 1.5548517189887656, 1791402465596362531, 
-0.03094393014907837, 0.05246543884277344, 1.4536381404842569, 1791402465626177003, 
0.3067600131034851, 0.2172442078590393, 1.4209538950257792, 1791402465656166209, 
-0.24403345584869385, 0.9905422925949097, 1.3827815841358586, 1791402465686074476, 
-0.12046539783477783, 0.5297430753707886, 1.3883948748026937, 1791402465716127972, 
-0.08303642272949219, 0.39894533157348633, 1.4071631770372457, 1791402465746754215, 
0.0059119462966918945, 0.2753065228462219, 1.3722202993851835, 1791402465778510341, 
-0.19663751125335693, -0.045654296875, 1.6049117894673255, 1791402465805964475, 
0.40994369983673096, 0.5326009392738342, 1.4934199666043497, 1791402465835914533, 
-0.13842588663101196, 0.686062216758728, 1.4520684098715866, 1791402465865848832, 
0.4223986864089966, 0.06910091638565063, 1.4426200125825812, 1791402465895836724, 
-0.5119073987007141, -0.05072230100631714, 1.4639611009431246, 1791402465925799175, 
0.21426606178283691, 0.19446104764938354, 1.4356163411062364, 1791402465955772928, 
-0.2580113410949707, 0.6838188171386719, 1.3580497887044194, 1791402465987217277, 
0.34595614671707153, 0.7438375949859619, 1.4065623949427586, 1791402466017528205, 
-0.4209780693054199, 0.022857308387756348, 1.5311369343292094, 1791402466045642999, 
-0.058006882667541504, -0.027303695678710938, 1.5091862226113997, 1791402466074586414, 
-0.6254674196243286, 0.5487416982650757, 1.1912749151996243, 1791402466099154794, 
0.4979645013809204, 0.5194175839424133, 1.602157695982402, 1791402466135585426, 
-0.5867030024528503, 0.5664181709289551, 1.4497891411405655, 1791402466165459911, 
0.23617029190063477, 0.11180776357650757, 1.4329937937571116, 1791402466195466607, 
-0.4646509289741516, 0.0014082789421081543, 1.3929618164800506, 1791402466226493400, 
0.46204835176467896, 0.45423269271850586, 1.329958754253964, 1791402466258283484, 
-0.06335008144378662, 0.12076359987258911, 1.521282305739683, 1791402466295301551, 
0.19963055849075317, 0.06485658884048462, 1.4193355705230672, 1791402466325269158, 
-0.20710992813110352, -0.11531990766525269, 1.414387008918146, 1791402466355267547, 
-0.11472553014755249, 0.5642296075820923, 1.379867821333223, 1791402466386301502, 
-0.16080176830291748, 0.9544379115104675, 1.3578817945961987, 1791402466418299637, 
-0.37525075674057007, 0.37481844425201416, 1.613233007639834, 1791402466445193542, 
-0.02849811315536499, -0.17900538444519043, 1.4453276611044492, 1791402466475250242, 
0.5064966082572937, 0.543494701385498, 1.2140775794572525, 1791402466498731563, 
-0.06189388036727905, 0.5878399610519409, 1.5209517462703872, 1791402466535270874, 
-0.08180123567581177, 0.7816890478134155, 1.4143869522126327, 1791402466565241319, 
0.3508555293083191, 0.5436490178108215, 1.4191753118165935, 1791402466595300005, 
-0.48814165592193604, 0.33051639795303345, 1.3269706319077685, 1791402466626961962, 
0.16416579484939575, 0.3468802571296692, 1.3869185153128174, 1791402466657493995, 
-0.008881211280822754, 0.41303426027297974, 1.5484706230935377, 1791402466685309941, 
-0.34446513652801514, 0.2756941318511963, 1.4304768348620638, 1791402466715039351, 
0.17441123723983765, 0.41649407148361206, 1.4118544148196153, 1791402466745056321, 
-0.09642106294631958, 0.198777973651886, 1.4210871180640197, 1791402466775033496, 
0.22188293933868408, 0.18451839685440063, 1.3900054160226871, 1791402466804970107, 
0.18723273277282715, 0.5354287624359131, 1.3924865623744938, 1791402466835040483, 
-0.2107526659965515, 0.6273384094238281, 1.3630387442734768, 1791402466866314472, 
