x, y, th, stamp, 
-1.8011283144151153, -1.9501293442983048, -3.0045243948328904, 2308341000000, 
-1.8011817431995678, -1.9513445572528303, -3.030260097175119, 2308375000000, 
-1.8012513226064515, -1.9525611365776356, -3.0529767754401638, 2308409000000, 
-1.8013384308954596, -1.9537795344062185, -3.073218397819237, 2308443000000, 
-1.8014439568292913, -1.955000066274059, -3.0914499397907043, 2308477000000, 
-1.8015685014610439, -1.9562231422044298, -3.1080722824741125, 2308511000000, 
-1.8017126370376138, -1.9574494594830485, -3.12342764033203, 2308545000000, 
-1.801877174070498, -1.9586801121918802, -3.137807466257499, 2308579000000, 
-1.8020630967004778, -1.9599163245220932, 3.131720224419138, 2308613000000, 
-1.8022711143035488, -1.9611589238136569, 3.1185552898042914, 2308647000000, 
-1.802501413930399, -1.9624083599059077, 3.105662900907056, 2308681000000, 
-1.8027539693934136, -1.9636652693503023, 3.092832207382407, 2308715000000, 
-1.8030289145800147, -1.9649307544757697, 3.0798627480135896, 2308749000000, 
-1.8033264699976723, -1.9662059459223395, 3.0665592412536085, 2308783000000, 
-1.8036466195659648, -1.9674915471730745, 3.052722854411418, 2308817000000, 
-1.803989033900199, -1.9687881124134607, 3.0381456552799544, 2308851000000, 
-1.8043533113986319, -1.9700966415847443, 3.022609218119285, 2308885000000, 
-1.8047391659917995, -1.9714185121803902, 3.0058822098327296, 2308919000000, 
-1.8051944365722614, -1.9729300671776342, 2.987741554132756, 2308953000000, 
-1.8061767587667896, -1.9790142774887758, 2.968624432255145, 2308987000000, 
-1.8085739594846917, -1.9808921336343468, 2.951146164315963, 2309021000000, 
-1.810994246171864, -1.9817747907971435, 2.9377807605112918, 2309055000000, 
-1.8134341130503562, -1.982612203052752, 2.9287635185639735, 2309089000000, 
-1.815894517155647, -1.9834027855994483, 2.9241813278483417, 2309123000000, 
-1.8183754674261527, -1.984145659127353, 2.924221427837577, 2309157000000, 
-1.8208768076328385, -1.9848412822554276, 2.9291912296329023, 2309191000000, 
-1.823398785927228, -1.985491462849003, 2.939568554979788, 2309225000000, 
-1.825941301909216, -1.9860990744038962, 2.956044416938753, 2309259000000, 
-1.8285029655284497, -1.9866675212481466, 2.979607274337134, 2309293000000, 
-1.831081066760096, -1.9872009715943788, 3.0116580743515375, 2309327000000, 
-1.833672427696957, -1.9877048318932153, 3.054183457580338, 2309361000000, 
-1.8362737555760102, -1.988185921037293, 3.1099786150758724, 2309395000000, 
-1.838259529102482, -1.9886442190024882, -3.100913735614121, 2309429000000, 
-1.838911104501808, -1.9891040451531523, -3.0157029741331605, 2309463000000, 
-1.8395806735735503, -1.9895963181994079, -2.9158164423954736, 2309497000000, 
-1.8402654063542292, -1.990121531353063, -2.795933118167529, 2309531000000, 
-1.84096232697624, -1.9906803361834602, -2.6490687183305694, 2309565000000, 
-1.841668803578752, -1.9912730559314518, -2.467225746895004, 2309599000000, 
-1.8423821046799045, -1.9918993636427573, -2.2445989631828134, 2309633000000, 
-1.8430990331286496, -1.992558810011131, -1.9849856654228228, 2309667000000, 
-1.8438157978835918, -1.9932512622627951, -1.7088073886989341, 2309701000000, 
-1.8445285319341325, -1.9939767313413836, -1.446639660122993, 2309735000000, 
-1.8454794203787646, -1.9929736586040439, -1.2300456595363405, 2309769000000, 
-1.8464604772757356, -1.9918132284053212, -1.0667154341305336, 2309803000000, 
-1.8474445831574828, -1.9906656454420137, -0.9446315643730365, 2309837000000, 
-1.8484282591892454, -1.9895303626276368, -0.8521605317950562, 2309871000000, 
-1.8494087075344698, -1.988406939627569, -0.7806008998735201, 2309905000000, 
-1.85038351634828, -1.9872955524775364, -0.7239590309977955, 2309939000000, 
-1.8513502067469398, -1.9861964480083607, -0.6782127878880996, 2309973000000, 
-1.8523063119815724, -1.9851092063069946, -0.6406446559292642, 2310007000000, 
-1.8532497720376158, -1.9840329318093053, -0.6093590922704265, 2310041000000, 
-1.8541789628420478, -1.9829669874746814, -0.5829948209253413, 2310075000000, 
-1.855092345172373, -1.9819110699497198, -0.5605720392512951, 2310109000000, 
-1.855988375044292, -1.9808645584360476, -0.5413868300696034, 2310143000000, 
-1.8568658268481157, -1.9798262781570248, -0.5249151759758672, 2310177000000, 
-1.8577239323594021, -1.9787951383039244, -0.5107465065693068, 2310211000000, 
-1.8585620310613367, -1.9777706704205122, -0.4985613245039747, 2310245000000, 
-1.859379271869259, -1.9767526224156966, -0.48812573665700215, 2310279000000, 
-1.8601748459754717, -1.9757402420164096, -0.4792706817691204, 2310313000000, 
-1.860948344987499, -1.9747323329389332, -0.471862291332058, 2310347000000, 
-1.861699639831453, -1.973727914086961, -0.4657899812964804, 2310381000000, 
-1.862428512781492, -1.9727264048186632, -0.4609728803253961, 2310415000000, 
-1.8631347081890968, -1.9717271045223095, -0.4573596655026051, 2310449000000, 
-1.8638183313009635, -1.970728899863459, -0.45491312219936225, 2310483000000, 
-1.8644798628925898, -1.9697307296657263, -0.4536002480431138, 2310517000000, 
-1.8651196620753514, -1.9687320750199666, -0.4534015916175139, 2310551000000, 
-1.8657377324186997, -1.967732686029225, -0.4543220156654302, 2310585000000, 
-1.8663341712381747, -1.9667319711424758, -0.4563821080444226, 2310619000000, 
-1.8669096137001273, -1.965728985198695, -0.45960131557257977, 2310653000000, 
-1.8674649677094761, -1.9647229717957029, -0.46399814808353435, 2310687000000, 
-1.8680008976702878, -1.9637135745684164, -0.46960486677617486, 2310721000000, 
-1.8685179405070014, -1.962700449408235, -0.476469615114717, 2310755000000, 
-1.8690170683206382, -1.961683003790476, -0.48463993043303316, 2310789000000, 
-1.8694997007581802, -1.9606607343064437, -0.49415484018403333, 2310823000000, 
-1.8699670365460284, -1.959633606908863, -0.5050613212589693, 2310857000000, 
-1.8704197548935177, -1.958601844426997, -0.5174298710714998, 2310891000000, 
-1.8708586383197863, -1.9575654566550378, -0.5313410529880148, 2310925000000, 
-1.8712852006434575, -1.9565242592871814, -0.5468595670566165, 2310959000000, 
-1.871701357933425, -1.9554783253896137, -0.5640339092010331, 2310993000000, 
-1.872108703491903, -1.954428144938637, -0.5829193559339454, 2311027000000, 
-1.8725085781046993, -1.9533743064240514, -0.6035825680897313, 2311061000000, 
-1.8729027965591418, -1.9523173113905647, -0.6260745814395298, 2311095000000, 
-1.8732937612146083, -1.9512578690219806, -0.6504127539698886, 2311129000000, 
-1.873683677015726, -1.9501971757534053, -0.6766010707039003, 2311163000000, 
-1.8740741239862562, -1.9491366964860817, -0.7046539371989521, 2311197000000, 
-1.8744667690690684, -1.9480777976060168, -0.7345762063271675, 2311231000000, 
-1.8748641822596068, -1.9470218401263875, -0.7663191391954005, 2311265000000, 
-1.8741507337251322, -1.947058141274446, -0.7979990584746157, 2311299000000, 
-1.8731994955273028, -1.947324788130281, -0.827022117830061, 2311333000000, 
-1.872251501697686, -1.9475896617377406, -0.8534116860979766, 2311367000000, 
-1.8713079497980347, -1.9478550123101377, -0.8772281337680726, 2311401000000, 
-1.8703697569935083, -1.9481233573915329, -0.8985385516862847, 2311435000000, 
-1.8694379181586271, -1.9483970374782789, -0.9174195637979531, 2311469000000, 
-1.8685133803046214, -1.9486776011003735, -0.9339837700793817, 2311503000000, 
-1.8675968133026344, -1.9489662774571457, -0.9483595861276886, 2311537000000, 
-1.866688461288738, -1.9492646504083255, -0.960662325471175, 2311571000000, 
-1.8657884146025359, -1.9495747333346858, -0.9709822744951869, 2311605000000, 
-1.8648968550985876, -1.9498982634365534, -0.9794069470749576, 2311639000000, 
-1.8640140149018174, -1.9502363949229504, -0.9860332779787498, 2311673000000, 
-1.8631398894951139, -1.950590116452851, -0.9909563306386422, 2311707000000, 
-1.8622741844593007, -1.9509607342591329, -0.9942511711271433, 2311741000000, 
-1.8614165813509955, -1.9513496184890338, -0.9959772387287301, 2311775000000, 
-1.860566965434194, -1.951757667920975, -0.9961943711962985, 2311809000000, 
-1.859725242610095, -1.9521853167122638, -0.994966137773114, 2311843000000, 
-1.8588909870236878, -1.9526331091000915, -0.9923449298852643, 2311877000000, 
-1.8580634275643866, -1.9531019857699048, -0.9883614431759621, 2311911000000, 
-1.8572418270120323, -1.9535929184104297, -0.9830316034959241, 2311945000000, 
-1.856425714286649, -1.954106466805119, -0.9763692926489289, 2311979000000, 
-1.8556146398286086, -1.9546428862245198, -0.9683866604247023, 2312013000000, 
-1.854807841631164, -1.9552025351582805, -0.9590840261707922, 2312047000000, 
-1.854004372265236, -1.9557859406497498, -0.9484448385002215, 2312081000000, 
-1.8532035277213073, -1.9563934503928555, -0.9364420226443236, 2312115000000, 
-1.8524049090572852, -1.957025022714082, -0.9230452140246724, 2312149000000, 
-1.8516079608774823, -1.9576804563982222, -0.9082181824199225, 2312183000000, 
-1.8508116464763724, -1.9583597133339739, -0.8919094033571034, 2312217000000, 
-1.8500147607848119, -1.9590628905604472, -0.8740472157962045, 2312251000000, 
-1.8492164367213515, -1.9597899218301056, -0.8545440996657296, 2312285000000, 
-1.8484161011966285, -1.960540425602018, -0.8333029108750972, 2312319000000, 
-1.8476129785049162, -1.9613138606937286, -0.8102155404928852, 2312353000000, 
-1.846805947275187, -1.9621097264176428, -0.7851542341206174, 2312387000000, 
-1.8459940090085536, -1.962927522785537, -0.7579658536574903, 2312421000000, 
-1.8451766420639681, -1.9637665264163209, -0.7284768364594358, 2312455000000, 
-1.844353440338332, -1.9646256754786482, -0.6965026214917025, 2312489000000, 
-1.8435235307709128, -1.9655037102430992, -0.6618476749014178, 2312523000000, 
-1.8426856443206108, -1.9663993859832927, -0.624294159438166, 2312557000000, 
-1.8418387562453, -1.9673114710871038, -0.5835957916582057, 2312591000000, 
-1.8409823590664784, -1.9682385124816817, -0.5394912411797633, 2312625000000, 
-1.8401159989920515, -1.9691786737173131, -0.49172654364328294, 2312659000000, 
-1.839238839880637, -1.9701298680127446, -0.4400641283374752, 2312693000000, 
-1.8383499658794875, -1.9710899807830538, -0.3842807622290214, 2312727000000, 
-1.8374489654346382, -1.9720568062141353, -0.32418527808361114, 2312761000000, 
-1.8365358615204788, -1.9730277237219451, -0.25967019119605406, 2312795000000, 
-1.8356104350033906, -1.973999564184255, -0.19076493423320645, 2312829000000, 
-1.8346719414092179, -1.9749688826509786, -0.11765372360719889, 2312863000000, 
-1.8352876606449982, -1.975760221780413, -0.0434150828104438, 2312897000000, 
-1.8362200716912953, -1.9765189480846963, 0.02853549943675238, 2312931000000, 
-1.837131669176896, -1.9772798936052882, 0.09786471612186565, 2312965000000, 
-1.8380225024428394, -1.9780397102679361, 0.16425072038753807, 2312999000000, 
-1.8388930890706012, -1.9787954633478748, 0.22750074528780384, 2313033000000, 
-1.8397436969661782, -1.9795446645608805, 0.2875348808003965, 2313067000000, 
-1.8405742098028477, -1.9802850526648492, 0.34435249784445654, 2313101000000, 
-1.8413847741372769, -1.9810141505959922, 0.3979917604265818, 2313135000000, 
-1.8421762585909458, -1.9817295722941235, 0.44853873621122575, 2313169000000, 
-1.8429497296890838, -1.9824293884352997, 0.4961323274469217, 2313203000000, 
-1.8437057806582202, -1.9831121120391157, 0.5409456367933908, 2313237000000, 
-1.8444446935054475, -1.983776248592133, 0.5831510946634666, 2313271000000, 
-1.8451670932123234, -1.9844202238082356, 0.6229128598236374, 2313305000000, 
-1.8458739814594594, -1.9850426643792987, 0.6603973620060594, 2313339000000, 
-1.8465661319819462, -1.985642548608144, 0.6957741372379191, 2313373000000, 
-1.8472438876773856, -1.9862190046276664, 0.7292016245572519, 2313407000000, 
-1.847907921344818, -1.9867707132407306, 0.7608147352850908, 2313441000000, 
-1.8485594329316477, -1.987296618105036, 0.7907383073970998, 2313475000000, 
-1.8491997414282237, -1.9877960534522592, 0.819097625634025, 2313509000000, 
-1.8498296779256105, -1.9882685549397567, 0.8460119989553284, 2313543000000, 
-1.850449750312882, -1.9887135395029814, 0.8715823960822052, 2313577000000, 
-1.851060753786931, -1.9891303595209535, 0.8958929561185054, 2313611000000, 
-1.851663826334132, -1.9895185800547313, 0.9190219723894462, 2313645000000, 
-1.8522599238001103, -1.9898779570428007, 0.941043385890319, 2313679000000, 
-1.8528496537183068, -1.9902081553530304, 0.9620177150852869, 2313713000000, 
-1.8534337793592934, -1.990508740898881, 0.9819900040398161, 2313747000000, 
-1.854013556248333, -1.990779516548486, 1.0010002481069686, 2313781000000, 
-1.8545903105525934, -1.9910206370532293, 1.0190896890803116, 2313815000000, 
-1.855164892808407, -1.9912322472007458, 1.0362921683017932, 2313849000000, 
-1.8557378228243644, -1.991414182716968, 1.0526241952630604, 2313883000000, 
-1.856309945491489, -1.9915664910034552, 1.0680894635964742, 2313917000000, 
-1.8568823976275224, -1.9916893496423542, 1.0826867200252162, 2313951000000, 
-1.8574561597494479, -1.991783223182111, 1.0964128049010478, 2313985000000, 
-1.8580319048791505, -1.991848274410171, 1.1092427606427429, 2314019000000, 
-1.8586104258629168, -1.991884695788658, 1.1211342436276932, 2314053000000, 
-1.8591929206114903, -1.9918930027469868, 1.1320346599817968, 2314087000000, 
-1.8597805897513664, -1.991874176740589, 1.1418876102332194, 2314121000000, 
-1.8603741767242112, -1.9918290514818582, 1.150610892531299, 2314155000000, 
-1.860974159032149, -1.9917581313443935, 1.1580788240073874, 2314189000000, 
-1.8615812806587886, -1.991661975232884, 1.1641217484939004, 2314223000000, 
-1.8621965666608966, -1.9915416603679794, 1.168534742995187, 2314257000000, 
-1.8628208670249922, -1.9913984847382191, 1.1710570064412706, 2314291000000, 
-1.8634547268518857, -1.9912335303259487, 1.1713277338255073, 2314325000000, 
-1.8640988000869636, -1.9910478471826139, 1.1688482593373428, 2314359000000, 
-1.8647540562609088, -1.9908430582803016, 1.1629576486021018, 2314393000000, 
-1.865421366119308, -1.990621315331569, 1.152766285690587, 2314427000000, 
-1.8661010980058035, -1.990384608106062, 1.1369966408535288, 2314461000000, 
-1.8667933850552785, -1.990134495724336, 1.1137289131150412, 2314495000000, 
-1.8674986413318593, -1.989872740688657, 1.0800458621216382, 2314529000000, 
-1.8682175113335775, -1.9896018503479558, 1.0314399127906781, 2314563000000, 
-1.868950370599079, -1.9893247065098498, 0.9606806812596248, 2314597000000, 
-1.86969722060275, -1.989043972073129, 0.8558040785003943, 2314631000000, 
-1.8704581211555125, -1.9887623465630173, 0.6974689912754904, 2314665000000, 
-1.8705831764968426, -1.988066970510235, 0.46356708297370086, 2314699000000, 
-1.8697739140782492, -1.9867668669162508, 0.16330899155693337, 2314733000000, 
-1.8689503241656111, -1.9854539447479294, -0.16989931477524872, 2314767000000, 
-1.868111405783318, -1.9841302461847956, -0.47817011834604045, 2314801000000, 
-1.8672560421063495, -1.982797377969291, -0.7253383567265235, 2314835000000, 
-1.8663827184106654, -1.9814565727654088, -0.911667183934823, 2314869000000, 
-1.8644721999357454, -1.9815092499468572, -1.041498044245166, 2314903000000, 
-1.86251098482958, -1.9816519302890734, -1.1271190597893104, 2314937000000, 
-1.8605670751384775, -1.9818074922871352, -1.1837910250448962, 2314971000000, 
-1.8586421745333686, -1.9819860954041266, -1.2208915943867131, 2315005000000, 
-1.8567365760457986, -1.9821969595397873, -1.2442270082692335, 2315039000000, 
-1.8548507511659544, -1.9824480961401205, -1.2574207657809762, 2315073000000, 
-1.8529857369197809, -1.9827457752151072, -1.2627817880243466, 2315107000000, 
-1.8511420658095492, -1.9830953267723244, -1.2617775646062273, 2315141000000, 
-1.8493186949529186, -1.983501466219798, -1.2553462895238339, 2315175000000, 
-1.8475136568173274, -1.9839681355162666, -1.2440566203378074, 2315209000000, 
-1.8457252434280622, -1.9844980673719907, -1.228211600905562, 2315243000000, 
-1.8439521389641285, -1.9850930577653343, -1.207879714007832, 2315277000000, 
-1.8421922982637386, -1.9857538188934374, -1.1829335712521192, 2315311000000, 
-1.8404426804833964, -1.9864803285526906, -1.1530631058336511, 2315345000000, 
-1.8387001835287236, -1.9872715640040257, -1.1177707542615891, 2315379000000, 
-1.836962438713111, -1.9881252463018957, -1.0763458441424152, 2315413000000, 
-1.835227468084098, -1.9890381659577723, -1.0278282830068401, 2315447000000, 
-1.8334923714913272, -1.9900057458936968, -0.9709766990600593, 2315481000000, 
-1.831753472714193, -1.9910226706319818, -0.9042294851641324, 2315515000000, 
-1.8300071503436919, -1.9920822715233, -0.8257486002453882, 2315549000000, 
-1.8282504482441242, -1.9931768436818513, -0.7334499668502156, 2315583000000, 
-1.82656717806809, -1.9942333932944067, -0.6253597252716746, 2315617000000, 
-1.8262533330651938, -1.9942703199327674, -0.5071925696806917, 2315651000000, 
-1.8258978584217096, -1.9943071420680267, -0.3833417372565756, 2315685000000, 
-1.8255015381988942, -1.9943421154720926, -0.25436972260231494, 2315719000000, 
-1.8250650487175935, -1.9943740787654376, -0.12123748252043638, 2315753000000, 
-1.8245893365018118, -1.9944017178344653, 0.014673961167154666, 2315787000000, 
-1.824075389721823, -1.9944232742517376, 0.15162136111486543, 2315821000000, 
-1.823524173926627, -1.9944368182144088, 0.28767255822139703, 2315855000000, 
-1.822936758825878, -1.9944406927931608, 0.42093834862350865, 2315889000000, 
-1.8223145125010367, -1.994433447256803, 0.5497558780306014, 2315923000000, 
-1.8216590466566627, -1.9944133708685143, 0.6728044139388388, 2315957000000, 
-1.8209720169080736, -1.9943783552951786, 0.7891869376724872, 2315991000000, 
-1.8202550703562965, -1.9943263539484284, 0.8984621826456838, 2316025000000, 
-1.8195100795237296, -1.9942557778496686, 1.0005718411172364, 2316059000000, 
-1.8187393539556336, -1.9941652088156883, 1.0956972297608805, 2316093000000, 
-1.81862810141447, -1.9954001668066508, 1.1802671147857153, 2316127000000, 
-1.8186614608016747, -1.9969164525995604, 1.2511680422134668, 2316161000000, 
-1.8186969294349955, -1.998425092366738, 1.3106615650717168, 2316195000000, 
-1.8187361615649174, -1.9999246828831374, 1.3606846376636144, 2316229000000, 
-1.8187807129397606, -2.001413967107305, 1.4028501200641978, 2316263000000, 
-1.8188323282297272, -2.0028922007993173, 1.4384587892873286, 2316297000000, 
-1.8188924440377474, -2.0043590997687297, 1.468578547535996, 2316331000000, 
-1.8189620400827562, -2.005814156256154, 1.494074219236824, 2316365000000, 
-1.819041887987222, -2.0072565488377663, 1.515630664118663, 2316399000000, 
-1.8191329656202986, -2.0086857077824325, 1.533781278561258, 2316433000000, 
-1.8192362747602884, -2.0101017482425094, 1.5489602054610465, 2316467000000, 
-1.8193525072570713, -2.0115050382176465, 1.5615315252656499, 2316501000000, 
-1.8194820193510652, -2.0128956391483745, 1.5717944266143613, 2316535000000, 
-1.8196251315342342, -2.014273455732558, 1.579985028262396, 2316569000000, 
-1.819782152501459, -2.01563880588246, 1.5862977870057577, 2316603000000, 
-1.8199531416513939, -2.016992379537931, 1.5909041695363635, 2316637000000, 
-1.8201378471393315, -2.01833458754322, 1.5939506577005758, 2316671000000, 
-1.8203359768564706, -2.0196653245987335, 1.595548582363137, 2316705000000, 
-1.820547317727606, -2.0209845797968287, 1.5957833923172717, 2316739000000, 
-1.820771486465142, -2.0222929703618986, 1.5947364906248451, 2316773000000, 
-1.8210077121663688, -2.023591380552327, 1.5924913661197615, 2316807000000, 
-1.8212550103474288, -2.02488028015948, 1.58911909805772, 2316841000000, 
-1.8215124109054155, -2.0261597717783237, 1.5846716889969326, 2316875000000, 
-1.8217788151239223, -2.0274302085230524, 1.579197279196483, 2316909000000, 
-1.82205272237216, -2.0286922991459724, 1.5727538062008324, 2316943000000, 
-1.8223323478958022, -2.0299464718318956, 1.565398208332224, 2316977000000, 
-1.8226159832454543, -2.0311925196169605, 1.5571689417852548, 2317011000000, 
-1.8229019702291207, -2.0324301480838765, 1.5480930686637486, 2317045000000, 
-1.8231882430655402, -2.0336596077033184, 1.5382113133395068, 2317079000000, 
-1.8234721307163786, -2.034881427847766, 1.5275843866973482, 2317113000000, 
-1.8236908939855936, -2.0348962828055246, 1.5170104870969554, 2317147000000, 
-1.823870084973072, -2.034344436490202, 1.50846310341251, 2317181000000, 
-1.824035916664684, -2.033802465665115, 1.5019176996834225, 2317215000000, 
-1.8241865518681037, -2.03326934942419, 1.4972543949732404, 2317249000000, 
-1.8243202150152316, -2.0327441008230553, 1.4943640475054354, 2317283000000, 
-1.824435549080089, -2.0322261445323293, 1.4931322580043493, 2317317000000, 
-1.8245316084684282, -2.0317150732963585, 1.4934414034408314, 2317351000000, 
-1.8246074866130986, -2.031210112892983, 1.4951876879684105, 2317385000000, 
-1.8246621057564876, -2.0307100629737183, 1.4982883258139892, 2317419000000, 
-1.8246944340389892, -2.0302137873483583, 1.5026698047995812, 2317453000000, 
-1.8247037701844144, -2.0297205414035426, 1.5082553708769637, 2317487000000, 
-1.8246896947683946, -2.029229698258184, 1.5149681519995872, 2317521000000, 
-1.8246518105888545, -2.0287403303563196, 1.522741983775369, 2317555000000, 
-1.824589674830019, -2.02825129382424, 1.5315222085873406, 2317589000000, 
-1.8245029927453567, -2.027761685393854, 1.5412555984950718, 2317623000000, 
-1.824391758050254, -2.027270971782086, 1.5518846388748568, 2317657000000, 
-1.8242561373961077, -2.026778569992722, 1.5633538930862374, 2317691000000, 
-1.8240962773990217, -2.0262834693870597, 1.5756183013606655, 2317725000000, 
-1.8239122934135912, -2.02578443021933, 1.5886414349635731, 2317759000000, 
-1.823704421134264, -2.025280460259453, 1.602386739316769, 2317793000000, 
-1.8234731116457115, -2.0247708912892417, 1.6168138645205745, 2317827000000, 
-1.823218970843563, -2.02425498567115, 1.6318836242842651, 2317861000000, 
-1.822942657441059, -2.0237316908724, 1.6475628783363951, 2317895000000, 
-1.8226448763975025, -2.0231999194890675, 1.6638218861933844, 2317929000000, 
-1.8223264624048965, -2.0226589355771503, 1.6806280936980742, 2317963000000, 
-1.8219884481103317, -2.022108255236437, 1.697945138685962, 2317997000000, 
-1.821632045324701, -2.0215471747481364, 1.715738162172471, 2318031000000, 
-1.8212585686072569, -2.0209745903585463, 1.7339778067022138, 2318065000000, 
-1.820869393720989, -2.020389360726196, 1.7526374926551966, 2318099000000, 
-1.8204660096053826, -2.019790691405293, 1.7716878804196632, 2318133000000, 
-1.8200501123634323, -2.019178005465559, 1.7910959586573818, 2318167000000, 
-1.819623625108407, -2.0185505244148008, 1.8108294568004195, 2318201000000, 
-1.819188616117188, -2.0179072099199766, 1.8308597682762013, 2318235000000, 
-1.818747237383375, -2.0172471788362047, 1.8511587701837453, 2318269000000, 
-1.8183017986537677, -2.016569983555523, 1.8716938080434267, 2318303000000, 
-1.8178549034966585, -2.0158753121621937, 1.892428188032442, 2318337000000, 
-1.8174094679666644, -2.0151625048012, 1.9133269424924306, 2318371000000, 
-1.8169685972968845, -2.0144305767828694, 1.9343599429322178, 2318405000000, 
-1.8165355037799595, -2.0136787282442272, 1.9554979301255166, 2318439000000, 
-1.8161135946473392, -2.012906615381106, 1.9767072427529724, 2318473000000, 
-1.8157066078238493, -2.012114004173685, 1.9979511103029193, 2318507000000, 
-1.8153186038032578, -2.011300355780841, 2.0191955184834374, 2318541000000, 
-1.8143140014504207, -2.011786182648173, 2.039887005442555, 2318575000000, 
-1.8131425583861314, -2.0126132261764864, 2.059540710214269, 2318609000000, 
-1.811969475606709, -2.01344004927724, 2.078245623036307, 2318643000000, 
-1.8107966189575186, -2.0142659238850658, 2.0960605990537515, 2318677000000, 
-1.8096251888635584, -2.0150903364703407, 2.113052490607371, 2318711000000, 
-1.8084560729287575, -2.015912516738502, 2.1292914429697185, 2318745000000, 
-1.8072903937957365, -2.0167311099977483, 2.1448417683384196, 2318779000000, 
-1.8061294181584766, -2.017544422212656, 2.159762632375469, 2318813000000, 
-1.8049740361372781, -2.018350768699046, 2.1741162822078626, 2318847000000, 
-1.8097558818493023, -2.009064357294014, 2.189126113112112, 2318881000000, 
-1.8212997700958333, -1.9919243970193137, 2.2049031719399714, 2318915000000, 
-1.8332172584855528, -1.974933345574031, 2.2204379806582764, 2318949000000, 
-1.845436840256227, -1.9581775770403929, 2.235597448505627, 2318983000000, 
-1.8579904706970405, -1.9416391702071873, 2.2504253869003423, 2319017000000, 
-1.8708608452597124, -1.9253333269632753, 2.264976242245103, 2319051000000, 
-1.8840434709427365, -1.909261646554277, 2.279311769509208, 2319085000000, 
-1.897531420893654, -1.8934240062239986, 2.293501362583666, 2319119000000, 
-1.91131722741859, -1.8778199351813647, 2.3076115544012277, 2319153000000, 
-1.9253925084637915, -1.8624484656550389, 2.3217143364894772, 2319187000000, 
-1.9397485954432727, -1.847307579002304, 2.335879112180324, 2319221000000, 
-1.9543765554988397, -1.8323936521695774, 2.3501659409156277, 2319255000000, 
-1.9689355985250965, -1.818148807743595, 2.3651325144986606, 2319289000000, 
-1.9820764846723251, -1.8061595742657468, 2.4048257563547737, 2319323000000, 
-1.9946597903366332, -1.7962148867324836, 2.4774453443122177, 2319357000000, 
-2.0086700456179414, -1.7864199853179075, 2.554126042722875, 2319391000000, 
-2.0233719531456775, -1.7777438123757356, 2.6302136601484296, 2319425000000, 
-2.038630387035596, -1.7702678989355047, 2.705749637974133, 2319459000000, 
-2.0546464867771754, -1.7639840982633974, 2.7806033530075283, 2319493000000, 
-2.064737864273239, -1.7646968178110836, 2.8556128868275104, 2319527000000, 
-2.0713230084151433, -1.7709352198731487, 2.930872412198796, 2319561000000, 
-2.0774360548760527, -1.777661141296587, 3.006335737152961, 2319595000000, 
-2.0830485049321665, -1.7848297297959719, 3.081912258841225, 2319629000000, 
-2.088138095247762, -1.7923986903220308, -3.1256371553914195, 2319663000000, 
-2.0926858741740983, -1.800326916566411, -3.0499823007623044, 2319697000000, 
-2.096672895775482, -1.8085702894923346, -2.97437495240673, 2319731000000, 
-2.1000810397411214, -1.8170815417927417, -2.8989018532242845, 2319765000000, 
-2.1028955008919428, -1.825814567923609, -2.8236268936854603, 2319799000000, 
-2.105104876131696, -1.834725967150284, -2.7485773407680423, 2319833000000, 
-2.1110841933951927, -1.8432462104251106, -2.674268121395293, 2319867000000, 
-2.126710135486014, -1.8517100500362929, -2.6023324905173375, 2319901000000, 
-2.141648869674748, -1.8612260282130242, -2.5314294147161465, 2319935000000, 
-2.1558517240421766, -1.8717563362326546, -2.461030789786084, 2319969000000, 
-2.16933166801972, -1.8832600390962702, -2.3910255691524496, 2320003000000, 
-2.1817905413976937, -1.895452303326916, -2.321327857758187, 2320037000000, 
-2.1934447328975004, -1.908494736891077, -2.2520339653846824, 2320071000000, 
-2.204281976204724, -1.9224433435924644, -2.183155283882715, 2320105000000, 
-2.214136282868567, -1.9370690007255924, -2.1146172329260007, 2320139000000, 
-2.222960561554117, -1.9522821876574967, -2.0463622477158387, 2320173000000, 
-2.230726664150616, -1.9680200777305832, -1.9783684099289451, 2320207000000, 
-2.237227729687926, -1.9838517940497382, -1.910595900195548, 2320241000000, 
-2.2425651413503287, -1.9997601223633243, -1.8430196559801113, 2320275000000, 
-2.2468233119228707, -2.0159595724993102, -1.7756050976249205, 2320309000000, 
-2.2499903418871456, -2.032378054617808, -1.7083146408152987, 2320343000000, 
-2.252058291540196, -2.0489391494806948, -1.6411532826957553, 2320377000000, 
-2.253024517512068, -2.0655700858073716, -1.5741388790668462, 2320411000000, 
-2.2528900144220447, -2.082199308418338, -1.5072692525703315, 2320445000000, 
-2.2516599418596046, -2.098755830599499, -1.4405392972005637, 2320479000000, 
-2.2493435329939033, -2.1151684847072416, -1.3739762272559974, 2320513000000, 
-2.2459541577169904, -2.13136583129767, -1.3076337772024338, 2320547000000, 
-2.2415086085512503, -2.147279370677718, -1.2415510572000434, 2320581000000, 
-2.236026206222174, -2.1628443069047463, -1.1757388313083241, 2320615000000, 
-2.2295292500027126, -2.1779966258062755, -1.1102149380903166, 2320649000000, 
-2.2220442654669537, -2.192670737543174, -1.0450360264504797, 2320683000000, 
-2.2136019023098843, -2.2068016960599364, -0.9802784538334097, 2320717000000, 
-2.204035079459641, -2.220555192627534, -0.9142172869019207, 2320751000000, 
-2.1935212612405515, -2.2336482731627934, -0.8448188369977219, 2320785000000, 
-2.1822361498914256, -2.245850971907085, -0.7755674114116321, 2320819000000, 
-2.1701202334527667, -2.2572226463529534, -0.7068271214440728, 2320853000000, 
-2.157222399422196, -2.2677000749173484, -0.6385924652435487, 2320887000000, 
-2.143603211993589, -2.277218498937162, -0.5708008058051084, 2320921000000, 
-2.1295434190188303, -2.285507077512253, -0.5034048450427069, 2320955000000, 
-2.1149181414135274, -2.2928460134981883, -0.43645889808064603, 2320989000000, 
-2.1023174581309747, -2.297303211039394, -0.3702107496604666, 2321023000000, 
-2.101560208628474, -2.29139217099155, -0.30561843723297644, 2321057000000, 
-2.1045249653701505, -2.2839446463666366, -0.24123497129934443, 2321091000000, 
-2.1079678062829856, -2.2766961693853762, -0.17667009230143896, 2321125000000, 
-2.1118683016162563, -2.2696751886170135, -0.11189564088297707, 2321159000000, 
-2.1162041662214786, -2.2629090122363444, -0.046894464346981884, 2321193000000, 
-2.12095426208157, -2.2564200101053395, 0.01837620243731006, 2321227000000, 
-2.1260993559699903, -2.2502275317147458, 0.08397453502806172, 2321261000000, 
-2.131618918462139, -2.24435268695412, 0.14992865696202287, 2321295000000, 
-2.1374887294222646, -2.2388188483935716, 0.21622227114261397, 2321329000000, 
-2.143683237114906, -2.233647782940648, 0.2828305017168312, 2321363000000, 
-2.150178894243864, -2.2288578059719186, 0.34974908639931457, 2321397000000, 
-2.156952872517021, -2.2244662602603307, 0.4169736222844814, 2321431000000, 
-2.1639792667325204, -2.220491578944804, 0.4844663368428922, 2321465000000, 
-2.1712294689287917, -2.2169516857635365, 0.5521674679372456, 2321499000000, 
-2.178676626625936, -2.213861967403541, 0.6200358953099704, 2321533000000, 
-2.1862967954875914, -2.2112363734140135, 0.6880544823361581, 2321567000000, 
-2.1940641519526003, -2.209089554344644, 0.7561896460607438, 2321601000000, 
-2.201925140410388, -2.2074217149079742, 0.8243140971833806, 2321635000000, 
-2.209664860956867, -2.205822333318836, 0.8922026194863373, 2321669000000, 
-2.2169806508257284, -2.203151795568571, 0.9596597658602889, 2321703000000, 
-2.224742519106532, -2.199640457050801, 1.026571324258704, 2321737000000, 
-2.2327334358469058, -2.1947424567001987, 1.0929533991908629, 2321771000000, 
-2.239594552568726, -2.1879833358600282, 1.158672829700571, 2321805000000, 
-2.2464215418159945, -2.179855628177363, 1.2237833283174446, 2321839000000, 
-2.2538778289997192, -2.1748351850042456, 1.2885069884376323, 2321873000000, 
-2.2615886751669563, -2.1701400495471077, 1.3526186850758655, 2321907000000, 
-2.266862939833585, -2.162312432887523, 1.4157708886329052, 2321941000000, 
-2.264774360861117, -2.1457684362035656, 1.4766350506633126, 2321975000000, 
-2.2636524333326515, -2.129213287753547, 1.5367786965970684, 2322009000000, 
-2.263475101247503, -2.1126589026510354, 1.59635294002879, 2322043000000, 
-2.2643049673363818, -2.0962499052942754, 1.6553967572077544, 2322077000000, 
-2.266074828749994, -2.079970573401956, 1.7139890187760536, 2322111000000, 
-2.268924877932578, -2.0631586537328666, 1.7781330642033326, 2322145000000, 
-2.272870170970625, -2.0465682750365697, 1.8506707118443038, 2322179000000, 
-2.2779049438625916, -2.0304282762168526, 1.9207105879427273, 2322213000000, 
-2.2840463119195094, -2.014488432187364, 1.989472158873724, 2322247000000, 
-2.29122842635473, -1.9989423991009407, 2.0582428476247907, 2322281000000, 
-2.2994190435423647, -1.9838601356074774, 2.1269466098625647, 2322315000000, 
-2.3085822311201936, -1.9693064047052675, 2.195594818088247, 2322349000000, 
-2.318679579411803, -1.9553431896113824, 2.2641836561070443, 2322383000000, 
-2.3296702177235993, -1.9420277971614321, 2.332679455198374, 2322417000000, 
-2.3415099665053343, -1.9294155575713092, 2.4010529278616723, 2322451000000, 
-2.3541497203543154, -1.917561093920089, 2.4693043032653708, 2322485000000, 
-2.3675372373434596, -1.9065158886817863, 2.5374355999905926, 2322519000000, 
-2.381619817141033, -1.896326269642729, 2.6054126664345496, 2322553000000, 
-2.3963437502410034, -1.8870342192075031, 2.6731778407209164, 2322587000000, 
-2.411650821793269, -1.8786802737044328, 2.7406953200906417, 2322621000000, 
-2.4274782194965874, -1.8713021985252962, 2.807961427884938, 2322655000000, 
-2.443761569435663, -1.864933245744958, 2.874968613791462, 2322689000000, 
-2.460436488636702, -1.8596018441023128, 2.941683866463617, 2322723000000, 
-2.477436830254868, -1.8553331101448949, 3.0080747577328975, 2322757000000, 
-2.4946923725219854, -1.852148755748777, 3.0741379919700416, 2322791000000, 
-2.512131114391264, -1.850065140437169, 3.139881163809273, 2322825000000, 
-2.529678558485002, -1.8490934567122959, -3.07790067849204, 2322859000000, 
-2.5468665444116003, -1.8492148708339098, -3.01290539756337, 2322893000000, 
-2.564014850601581, -1.8504326400519173, -2.9483201349574824, 2322927000000, 
-2.5810676439722116, -1.852744078520921, -2.8841345751527374, 2322961000000, 
-2.5979528163069734, -1.856141837449135, -2.820334388680915, 2322995000000, 
-2.6146013830419634, -1.8606143137482527, -2.7569292477032845, 2323029000000, 
-2.630945875184098, -1.866145572710222, -2.693935946584581, 2323063000000, 
-2.646918049898377, -1.8727142152056309, -2.631346970501216, 2323097000000, 
-2.6624504679915804, -1.8802933914994169, -2.5691382768706283, 2323131000000, 
-2.6774799589663005, -1.888852579345583, -2.5073064390096484, 2323165000000, 
-2.691948030446892, -1.898358540375808, -2.4458761692183466, 2323199000000, 
-2.705798301723671, -1.9087744322348834, -2.384864031937219, 2323233000000, 
-2.718975730821047, -1.920058666092787, -2.3242529788982065, 2323267000000, 
-2.7314264832959623, -1.9321617044348445, -2.2640143557149925, 2323301000000, 
-2.7431031793065053, -1.9450340422888257, -2.2041420331580412, 2323335000000, 
-2.753963068494276, -1.958624578293537, -2.1446462856743493, 2323369000000, 
-2.7639663853571483, -1.9728785613297917, -2.0855207092707704, 2323403000000, 
-2.7730906897655334, -1.9877695069696888, -2.026736466124706, 2323437000000, 
-2.7814553060756015, -2.0034887792552696, -1.968261038644968, 2323471000000, 
-2.7888618748580765, -2.01972852250437, -1.9101363626273227, 2323505000000, 
-2.7952745738876073, -2.0364035590664606, -1.8523865657838856, 2323539000000, 
-2.800674433288144, -2.053449746329812, -1.7950021691536315, 2323573000000, 
-2.805047066571621, -2.070801462063731, -1.73795636734265, 2323607000000, 
-2.8083832343896566, -2.0883946637311843, -1.6812399059410406, 2323641000000, 
-2.8106778429615598, -2.106167455509144, -1.6248688758237895, 2323675000000, 
-2.811928935893591, -2.1240575026774624, -1.568851345638985, 2323709000000, 
-2.8121385588312386, -2.142001561213503, -1.5131727120938387, 2323743000000, 
-2.8113129568488144, -2.1599380572920124, -1.4578257495823554, 2323777000000, 
-2.8094614804057274, -2.177809257314048, -1.4028357879979263, 2323811000000, 
-2.806596194384223, -2.195559195666114, -1.3482380281991428, 2323845000000, 
-2.8027323912719884, -2.2131309173928586, -1.294038606142091, 2323879000000, 
-2.7978940319189767, -2.2304628894994534, -1.2402197059911946, 2323913000000, 
-2.792088938949292, -2.247512782949328, -1.1868351084780706, 2323947000000, 
-2.7853563036548783, -2.2642178777810607, -1.1338624980794525, 2323981000000, 
-2.777802167227558, -2.2804699294756134, -1.0813352520462265, 2324015000000, 
-2.7692785706963625, -2.296339920015086, -1.0292025268975582, 2324049000000, 
-2.7600691347494197, -2.3114923499033386, -0.9774406483338974, 2324083000000, 
-2.750232669712583, -2.3259968514793674, -0.9259726775817347, 2324117000000, 
-2.7479249270223565, -2.333069599031813, -0.8756616072038499, 2324151000000, 
-2.7516809016038173, -2.331742671570291, -0.8264206377107443, 2324185000000, 
-2.7506868543679217, -2.3352110989696273, -0.7776683572052118, 2324219000000, 
-2.7490378668317743, -2.339130315407581, -0.728649255725817, 2324253000000, 
-2.747171034088732, -2.342958487251404, -0.6792908325926217, 2324287000000, 
-2.745095322149411, -2.3466849995637795, -0.6295783005428824, 2324321000000, 
-2.742819149847207, -2.3503013661026606, -0.5794715412775698, 2324355000000, 
-2.740350837544156, -2.353799927055719, -0.5289210720672867, 2324389000000, 
-2.7376997712674584, -2.3571718331168774, -0.4779007404258355, 2324423000000, 
-2.7348761627379568, -2.3604076870526023, -0.426402599038889, 2324457000000, 
-2.7318893503733714, -2.36349981696906, -0.37439960584880516, 2324491000000, 
-2.728747233768776, -2.3664425734257044, -0.32183408414094167, 2324525000000, 
-2.725457951771263, -2.3692302502592795, -0.2686509596595816, 2324559000000, 
-2.7220313263802702, -2.3718558097995643, -0.21482645611986056, 2324593000000, 
-2.718477806714058, -2.3743120143567666, -0.16035204928098878, 2324627000000, 
-2.714806669979792, -2.3765928216790644, -0.10520374037349758, 2324661000000, 
-2.7110265337841044, -2.378692932380367, -0.049347213784372665, 2324695000000, 
-2.707147430779822, -2.380606564849945, 0.0072300792451413555, 2324729000000, 
-2.703180926354391, -2.3823275085834608, 0.06451229210988133, 2324763000000, 
-2.699137780945652, -2.3838501777638714, 0.12248576421957422, 2324797000000, 
-2.6950267712922695, -2.3851699022408077, 0.18115900490372608, 2324831000000, 
-2.6908567028574315, -2.3862821689784415, 0.24053973703263376, 2324865000000, 
-2.6866387047781477, -2.387182114482122, 0.3006020386814603, 2324899000000, 
-2.682385442808102, -2.387864858851278, 0.36129059512599304, 2324933000000, 
-2.6788955248423187, -2.388938277017865, 0.4224152348088887, 2324967000000, 
-2.6811527346496598, -2.392371683152576, 0.48286277470893163, 2325001000000, 
-2.683432003441501, -2.3959298907297044, 0.5428513361247805, 2325035000000, 
-2.6855275165731527, -2.3996017564091017, 0.6023235958893277, 2325069000000, 
-2.6874355053998538, -2.4033753636017314, 0.6612206068573586, 2325103000000, 
-2.6891538933312416, -2.407240885257612, 0.7195201683230309, 2325137000000, 
-2.6906807966526474, -2.411189652590748, 0.7772245171559402, 2325171000000, 
-2.6920133432523032, -2.415211552125482, 0.8343236383853594, 2325205000000, 
-2.6931484870084788, -2.419294693484788, 0.8907887995955145, 2325239000000, 
-2.6940842044500943, -2.423427768980886, 0.9466034328770765, 2325273000000, 
-2.6948191869745965, -2.427601229597215, 1.0017805313940626, 2325307000000, 
-2.695351909234279, -2.4318054006454233, 1.0563393509666477, 2325341000000, 
-2.695680815153868, -2.4360287634703157, 1.1102805721760352, 2325375000000, 
-2.695805105359363, -2.440259460040988, 1.1636020260488138, 2325409000000, 
-2.6957245132848926, -2.4444877526333655, 1.2163312800340291, 2325443000000, 
-2.6954384070762654, -2.4487053702295523, 1.2685218976782946, 2325477000000, 
-2.694945881168773, -2.452902490967034, 1.3202152584735687, 2325511000000, 
-2.6942467411776745, -2.457066863573164, 1.371423549411519, 2325545000000, 
-2.693341648712587, -2.4611862323827554, 1.4221573388796562, 2325579000000, 
-2.6922312231457872, -2.4652501313854236, 1.4724527446256028, 2325613000000, 
-2.690915874426277, -2.4692483781400014, 1.5223559377420128, 2325647000000, 
-2.689396845947194, -2.473169003138164, 1.5718918059478046, 2325681000000, 
-2.687789775817899, -2.4762571931897743, 1.6211447828014653, 2325715000000, 
-2.6860584802520378, -2.4763208826834644, 1.670373252148235, 2325749000000, 
-2.6840925430207574, -2.474604575885546, 1.71955453194612, 2325783000000, 
-2.681893711803415, -2.472845425939717, 1.768622404028533, 2325817000000, 
-2.679663274900635, -2.4723434025441593, 1.8175108362494012, 2325851000000, 
-2.6827091307658177, -2.459071327659378, 1.866989230544486, 2325885000000, 
-2.6875916082794764, -2.444213682075072, 1.9162272950238264, 2325919000000, 
-2.693291176283113, -2.4296072602187335, 1.9652432539625477, 2325953000000, 
-2.6997612264220114, -2.41538305399293, 2.014108360274802, 2325987000000, 
-2.70690541645364, -2.4016500720105, 2.0628831906064677, 2326021000000, 
-2.714756006936987, -2.3883344833658984, 2.1115936001059623, 2326055000000, 
-2.7232722801223432, -2.3754747215564134, 2.1603108611794455, 2326089000000, 
-2.7324259841612926, -2.3630898934681293, 2.209145643189433, 2326123000000, 
-2.742190694368097, -2.351205109060142, 2.2580774290528005, 2326157000000, 
-2.752534798327814, -2.3398478010421204, 2.3070674324838127, 2326191000000, 
-2.763426197042557, -2.3290424387889956, 2.3560929793196004, 2326225000000, 
-2.7748331981953296, -2.318810363122258, 2.4051559713744926, 2326259000000, 
-2.786723460980507, -2.3091715121746597, 2.454257120750811, 2326293000000, 
-2.7990630629784357, -2.3001452787700174, 2.5033769432846067, 2326327000000, 
-2.8118175703995285, -2.291749310759941, 2.5524939235531487, 2326361000000, 
-2.8249536915686226, -2.2839983632825622, 2.6016109194669768, 2326395000000, 
-2.838438872578711, -2.2769050516009015, 2.6507468055739203, 2326429000000, 
-2.8522392718587395, -2.270481252134925, 2.699903774036217, 2326463000000, 
-2.866319195745558, -2.2647380778995703, 2.7490582964605896, 2326497000000, 
-2.8806429848676993, -2.2596846965871937, 2.798188105736017, 2326531000000, 
-2.8951765636181923, -2.2553278658313034, 2.8472937127316245, 2326565000000, 
-2.909886413581738, -2.251672697281322, 2.896383575277358, 2326599000000, 
-2.924737857951153, -2.24872326586531, 2.9454490514839624, 2326633000000, 
-2.939695643716512, -2.246482218641144, 2.994469684028415, 2326667000000, 
-2.954726079631422, -2.24495031189135, 3.0434402237632754, 2326701000000, 
-2.9697973484562894, -2.2441266786871337, 3.092375546496012, 2326735000000, 
-2.984877353771823, -2.2440092448911515, 3.14128335604686, 2326769000000, 
-2.9999323324616993, -2.244594664555289, -3.09304084602008, 2326803000000, 
-3.0149283864574485, -2.2458781210242216, -3.044255728030468, 2326837000000, 
-3.0298336579911402, -2.247853507885674, -2.995558559986959, 2326871000000, 
-3.044618012854043, -2.2505137031984512, -2.9469464077708967, 2326905000000, 
-3.0592510407019153, -2.253850387072709, -2.898427036029247, 2326939000000, 
-3.073701684047817, -2.2578537678836486, -2.8500260090870952, 2326973000000, 
-3.0879400687532073, -2.262512970170574, -2.801764054145623, 2327007000000, 
-3.101938543545349, -2.267816636467844, -2.7536411136605428, 2327041000000, 
-3.115670178486264, -2.2737526764714406, -2.705654011244761, 2327075000000, 
-3.1291069592200844, -2.280307434118414, -2.65782283211185, 2327109000000, 
-3.142220383442102, -2.287465649022532, -2.610186768089285, 2327143000000, 
-3.1549835026505297, -2.2952114597197038, -2.5627757076682003, 2327177000000, 
-3.167371401825472, -2.3035289953998586, -2.5155996004096006, 2327211000000, 
-3.1793596464955836, -2.3124016066238657, -2.468669218156922, 2327245000000, 
-3.1909232585452503, -2.321810960885217, -2.422014027287209, 2327279000000, 
-3.2020377183461095, -2.3317376068247904, -2.375668610154239, 2327313000000, 
-3.2126802199826283, -2.342162274327092, -2.3296491801580874, 2327347000000, 
-3.222829007002237, -2.353065744849272, -2.2839583085402704, 2327381000000, 
-3.2324622556419498, -2.3644274857010426, -2.238613090375806, 2327415000000, 
-3.241963907523983, -2.3769070570359974, -2.190855522543853, 2327449000000, 
-3.2512766940074593, -2.390747227407445, -2.1211535444651815, 2327483000000, 
-3.259087262552527, -2.4046543086421495, -2.041704153703676, 2327517000000, 
-3.2656455443917065, -2.4188953321902797, -1.9627110074847312, 2327551000000, 
-3.2709406879410374, -2.4335191592322807, -1.8837824810103039, 2327585000000, 
-3.274852108268318, -2.4480547454973984, -1.8049526517773216, 2327619000000, 
-3.2759053016464645, -2.4612236039063378, -1.7264698189395813, 2327653000000, 
-3.2709348830333447, -2.468085440193574, -1.6489142285744947, 2327687000000, 
-3.26446664751753, -2.4643114362860903, -1.5719908936393157, 2327721000000, 
-3.2587690161519163, -2.4592850117538947, -1.4950304721627972, 2327755000000, 
-3.2533960655145275, -2.454632519143767, -1.4180345533850245, 2327789000000, 
-3.248463823140572, -2.449459789312149, -1.3409784084102507, 2327823000000, 
-3.2442039545534067, -2.4439841042266672, -1.2637951229727338, 2327857000000, 
-3.2407595349789813, -2.438311092420438, -1.1864734728408406, 2327891000000, 
-3.2379318942935544, -2.432589364709094, -1.1090706634030227, 2327925000000, 
-3.2353226113649023, -2.4263988866401887, -1.0316866742402753, 2327959000000, 
-3.2330399757723582, -2.419992555199421, -0.9543216419614587, 2327993000000, 
-3.227445995811259, -2.4163045495516484, -0.8774860218503754, 2328027000000, 
-3.2213246327424936, -2.4122330092252766, -0.8013398127080681, 2328061000000, 
-3.21472904816318, -2.408151327632613, -0.725710663635616, 2328095000000, 
-3.207682613661036, -2.404041697804669, -0.6505829868916635, 2328129000000, 
-3.200434418544677, -2.3997555204465395, -0.5758998090399563, 2328163000000, 
-3.1931223853312973, -2.3951885519213145, -0.5016213142512931, 2328197000000, 
-3.185911569526122, -2.3902281960320306, -0.4277476757041054, 2328231000000, 
-3.1790116353147733, -2.3847490119308463, -0.35428952318259577, 2328265000000, 
-3.172574228996307, -2.378664403369272, -0.2812366449249193, 2328299000000, 
-3.16677959144599, -2.3718498717832337, -0.2085648973922252, 2328333000000, 
-3.1618799107103297, -2.3642870624241676, -0.13626464930953924, 2328367000000, 
-3.1580658656835325, -2.3561868530921513, -0.06435895054822761, 2328401000000, 
-3.155721701178797, -2.3477015503717156, 0.007165807910210215, 2328435000000, 
-3.154600710644852, -2.33957907828612, 0.07837551054841706, 2328469000000, 
-3.154595087769479, -2.3323972042672456, 0.14925426856168333, 2328503000000, 
-3.145281795716425, -2.327074715722218, 0.21724425480649415, 2328537000000, 
-3.132476565479113, -2.3215154183606885, 0.2835855813235164, 2328571000000, 
-3.1170937272252397, -2.3160304992401253, 0.3495584738215915, 2328605000000, 
-3.101130212143233, -2.3097349886142964, 0.41533439026787294, 2328639000000, 
-3.085508516320238, -2.302485014899057, 0.48094331685482195, 2328673000000, 
-3.070447321255573, -2.2940768570353134, 0.546669644379385, 2328707000000, 
-3.0560057163720997, -2.284744913795704, 0.6124468217284951, 2328741000000, 
-3.0421757322421934, -2.2744901387442638, 0.6780781518351522, 2328775000000, 
-3.0290152955403564, -2.2633525242595405, 0.743561050755554, 2328809000000, 
-3.0165809139446806, -2.2513777158890322, 0.8088844831496038, 2328843000000, 
-3.004924747888859, -2.238613373849212, 0.8740178844930211, 2328877000000, 
-2.9940972477892775, -2.225111314080003, 0.9389495460926817, 2328911000000, 
-2.9841466812049333, -2.210927932884945, 1.0036921832376733, 2328945000000, 
-2.975116817151511, -2.196121552291089, 1.0682446996818402, 2328979000000, 
-2.967045759326684, -2.1807504870050813, 1.1325724402651247, 2329013000000, 
-2.959967920856313, -2.1648756154684357, 1.1966402830281344, 2329047000000, 
-2.9539152333213923, -2.1485625745731665, 1.2604501563469368, 2329081000000, 
-2.948915331075744, -2.1318804556186404, 1.3240267431199129, 2329115000000, 
-2.944990419955665, -2.1148982676990884, 1.3873757309245232, 2329149000000, 
-2.9421574616567328, -2.0976843731405777, 1.450479018913225, 2329183000000, 
-2.9404294376023623, -2.080308922018404, 1.5133298041221999, 2329217000000, 
-2.9398145530596813, -2.0628446302815204, 1.575947653459367, 2329251000000, 
-2.9403153394999904, -2.0453638740659543, 1.6383472618925996, 2329285000000, 
-2.941929286181564, -2.0279361302054015, 1.700511608544467, 2329319000000, 
-2.944649468074302, -2.0106294466822514, 1.7624147563376122, 2329353000000, 
-2.948464305269194, -1.993513392350989, 1.8240618656519787, 2329387000000, 
-2.953356448682394, -1.9766583786395997, 1.885485658058356, 2329421000000, 
-2.9593037980431705, -1.960132104854984, 1.946705498922903, 2329455000000, 
-2.966280702917927, -1.9439977948971157, 2.0077118043581432, 2329489000000, 
-2.974257710256566, -1.9283162623903038, 2.0684958876420336, 2329523000000, 
-2.98320055978506, -1.913147597540418, 2.1290738576730717, 2329557000000, 
-2.9930707452560554, -1.89854917796036, 2.1894643228769293, 2329591000000, 
-3.0038277009433947, -1.8845733078532967, 2.249656227795433, 2329625000000, 
-3.0154288076982505, -1.8712676015597633, 2.3096209313637006, 2329659000000, 
-3.0278275952887728, -1.858677934118868, 2.3693529961638604, 2329693000000, 
-3.0409732564007146, -1.8468483983893222, 2.4288776153476834, 2329727000000, 
-3.0548130452191056, -1.8358190295842065, 2.488212909771171, 2329761000000, 
-3.069294527330261, -1.825624358081386, 2.5473449096324234, 2329795000000, 
-3.0843643364794446, -1.8162948782559571, 2.6062506996999213, 2329829000000, 
-3.0999662969680135, -1.8078588642136622, 2.6649292212984887, 2329863000000, 
-3.1160425471198305, -1.8003409939352193, 2.7233887835695576, 2329897000000, 
-3.132536480808018, -1.7937613667084498, 2.7816123808273914, 2329931000000, 
-3.1493927966119952, -1.7881360082422317, 2.839559945646783, 2329965000000, 
-3.1665541382412705, -1.783478354284968, 2.8972079484585547, 2329999000000, 
-3.1836486352941673, -1.7798562354081395, 2.95503941471557, 2330033000000, 
-3.2004207167918275, -1.7773508914445961, 3.0225912063579345, 2330067000000, 
-3.2174837654336184, -1.7760316150818878, 3.095490777853848, 2330101000000, 
-3.234703487211896, -1.7759174793141363, -3.117018934079167, 2330135000000, 
-3.251843452124582, -1.7770000306071287, -3.0466582952650323, 2330169000000, 
-3.268853424086328, -1.779264571477744, -2.976518353921602, 2330203000000, 
-3.2856524161837983, -1.7826913684834198, -2.906571546628229, 2330237000000, 
-3.302159479304875, -1.787255112405838, -2.8368170427513486, 2330271000000, 
-3.318297496052927, -1.7929254921785436, -2.767241124161354, 2330305000000, 
-3.333994729833943, -1.7996686900236198, -2.6977878397778414, 2330339000000, 
-3.349183534524557, -1.8074475100352552, -2.628388739988044, 2330373000000, 
-3.3637964444290813, -1.8162201097942436, -2.559009015455843, 2330407000000, 
-3.377768078478417, -1.8259397808466666, -2.4896438279347572, 2330441000000, 
-3.3910374312590936, -1.8365567998455177, -2.4202766216733083, 2330475000000, 
-3.4035489434227264, -1.848019628000418, -2.3508686472194444, 2330509000000, 
-3.4152499378596484, -1.8602735318264845, -2.2813953691579187, 2330543000000, 
-3.426140145156624, -1.8733422993588622, -2.21127827163099, 2330577000000, 
-3.4360644882008855, -1.88705491051602, -2.140586477845835, 2330611000000, 
-3.445029044691976, -1.9014082363201383, -2.0710343996137284, 2330645000000, 
-3.4530460679632795, -1.916368118724933, -2.0015292817825494, 2330679000000, 
-3.4600438999680376, -1.9318339942945966, -1.9321848867445042, 2330713000000, 
-3.465995631363374, -1.9477547255766912, -1.8631907772897167, 2330747000000, 
-3.4708728444079053, -1.964059559105577, -1.7945793487217054, 2330781000000, 
-3.474651278791043, -1.9806737605917832, -1.726353007395063, 2330815000000, 
-3.4773118087483295, -1.9975216367670143, -1.6585110925002233, 2330849000000, 
-3.478841394612342, -2.0145286240642415, -1.591079402923696, 2330883000000, 
-3.4792318423824904, -2.0316200845055596, -1.5240897400405344, 2330917000000, 
-3.478479842889535, -2.048718481232998, -1.4575394544609948, 2330951000000, 
-3.476588306238874, -2.0657445390066203, -1.3913963260166637, 2330985000000, 
-3.473565753690622, -2.082621305073618, -1.3256444709053723, 2331019000000, 
-3.46942539505074, -2.0992758402844656, -1.2603029272542683, 2331053000000, 
-3.4641851725116326, -2.1156367323424963, -1.1953915587318222, 2331087000000, 
-3.4578689251959065, -2.131632124568795, -1.1308994082338253, 2331121000000, 
-3.4505062215769216, -2.1471917720859066, -1.066804048034573, 2331155000000, 
-3.4421304234630083, -2.1622498732542934, -1.0031070807055025, 2331189000000, 
-3.4327785490583316, -2.176744906766974, -0.9398259184919295, 2331223000000, 
-3.4224927112828576, -2.190616850260831, -0.8769535417310211, 2331257000000, 
-3.411320561292557, -2.2038074272045396, -0.8144515345754562, 2331291000000, 
-3.3993126506909834, -2.2162629544281525, -0.7522915061316011, 2331325000000, 
-3.3865203220069153, -2.2279360616930743, -0.690483725435032, 2331359000000, 
-3.372997022124885, -2.238784019830094, -0.6290512094013181, 2331393000000, 
-3.3588001675905734, -2.2487665303265567, -0.5679911014424686, 2331427000000, 
-3.343990667495556, -2.257847394974629, -0.5072826571687243, 2331461000000, 
-3.3286293339638933, -2.2659953483824204, -0.44692507036383394, 2331495000000, 
-3.3129084498125656, -2.273131969699469, -0.38678083653806206, 2331529000000, 
-3.2970650133295427, -2.27913480325344, -0.3215598940308164, 2331563000000, 
-3.2809154022269382, -2.28406743721008, -0.2527004862983224, 2331597000000, 
-3.2643622461374306, -2.2878513585659634, -0.18588522861103537, 2331631000000, 
-3.247684515271609, -2.2905265068456986, -0.11930486637417456, 2331665000000, 
-3.2308783531205996, -2.292078101047659, -0.05270301782639486, 2331699000000, 
-3.2140254231383985, -2.29250649933403, 0.013843652715860577, 2331733000000, 
-3.197199251399792, -2.2918183430791323, 0.08036235192257153, 2331767000000, 
-3.180472921004574, -2.2900244122801747, 0.14687324589462336, 2331801000000, 
-3.1639199958120985, -2.2871400324026574, 0.21336986882499337, 2331835000000, 
-3.1476116566085115, -2.283185110362712, 0.2798499626702171, 2331869000000, 
-3.131614516966709, -2.278183069233562, 0.3463442624233231, 2331903000000, 
-3.115992630597515, -2.2721604217626923, 0.41289332939792656, 2331937000000, 
-3.100810426316209, -2.2651477666503013, 0.479504100098457, 2331971000000, 
-3.0862029753065467, -2.2572335517062414, 0.5461542531971602, 2332005000000, 
-3.0720291115227285, -2.248304784625282, 0.6126761908136977, 2332039000000, 
-3.058548449774452, -2.2385586293682844, 0.6791746490417985, 2332073000000, 
-3.0455518814883327, -2.2278079075848924, 0.7469542145459613, 2332107000000, 
-3.033296007017572, -2.216204877876525, 0.8183696396253467, 2332141000000, 
-3.0219097186476134, -2.203811599150821, 0.8888177108798789, 2332175000000, 
-3.011351137855144, -2.1906197346128917, 0.9579447640172506, 2332209000000, 
-3.0017335892632673, -2.176748677242482, 1.0270056209225376, 2332243000000, 
-2.993026083326727, -2.162206397137614, 1.0957394026212395, 2332277000000, 
-2.985351406797615, -2.1471132943048477, 1.1639951628383836, 2332311000000, 
-2.9787154268043086, -2.131513935891701, 1.2317410815856447, 2332345000000, 
-2.9731495495347535, -2.115481713660891, 1.2989920112371145, 2332379000000, 
-2.9686796252735586, -2.0990923101162013, 1.3657751068148787, 2332413000000, 
-2.965325272872838, -2.082420589645976, 1.4320942665872107, 2332447000000, 
-2.96310036437552, -2.065541287952503, 1.49793853732446, 2332481000000, 
-2.9620138154647604, -2.0485315335155714, 1.5633210931214057, 2332515000000, 
-2.962068450894463, -2.03147028549233, 1.628282979397572, 2332549000000, 
-2.9632610395854324, -2.0144344869740087, 1.6928505758475199, 2332583000000, 
-2.9655832198566405, -1.997497016937195, 1.7570109957004372, 2332617000000, 
-2.969021843093122, -1.9807289468907823, 1.8207434669592184, 2332651000000, 
-2.9735342757340297, -1.9642752629367388, 1.8841244258204746, 2332685000000, 
-2.9790203862664426, -1.9483630897148376, 1.950889295698466, 2332719000000, 
-2.9856108544733835, -1.932855333780627, 2.019490076994853, 2332753000000, 
-2.9932569637659094, -1.917838822473796, 2.08562525575009, 2332787000000, 
-3.001870716744325, -1.9033740263517813, 2.1519631497932763, 2332821000000, 
-3.0114610784960805, -1.8895263327968634, 2.2193598567704598, 2332855000000, 
-3.02199359063831, -1.8763436529544961, 2.286955987782903, 2332889000000, 
-3.0333877129195335, -1.863912729114406, 2.354524833042942, 2332923000000, 
-3.045578146478323, -1.8522934250698677, 2.421995865604244, 2332957000000, 
-3.058503698908293, -1.841532583133796, 2.4893577126427684, 2332991000000, 
-3.0721027223338204, -1.8316712111207742, 2.5566322107427237, 2333025000000, 
-3.08631135065153, -1.8227468611921378, 2.6238330204357325, 2333059000000, 
-3.1010623463492273, -1.8147939466022753, 2.6909446778282793, 2333093000000, 
-3.1162871564041628, -1.807842050974519, 2.7579511564319277, 2333127000000, 
-3.131918267214822, -1.8019153126503997, 2.8248645643136343, 2333161000000, 
-3.1478961812371624, -1.7970317991251241, 2.8917063566920667, 2333195000000, 
-3.1643197367599996, -1.793162881557428, 2.95983202848999, 2333229000000, 
-3.180934085217296, -1.7904274037690158, 3.0300911789219023, 2333263000000, 
-3.197701036073654, -1.788874296678489, 3.0984916636581463, 2333297000000, 
-3.2145351234249335, -1.7884580162606873, -3.1169732384738396, 2333331000000, 
-3.231356472152098, -1.789185841184844, -3.048069993673821, 2333365000000, 
-3.2480385572184205, -1.7910567609302757, -2.9792006246323885, 2333399000000, 
-3.2645916260892713, -1.7940476560507894, -2.9102345947188364, 2333433000000, 
-3.280893831983277, -1.7982129921168828, -2.8418474219830974, 2333467000000, 
-3.2968586696392053, -1.8034829222363462, -2.7734949415665375, 2333501000000, 
-3.3123795988807863, -1.809827136898036, -2.7046267247430387, 2333535000000, 
-3.3274034738917044, -1.8172336744134816, -2.635641491834851, 2333569000000, 
-3.341856987683689, -1.8256667521363663, -2.5666355077399943, 2333603000000, 
-3.3556694644399783, -1.8350853147307693, -2.497455071233871, 2333637000000, 
-3.3687120202364182, -1.845391195576527, -2.427771938220509, 2333671000000, 
-3.380989731098209, -1.8566122286166837, -2.3569602538173178, 2333705000000, 
-3.392506379302967, -1.8687881332183955, -2.287754059186979, 2333739000000, 
-3.4032140871572274, -1.8817621549894255, -2.2210823927532464, 2333773000000, 
-3.413021457143071, -1.8954271775389422, -2.153907882526976, 2333807000000, 
-3.4218671193510493, -1.9097299661170866, -2.08543192086804, 2333841000000, 
-3.429704639190614, -1.9246093972081817, -2.0175872250301627, 2333875000000, 
-3.4365099852147822, -1.939987990537466, -1.9502417638437632, 2333909000000, 
-3.4422642565386297, -1.9558641415246192, -1.8820655036157918, 2333943000000, 
-3.446886669895973, -1.972063563270205, -1.812843988759647, 2333977000000, 
-3.4503914269228146, -1.9885537588482534, -1.7445135532915788, 2334011000000, 
-3.452755235605874, -2.0052614712282937, -1.6757168371114086, 2334045000000, 
-3.453961168065306, -2.022115420606974, -1.6065921680176567, 2334079000000, 
-3.454002963086267, -2.038998302787011, -1.5376195578459149, 2334113000000, 
-3.4528873555124635, -2.0558248278851647, -1.4688493175457362, 2334147000000, 
-3.450626537798086, -2.072515425257769, -1.4003029965389362, 2334181000000, 
-3.447238452124408, -2.08899073722824, -1.332022896623148, 2334215000000, 
-3.442740813541102, -2.1051891730515124, -1.2638730414899957, 2334249000000, 
-3.4371237516592212, -2.1211005410945667, -1.1951541801012813, 2334283000000, 
-3.4303909909493933, -2.136624881805513, -1.1253378556787177, 2334317000000, 
-3.422536624511201, -2.151747595048827, -1.0550143277298458, 2334351000000, 
-3.4135998631161852, -2.16628376352229, -0.9828045375227892, 2334385000000, 
-3.4036857190002108, -2.1800816349386123, -0.9118839037229437, 2334419000000, 
-3.3929574195811925, -2.1929925744688354, -0.8434271961636536, 2334453000000, 
-3.3815120449439724, -2.2049921766540983, -0.7775971980967196, 2334487000000, 
-3.3694235871808034, -2.2161138137360386, -0.7137357819342545, 2334521000000, 
-3.3567753946764305, -2.2263331254167613, -0.6517629572214061, 2334555000000, 
-3.3440518983094716, -2.2352447900318233, -0.5921105868334633, 2334589000000, 
-3.33202778466205, -2.2419084082312044, -0.531245167252007, 2334623000000, 
-3.319521709410855, -2.247736245339722, -0.4682573230192612, 2334657000000, 
-3.306932487025644, -2.252261141636568, -0.4040866645934452, 2334691000000, 
-3.2944992631806578, -2.2552569534959903, -0.3398524831245768, 2334725000000, 
-3.2820905235247415, -2.256911182840652, -0.2763424983253438, 2334759000000, 
-3.2693279820526815, -2.258036948392099, -0.21371168636282395, 2334793000000, 
-3.2561629606986267, -2.258193164169442, -0.15056929378102982, 2334827000000, 
-3.2434489034203997, -2.256825564313264, -0.0873429062579811, 2334861000000, 
-3.230933449540635, -2.255014816126567, -0.023975313531405997, 2334895000000, 
-3.218828243272681, -2.253179176676216, 0.03948574728898871, 2334929000000, 
-3.2071343877922387, -2.2509405163054583, 0.10238344844118251, 2334963000000, 
-3.1958815078684792, -2.2496027624910413, 0.164586831401642, 2334997000000, 
-3.1845408964583295, -2.2476438346213956, 0.22642202075744616, 2335031000000, 
-3.1737489978933384, -2.2454592563975386, 0.28788078745855905, 2335065000000, 
-3.1631896929331607, -2.24270611881762, 0.34887280195645265, 2335099000000, 
-3.1532975549089572, -2.2398699655372556, 0.40934414907546973, 2335133000000, 
-3.143997265231238, -2.2365328955166435, 0.46926546288853865, 2335167000000, 
-3.1339942981002076, -2.232170795477974, 0.5300072465717838, 2335201000000, 
-3.1243303168451524, -2.226764987544496, 0.5916580022253252, 2335235000000, 
-3.1150400571166004, -2.2206670561657718, 0.6541304226768468, 2335269000000, 
-3.1059593741641995, -2.2140338921057676, 0.7173900141640962, 2335303000000, 
-3.0969809079468766, -2.2063635606511314, 0.7813836468688793, 2335337000000, 
-3.0880333011720023, -2.197745507294503, 0.8460207946792982, 2335371000000, 
-3.079164477260547, -2.188209560959263, 0.9112331587624852, 2335405000000, 
-3.070398824520817, -2.177788216047832, 0.9768909722801544, 2335439000000, 
-3.0618197909954112, -2.166609266444031, 1.0429285458187305, 2335473000000, 
-3.0536076479359298, -2.154389546247465, 1.1089192158382404, 2335507000000, 
-3.0460804020775343, -2.140013320076771, 1.1747843044466368, 2335541000000, 
-3.0383480723589105, -2.1263720965648027, 1.2407261960501414, 2335575000000, 
-3.0313312229647575, -2.1122647574269853, 1.3071034129828725, 2335609000000, 
-3.026568775737933, -2.0963498461025982, 1.3753404378085134, 2335643000000, 
-3.0234343852619876, -2.0801320001586414, 1.445666196248185, 2335677000000, 
-3.0219785968814175, -2.0635569670734633, 1.516970214681841, 2335711000000, 
-3.0217605868686617, -2.0470289693278527, 1.5891080561104611, 2335745000000, 
-3.022746903920307, -2.0306049992104422, 1.6629221420649174, 2335779000000, 
-3.024908376590476, -2.0143629237961354, 1.737291516733709, 2335813000000, 
-3.0282773268980483, -1.9983208556303762, 1.8119481402572057, 2335847000000, 
-3.032830878830428, -1.9825960641020897, 1.8869106343011457, 2335881000000, 
-3.0385361636541512, -1.9672770840783187, 1.9621638215604653, 2335915000000, 
-3.045360375403307, -1.9524465190827287, 2.03766462410142, 2335949000000, 
-3.053270112780253, -1.938186522986064, 2.113388670335512, 2335983000000, 
-3.0622129040624797, -1.9245884468998218, 2.189328971533442, 2336017000000, 
-3.072148483794792, -1.9117204207593468, 2.2654644575215546, 2336051000000, 
-3.0830248918873693, -1.8996510028674392, 2.3417402257809736, 2336085000000, 
-3.0947826691798235, -1.8884464765606666, 2.418104259474296, 2336119000000, 
-3.10741033019643, -1.8781227156065423, 2.493870783699099, 2336153000000, 
-3.1208820766959238, -1.868658943947122, 2.5679393381545697, 2336187000000, 
-3.1351358619640037, -1.8601408746263306, 2.6399521505809713, 2336221000000, 
-3.1500497136068693, -1.852643966388698, 2.7101203092371415, 2336255000000, 
-3.1655236926759183, -1.8461398831934397, 2.7796877572426926, 2336289000000, 
-3.181442023768846, -1.8406960280083826, 2.848851211818474, 2336323000000, 
-3.197737941761776, -1.8363420496970915, 2.9175537593263785, 2336357000000, 
-3.2143074062098185, -1.8331035934547137, 2.9859016294873686, 2336391000000, 
-3.231063579876505, -1.830993740527454, 3.054153308443546, 2336425000000, 
-3.2479111103926948, -1.830025746554729, 3.1225776661017233, 2336459000000, 
-3.2647557340847233, -1.8302070760626201, -3.0918460666629635, 2336493000000, 
-3.2815237551005114, -1.8315403224188846, -3.022752226986438, 2336527000000, 
-3.2981326402677533, -1.8340210257122251, -2.9533353789305883, 2336561000000, 
-3.3145062827224674, -1.83764657829296, -2.8836408361887815, 2336595000000, 
-3.3305679828973505, -1.842391865918003, -2.8137390938674263, 2336629000000, 
-3.3462440555348683, -1.8482414448587432, -2.743701426204852, 2336663000000, 
-3.361475390006955, -1.855175308078249, -2.6736222130961136, 2336697000000, 
-3.3761855170519253, -1.863154921912048, -2.6035875622629203, 2336731000000, 
-3.3903164685573906, -1.872149743607041, -2.5337903089764042, 2336765000000, 
-3.403809041005558, -1.882118656340784, -2.4643247926611402, 2336799000000, 
-3.416603571356117, -1.8930145209876375, -2.3952545430946452, 2336833000000, 
-3.4286420754786273, -1.9047842690463903, -2.3265981695904054, 2336867000000, 
-3.4398664125694567, -1.9173672368605141, -2.2583258616283253, 2336901000000, 
-3.4502317854921576, -1.9307123241514323, -2.1903043015219645, 2336935000000, 
-3.4596673442015513, -1.9447273509238374, -2.122389341025836, 2336969000000, 
-3.468132230692579, -1.9593494414341384, -2.054497777594939, 2337003000000, 
-3.4755818599921384, -1.9745013864510865, -1.9864836361545357, 2337037000000, 
-3.4819763817378235, -1.9901050124427935, -1.9183154091010435, 2337071000000, 
-3.4872927155406934, -2.006106566873187, -1.8500319876675126, 2337105000000, 
-3.491502294301749, -2.022423879207083, -1.781666974556139, 2337139000000, 
-3.4945881997467296, -2.03899535153799, -1.713327552933227, 2337173000000, 
-3.4965369584076536, -2.055749546365691, -1.6450857855160494, 2337207000000, 
-3.497339213426674, -2.072602995946328, -1.5770309257073798, 2337241000000, 
-3.496994975964176, -2.089480653717991, -1.5091938090262413, 2337275000000, 
-3.4955052769346526, -2.106326832129268, -1.44156908073822, 2337309000000, 
-3.492879066742856, -2.123048270249581, -1.374199378563962, 2337343000000, 
-3.4891321798362633, -2.1395661447008334, -1.3070043399488476, 2337377000000, 
-3.4842823557671347, -2.155800717690173, -1.2398936621399377, 2337411000000, 
-3.4783532618580315, -2.171674169784659, -1.1728133203041526, 2337445000000, 
-3.471372090140365, -2.1871143626537197, -1.1057609432090652, 2337479000000, 
-3.463369827896338, -2.202053256730802, -1.0387530857448195, 2337513000000, 
-3.4543825029903354, -2.216423564464982, -0.9717843885765082, 2337547000000, 
-3.4444516072261115, -2.2301590461321465, -0.9048313196937307, 2337581000000, 
-3.4336221879369084, -2.2431972840008725, -0.837890184711279, 2337615000000, 
-3.4219419346562643, -2.2554810947158592, -0.7709836925021414, 2337649000000, 
-3.409461615063549, -2.266958273082344, -0.7041463412232674, 2337683000000, 
-3.396229790112443, -2.2775774325586506, -0.6375081724664677, 2337717000000, 
-3.3823175444373335, -2.2872701069442045, -0.570887865687126, 2337751000000, 
-3.367812062512773, -2.2959948298533983, -0.5039128145017764, 2337785000000, 
-3.3527878020144453, -2.3037072397605054, -0.43644272747887713, 2337819000000, 
-3.337305133811986, -2.310382555262534, -0.3685763080408862, 2337853000000, 
-3.3214520422197213, -2.3159858603591603, -0.3005237754926041, 2337887000000, 
-3.3053423478878208, -2.320483800216643, -0.23125727496938253, 2337921000000, 
-3.2889023644161326, -2.32383183026343, -0.16109243990342464, 2337955000000, 
-3.272195849623268, -2.3260254773226205, -0.09343637432917178, 2337989000000, 
-3.255379094148743, -2.3270925240567486, -0.026650397667891318, 2338023000000, 
-3.238533005394975, -2.3270182297645645, 0.0417787231326635, 2338057000000, 
-3.22173348304967, -2.3257843465662655, 0.11025381762110524, 2338091000000, 
-3.205056643328176, -2.3234078005166237, 0.17778165108654048, 2338125000000, 
-3.188580679228225, -2.3199076556760243, 0.2455344586091074, 2338159000000, 
-3.172384196052327, -2.3152915653124286, 0.3137891012819291, 2338193000000, 
-3.156542102137052, -2.3095784211465764, 0.38179889700436614, 2338227000000, 
-3.1411266855346605, -2.3028003104418855, 0.4495909859569376, 2338261000000, 
-3.1262096983457344, -2.2949890163860096, 0.5175746731166716, 2338295000000, 
-3.1118620230418057, -2.2861781228396665, 0.5856402943067053, 2338329000000, 
-3.0981498973073047, -2.2764091376607523, 0.6536001618272821, 2338363000000, 
-3.085012318945435, -2.265623895990244, 0.7220148334624565, 2338397000000, 
-3.0726221269088296, -2.253869883465524, 0.7948097334227229, 2338431000000, 
-3.0610735150776995, -2.241210963785353, 0.8668779006453317, 2338465000000, 
-3.050547765043789, -2.227885112679107, 0.9366640041459161, 2338499000000, 
-3.041027930390309, -2.21394544806577, 1.0051927005736367, 2338533000000, 
-3.0325106981029135, -2.1994360013664513, 1.0730278237158224, 2338567000000, 
-3.0250104443746757, -2.1844116393276582, 1.1404576835623035, 2338601000000, 
-3.018524609690181, -2.1688747053905577, 1.2082529105907156, 2338635000000, 
-3.0130868409693723, -2.152872301294403, 1.2771259729966644, 2338669000000, 
-3.008746101934133, -2.136447696449854, 1.3471576307850952, 2338703000000, 
-3.0055574508395826, -2.1196958471408984, 1.4179567736079752, 2338737000000, 
-3.003555193650057, -2.1027095028111646, 1.489219670512357, 2338771000000, 
-3.0027810669199138, -2.085648501038905, 1.5607585870264191, 2338805000000, 
-3.0032145493089297, -2.0686839693770973, 1.6306377633686844, 2338839000000, 
-3.004803212649228, -2.0519501266459903, 1.6984129937039825, 2338873000000, 
-3.0075006250116156, -2.035494184127543, 1.7643359822280122, 2338907000000, 
-3.0112288445705104, -2.019325064769729, 1.8290130512362959, 2338941000000, 
-3.0159988353473017, -2.0034273624226526, 1.8938980848878544, 2338975000000, 
-3.021799425781512, -1.9878681883444684, 1.959308758472315, 2339009000000, 
-3.028604356408965, -1.9727279666495932, 2.024407406684864, 2339043000000, 
-3.036375558861245, -1.9580681104228441, 2.089271416235797, 2339077000000, 
-3.0451775552303233, -1.9437922038205868, 2.1552001471572844, 2339111000000, 
-3.054864532489824, -1.9302375120298703, 2.22527801830759, 2339145000000, 
-3.0653527381144645, -1.9176225186341573, 2.2985117203091217, 2339179000000, 
-3.0766502900155603, -1.9059372496150844, 2.373548825226832, 2339213000000, 
-3.0887342132727067, -1.895202240113127, 2.449609560774491, 2339247000000, 
-3.1011363429070697, -1.8856641469144206, 2.5259883301828254, 2339281000000, 
-3.1142433466028887, -1.877186921368781, 2.6027937604410023, 2339315000000, 
-3.1282950375894982, -1.8696183916805247, 2.6808250741463238, 2339349000000, 
-3.142841431761983, -1.863194525902677, 2.7600510059471772, 2339383000000, 
-3.1573743194460127, -1.8580174273870143, 2.8399108262578276, 2339417000000, 
-3.1721268730363215, -1.8540147216097016, 2.920018450017873, 2339451000000, 
-3.1871476024502146, -1.8511007381170024, 3.000306184812027, 2339485000000, 
-3.2021712581720023, -1.8490827346238952, 3.0806412893304014, 2339519000000, 
-3.2163631149073595, -1.8465266304249677, -3.12445579202985, 2339553000000, 
-3.230691049062926, -1.8453626888153039, -3.0493595104875957, 2339587000000, 
-3.245021294066503, -1.845421323398943, -2.976595310954883, 2339621000000, 
-3.259254079284563, -1.8466636618192185, -2.9056244162968983, 2339655000000, 
-3.2733416993432773, -1.8492268318239407, -2.8360119162540167, 2339689000000, 
-3.2871738301974966, -1.8530539803068748, -2.7673248616701405, 2339723000000, 
-3.300672357637519, -1.8581057453328476, -2.6992458786120617, 2339757000000, 
-3.3137595028342974, -1.864316491454136, -2.631521302834451, 2339791000000, 
-3.326352882501377, -1.8716231329869986, -2.5640010599584424, 2339825000000, 
-3.3383755374711392, -1.880108577923286, -2.4964394459354047, 2339859000000, 
-3.349751974199059, -1.8898108833420488, -2.428471518413189, 2339893000000, 
-3.360420847037414, -1.9005962177382767, -2.3597960089559225, 2339927000000, 
-3.3704080362656126, -1.9124087029134709, -2.289707058819138, 2339961000000, 
-3.3798198067200977, -1.924849024646173, -2.217712178414236, 2339995000000, 
-3.388808022166338, -1.9378614182339555, -2.1432142707189024, 2340029000000, 
-3.396977853504956, -1.9518236979577386, -2.0673489264460514, 2340063000000, 
-3.404045838319945, -1.9662995189592134, -1.9903501864518016, 2340097000000, 
-3.409954335087283, -1.9812328631918033, -1.9123822066272076, 2340131000000, 
-3.4146799218122306, -1.9965641336824513, -1.8340437349512735, 2340165000000, 
-3.4181822438478755, -2.0122127967616628, -1.75586534576563, 2340199000000, 
-3.420460012813409, -2.028124114554525, -1.6780080098286307, 2340233000000, 
-3.4215019881621935, -2.044202270955427, -1.600667765556888, 2340267000000, 
-3.4213010179135166, -2.060389494990789, -1.5239770972986633, 2340301000000, 
-3.4198683816454714, -2.0765815793002425, -1.448150972747406, 2340335000000, 
-3.4172128206342247, -2.092699094329796, -1.373359702992025, 2340369000000, 
-3.4133514404617764, -2.1087348670572434, -1.3003643116074772, 2340403000000, 
-3.408298946665635, -2.1245922277628777, -1.2295173164429498, 2340437000000, 
-3.4021814589215165, -2.140138474890722, -1.159601708401477, 2340471000000, 
-3.3950379399917723, -2.1552395687991988, -1.0898590483142556, 2340505000000, 
-3.386764734699026, -2.1697801916811676, -1.019837067990544, 2340539000000, 
-3.3774824540181716, -2.1837034206818764, -0.9497358740042896, 2340573000000, 
-3.3672344731528874, -2.1969626764047643, -0.8798903478508715, 2340607000000, 
-3.3560681697350025, -2.2095125653158294, -0.8105375724678091, 2340641000000, 
-3.3440341461365404, -2.221303513093877, -0.7417994469068171, 2340675000000, 
-3.3312090793926714, -2.232258463393331, -0.673585725853824, 2340709000000, 
-3.317686463104507, -2.2423105225422972, -0.6049664987307952, 2340743000000, 
-3.3035463097158564, -2.2513765032958477, -0.5357279466917981, 2340777000000, 
-3.288839452415256, -2.2594257984565407, -0.4661043901094895, 2340811000000, 
-3.273624571622632, -2.2664239996596267, -0.39624585266328055, 2340845000000, 
-3.2579717126008862, -2.2723371342686387, -0.3262395112606054, 2340879000000, 
-3.2419461691964737, -2.277141066675013, -0.256155433370548, 2340913000000, 
-3.2256443145556877, -2.280807841561409, -0.18600927643618548, 2340947000000, 
-3.2091702675621723, -2.2833109924607555, -0.11520384681359876, 2340981000000, 
-3.19257752252969, -2.2846425388054477, -0.04380167355307308, 2341015000000, 
-3.1759130452274484, -2.284788555118396, 0.02714496862336011, 2341049000000, 
-3.159225284092181, -2.2837567392901232, 0.09726519639155701, 2341083000000, 
-3.142585976418317, -2.2815596543145262, 0.1665663907113471, 2341117000000, 
-3.126068930037324, -2.2782130657627535, 0.23503960469699775, 2341151000000, 
-3.109771084037583, -2.273741332957533, 0.30289221364407726, 2341185000000, 
-3.093786163970154, -2.2681739088120287, 0.3704037105336297, 2341219000000, 
-3.0781989197218813, -2.261539470404429, 0.4377324110915205, 2341253000000, 
-3.0630841257949273, -2.253869803307698, 0.5049494113820895, 2341287000000, 
-3.0485258692108035, -2.2452117580457553, 0.572240668672754, 2341321000000, 
-3.034604739130721, -2.2356091828584077, 0.639761776113903, 2341355000000, 
-3.0213830349491104, -2.2250981612510703, 0.7076043613212296, 2341389000000, 
-3.0089210656253864, -2.2137253003544903, 0.7757436960116909, 2341423000000, 
-2.997274874572544, -2.20153902070902, 0.8440713350368537, 2341457000000, 
-2.9864959840850434, -2.188594274236465, 0.9125070997541577, 2341491000000, 
-2.9766339213899364, -2.174948764857847, 0.9809289356311447, 2341525000000, 
-2.967716754609727, -2.1606419166932933, 1.0491641350322938, 2341559000000, 
-2.9597821496310117, -2.145738922447495, 1.1170812450669836, 2341593000000, 
-2.9528657051441702, -2.1303103448390206, 1.18464915016432, 2341627000000, 
-2.946998971045702, -2.114433066432645, 1.2519528496450785, 2341661000000, 
-2.9422106542573143, -2.098187451297796, 1.3191146269190908, 2341695000000, 
-2.938522997059668, -2.0816496450417326, 1.3861640538787119, 2341729000000, 
-2.93596303998629, -2.0648958639539723, 1.45313226529731, 2341763000000, 
-2.9345290641750728, -2.0480067071350256, 1.520080794901617, 2341797000000, 
-2.934225412864412, -2.031058879986466, 1.5870155195686066, 2341831000000, 
-2.935052787739827, -2.014125719735186, 1.6538996885364552, 2341865000000, 
-2.9370061853565947, -1.9972803573216409, 1.7206967840794365, 2341899000000, 
-2.9400853515901946, -1.9806003128331424, 1.787327000966745, 2341933000000, 
-2.9442841134770172, -1.9641674079687772, 1.854073686483319, 2341967000000, 
-2.949558889816008, -1.948055681245322, 1.921013436908101, 2342001000000, 
-2.955913597695274, -1.9323231180180351, 1.987671836262378, 2342035000000, 
-2.9633211666346386, -1.9170275946028141, 2.0539310954169956, 2342069000000, 
-2.9717324623431853, -1.9022436062309407, 2.120002830990452, 2342103000000, 
-2.981044004332535, -1.8881201658287605, 2.186505979379733, 2342137000000, 
-2.9912379591964724, -1.8747050088025234, 2.255045890536907, 2342171000000, 
-3.0023476928768638, -1.8620264049959492, 2.3238891812663587, 2342205000000, 
-3.0142998559975775, -1.8501335256521396, 2.391396183261014, 2342239000000, 
-3.0270260715396122, -1.8390740796630622, 2.459024078991794, 2342273000000, 
-3.040474470990644, -1.8289070847886146, 2.527378856980408, 2342307000000, 
-3.0545864365602173, -1.8196816514088259, 2.59546132907175, 2342341000000, 
-3.069292705050977, -1.81143402244184, 2.6631822666127856, 2342375000000, 
-3.0845243497682335, -1.804202528993402, 2.7311476599018807, 2342409000000, 
-3.1002130992931884, -1.7980254578025527, 2.7992661032658157, 2342443000000, 
-3.116286595449659, -1.7929327061351537, 2.8672063347408705, 2342477000000, 
-3.1326697476142917, -1.7889359763600716, 2.9350869710561374, 2342511000000, 
-3.149287054992184, -1.7860597388560366, 3.0030729449821942, 2342545000000, 
-3.166062189454086, -1.7843192582590321, 3.071077106956814, 2342579000000, 
-3.1829177546755485, -1.7836945157600494, 3.13904849078329, 2342613000000, 
-3.1997752831374604, -1.7842157882172989, -3.076012138234374, 2342647000000, 
-3.216501488605838, -1.7859015286117017, -3.0079763806095454, 2342681000000, 
-3.2328970162150226, -1.7886999357012456, -2.9378863955777144, 2342715000000, 
-3.248998733240939, -1.7926324883997022, -2.8652984471903085, 2342749000000, 
-3.264761258910008, -1.7977278633540055, -2.793613352637997, 2342783000000, 
-3.280194043124266, -1.8039784155888452, -2.7229782671259533, 2342817000000, 
-3.2952015841195004, -1.8113195974445893, -2.6530058665004517, 2342851000000, 
-3.309694540523896, -1.819706217956158, -2.5834737030409918, 2342885000000, 
-3.32359310607886, -1.829090948823216, -2.5142379240189237, 2342919000000, 
-3.3368261373817685, -1.8394245505214366, -2.4452273483475717, 2342953000000, 
-3.349330843223082, -1.8506567461973111, -2.376437925792096, 2342987000000, 
-3.3610500396716514, -1.8627345601900278, -2.307884556518117, 2343021000000, 
-3.371928867730209, -1.8756001087244876, -2.2395565606149317, 2343055000000, 
-3.3819157950252734, -1.8891910330476063, -2.171427174025285, 2343089000000, 
-3.3909193493543626, -1.9033820808993962, -2.102872139860114, 2343123000000, 
-3.3989011518059775, -1.9181262548495206, -2.033458445111939, 2343157000000, 
-3.4058159886131136, -1.9333477975413418, -1.9634962510278695, 2343191000000, 
-3.411629773943708, -1.9489821870349586, -1.8931620380593985, 2343225000000, 
-3.416311019082867, -1.9649437577436757, -1.8222868942772177, 2343259000000, 
-3.419856427281433, -1.9812091251639594, -1.7511200829603957, 2343293000000, 
-3.422252829384023, -1.9977560608891745, -1.6809632356312423, 2343327000000, 
-3.423504923741759, -2.014527757624037, -1.6121638477366447, 2343361000000, 
-3.423607837946181, -2.0314182292177976, -1.5442562032442804, 2343395000000, 
-3.4225697351625, -2.0483044248278786, -1.4766912063026942, 2343429000000, 
-3.420391767823787, -2.065090483600739, -1.4092255966279543, 2343463000000, 
-3.4170926237037533, -2.0816968422904822, -1.3418104678696887, 2343497000000, 
-3.412683487624378, -2.098046456880993, -1.2744088808060472, 2343531000000, 
-3.407185294983101, -2.114062718529026, -1.2070030442589368, 2343565000000, 
-3.4006228775189875, -2.1296739053486506, -1.1396068207953767, 2343599000000, 
-3.393034799189068, -2.1447913683045345, -1.072075617094854, 2343633000000, 
-3.384462343644832, -2.1593236321917693, -1.0039388157303657, 2343667000000, 
-3.374948360290251, -2.1731868449679643, -0.9350777609638962, 2343701000000, 
-3.3645250802560027, -2.186327404943234, -0.8656117531055224, 2343735000000, 
-3.3532339587223805, -2.198683886200558, -0.7957356390883672, 2343769000000, 
-3.3411263636278608, -2.210200272032196, -0.7256774526385227, 2343803000000, 
-3.328239371133452, -2.220848919760945, -0.6555660030015326, 2343837000000, 
-3.3146104658126156, -2.230589488439808, -0.5857349208992745, 2343871000000, 
-3.3003026329576577, -2.2393983943591524, -0.5165214501048926, 2343905000000, 
-3.285355158861711, -2.2472168089045104, -0.44838558113688076, 2343939000000, 
-3.26987361625577, -2.2540340983395897, -0.38079119302110087, 2343973000000, 
-3.2539502649114036, -2.259804287729997, -0.31342761902775595, 2344007000000, 
-3.2376682938889685, -2.264494515403339, -0.24616684766780478, 2344041000000, 
-3.221105270269192, -2.2680828515953597, -0.17896012754726398, 2344075000000, 
-3.2043467170597166, -2.2705503939592444, -0.11178760848084462, 2344109000000, 
-3.187459364691977, -2.271889586634549, -0.044453004759135266, 2344143000000, 
-3.170553786511151, -2.2720850957916765, 0.02319791347519403, 2344177000000, 
-3.15370448269582, -2.2711350210411494, 0.09118390743601844, 2344211000000, 
-3.136986377745341, -2.2690431658902948, 0.159409398378748, 2344245000000, 
-3.1204498296424545, -2.2658139100567873, 0.22772125409379707, 2344279000000, 
-3.1041738329816617, -2.2614598796512206, 0.2960226437699924, 2344313000000, 
-3.088213212589701, -2.255996191950538, 0.3641628754421345, 2344347000000, 
-3.0726455118726097, -2.249450344515459, 0.43195483034317717, 2344381000000, 
-3.057532485651745, -2.2418556122819893, 0.49938338302845403, 2344415000000, 
-3.042950408761604, -2.2332586625763167, 0.5665688245138409, 2344449000000, 
-3.028982831496816, -2.223700445549576, 0.6338188345956923, 2344483000000, 
-3.015690194743943, -2.213216172869791, 0.7011077879154648, 2344517000000, 
-3.0031272969247933, -2.2018596598157587, 0.7682814662658991, 2344551000000, 
-2.9913476322776145, -2.18967844591694, 0.8353277018021393, 2344585000000, 
-2.9804050761269933, -2.1767282297336426, 0.9022742239533731, 2344619000000, 
-2.9703507479092877, -2.163070212932025, 0.9691626431190851, 2344653000000, 
-2.96123061669495, -2.1487675423290407, 1.036012802777602, 2344687000000, 
-2.9530847810397747, -2.1338838684418646, 1.102817344841707, 2344721000000, 
-2.945948759269755, -2.1184851881624165, 1.1695719886992846, 2344755000000, 
-2.9398541112180303, -2.1026404328187573, 1.2362742670409068, 2344789000000, 
-2.9348293985716074, -2.086420412390631, 1.3029214465024808, 2344823000000, 
-2.9308986692956904, -2.0698989302260102, 1.369536337404251, 2344857000000, 
-2.928079215642069, -2.0531512699053236, 1.4361474827975902, 2344891000000, 
-2.92638279293886, -2.0362530231351017, 1.502773929376362, 2344925000000, 
-2.925812045691524, -2.01927993811754, 1.5694213276219353, 2344959000000, 
-2.926355052332308, -2.002308938519335, 1.6360690127614914, 2344993000000, 
-2.928037862629126, -1.9854091955617579, 1.702710003372181, 2345027000000, 
-2.930846761657066, -1.968656658072649, 1.7693182866814443, 2345061000000, 
-2.934748587270668, -1.9521786299936807, 1.8359502154169616, 2345095000000, 
-2.9397000395415525, -1.9361180363437047, 1.9043141854553913, 2345129000000, 
-2.945709515811981, -1.920596103813455, 1.975391341721645, 2345163000000, 
-2.952800180884961, -1.9055867128655748, 2.0473659680996072, 2345197000000, 
-2.9609554104963527, -1.8910983207957688, 2.11818661218345, 2345231000000, 
-2.9701154423931015, -1.8772090523400538, 2.1887555710410833, 2345265000000, 
-2.9802842851466727, -1.8639145649490532, 2.259065289692859, 2345299000000, 
-2.991395381970346, -1.8513288221251185, 2.3280661592084364, 2345333000000, 
-3.0033902947166053, -1.839484326530632, 2.3962531517451184, 2345367000000, 
-3.0161912708113654, -1.8284539341201391, 2.463965925932141, 2345401000000, 
-3.0297253028952884, -1.8182986105988628, 2.531414778539903, 2345435000000, 
-3.043922803300825, -1.8090693922334318, 2.5987101148748732, 2345469000000, 
-3.0587166369890055, -1.8008090321181291, 2.6658878180950514, 2345503000000, 
-3.074038693164309, -1.7935548227609417, 2.7329649634135476, 2345537000000, 
-3.0898173190851055, -1.7873408231084946, 2.7999793938044855, 2345571000000, 
-3.105978510510493, -1.7821961760430705, 2.866972710005399, 2345605000000, 
-3.1224490613215234, -1.7781438524128623, 2.933953052583429, 2345639000000, 
-3.1391288609498242, -1.7752137169957094, 3.0011432879865807, 2345673000000, 
-3.1559271321289786, -1.773410632894078, 3.0689772244293487, 2345707000000, 
-3.172753745555408, -1.7727594803617412, 3.1375045293511037, 2345741000000, 
-3.1895255839681425, -1.773271743155942, -3.076413116159019, 2345775000000, 
-3.2061680810021986, -1.774941445482927, -3.0065321936693388, 2345809000000, 
-3.2226356608274083, -1.77777972955466, -2.936340530266206, 2345843000000, 
-3.238866788115742, -1.7817649815090006, -2.8662315655032256, 2345877000000, 
-3.2548223264909426, -1.7868827175791675, -2.7966044511892467, 2345911000000, 
-3.270432862116854, -1.7931102036476385, -2.7276675034513773, 2345945000000, 
-3.2856319568622534, -1.8004174443164471, -2.6594316999878562, 2345979000000, 
-3.3003342762368253, -1.8087525505559832, -2.5916819598885468, 2346013000000, 
-3.3144633905427683, -1.8180760260020057, -2.524242452911581, 2346047000000, 
-3.327942697516978, -1.828338415861097, -2.4569639791427416, 2346081000000, 
-3.34070727942662, -1.8394814410775417, -2.3897729818041853, 2346115000000, 
-3.3526986510667958, -1.8514592210116583, -2.3226358920649472, 2346149000000, 
-3.363861159432425, -1.864215098904956, -2.2555344769083203, 2346183000000, 
-3.374142331669013, -1.87768951558726, -2.188430957847978, 2346217000000, 
-3.3834945455278485, -1.8918204827245528, -2.12130456675353, 2346251000000, 
-3.3918762161065175, -1.9065455151398227, -2.0541720342726215, 2346285000000, 
-3.3992419376638705, -1.9217838864338737, -1.9869473096908117, 2346319000000, 
-3.4055475715760237, -1.937449285836998, -1.919165149063302, 2346353000000, 
-3.4107431141527167, -1.9534416094608251, -1.8505934181625066, 2346387000000, 
-3.4148157342246983, -1.9697167992706646, -1.781378775587511, 2346421000000, 
-3.4177514905459025, -1.986243063580161, -1.7121311188998847, 2346455000000, 
-3.419547815903464, -2.002988553474369, -1.643671243508893, 2346489000000, 
-3.4201995115517407, -2.0198786461598934, -1.5760238525749322, 2346523000000, 
-3.4197150375557097, -2.036810342820971, -1.5088116025245597, 2346557000000, 
-3.418099014661519, -2.0536757565284542, -1.4416583602603332, 2346591000000, 
-3.4153506080708915, -2.0703907208833034, -1.3744586658694018, 2346625000000, 
-3.4114724536791465, -2.086882979933693, -1.3072451489856436, 2346659000000, 
-3.406509570283387, -2.10308129272075, -1.2400596865308007, 2346693000000, 
-3.4004708306481484, -2.118909980584895, -1.172871355038921, 2346727000000, 
-3.393383406638526, -2.134298656367753, -1.1056920898012377, 2346761000000, 
-3.3852789513788197, -2.1491790882918926, -1.0385340634910898, 2346795000000, 
-3.376194259054138, -2.1634833900905277, -0.9713791674526263, 2346829000000, 
-3.3661720969904763, -2.177143858141033, -0.9042024993824912, 2346863000000, 
-3.3552568751608844, -2.190100481693843, -0.8369976518481667, 2346897000000, 
-3.3434962073795904, -2.2022965520457953, -0.7698030983294231, 2346931000000, 
-3.330941800216498, -2.213678562912939, -0.7026438419714409, 2346965000000, 
-3.3176507062446134, -2.2241947854341175, -0.6355095363487561, 2346999000000, 
-3.303683430354887, -2.2337974819532556, -0.5683906979600459, 2347033000000, 
-3.2891017638121216, -2.242444373558373, -0.5013032462976122, 2347067000000, 
-3.2739700519340915, -2.250097777163359, -0.4342641630643494, 2347101000000, 
-3.2583571941221825, -2.256721246006985, -0.3672519368962704, 2347135000000, 
-3.242338082449117, -2.262285571073085, -0.30021959726455444, 2347169000000, 
-3.225985555502802, -2.26676525608847, -0.23315826418891536, 2347203000000, 
-3.2093719216922127, -2.2701374534008005, -0.16608142792108796, 2347237000000, 
-3.1925706979807846, -2.2723891005248995, -0.09900797335253812, 2347271000000, 
-3.1756583769552535, -2.273508617341093, -0.031929181165062916, 2347305000000, 
-3.158737261129319, -2.2734887707675657, 0.03534052379622729, 2347339000000, 
-3.1418999414264124, -2.2723269967631867, 0.10331645652030147, 2347373000000, 
-3.1252284141124673, -2.2700288239046027, 0.17183482659062216, 2347407000000, 
-3.108797009528218, -2.2666109457653523, 0.2408055315293838, 2347441000000, 
-3.0926615302924696, -2.262026689610973, 0.3102307527638908, 2347475000000, 
-3.0768574435565204, -2.2563389375432705, 0.3793524327926413, 2347509000000, 
-3.0614347528826555, -2.249556775638031, 0.44774383309481486, 2347543000000, 
-3.0464643619866583, -2.2417350306612236, 0.5155037488914068, 2347577000000, 
-3.0320357011739216, -2.2329027426160715, 0.5829831458240508, 2347611000000, 
-3.0182188453838683, -2.223098826706908, 0.6502365545583988, 2347645000000, 
-3.0050777886780007, -2.212391281796634, 0.7173133080643393, 2347679000000, 
-2.992679875069417, -2.2008243427514835, 0.7843410657138613, 2347713000000, 
-2.981081623698499, -2.18845128198454, 0.8513393706414465, 2347747000000, 
-2.9703368552297995, -2.175329673408656, 0.918338870245316, 2347781000000, 
-2.960494757316808, -2.1615198155273108, 0.9853579766298479, 2347815000000, 
-2.9515993744110247, -2.1470837412092862, 1.0523816225016311, 2347849000000, 
-2.943688162484684, -2.132082378753193, 1.1193937088043144, 2347883000000, 
-2.936794206109774, -2.1165792301040955, 1.1863421133180518, 2347917000000, 
-2.9309498963414167, -2.10064328107523, 1.2531916357448905, 2347951000000, 
-2.926178622934028, -2.0843483523469244, 1.3199487120898812, 2347985000000, 
-2.922505856095981, -2.0677772396000487, 1.3867723229293298, 2348019000000, 
-2.919949649068108, -2.051005184708634, 1.4536845150767113, 2348053000000, 
-2.91852163905872, -2.034107953929746, 1.5206798550560765, 2348087000000, 
-2.9182292017509934, -2.0171603734134176, 1.5877461832551356, 2348121000000, 
-2.9190738235142057, -2.00023618620028, 1.6548491569269035, 2348155000000, 
-2.921051514088817, -1.9834066814446478, 1.7219326652860094, 2348189000000, 
-2.9241546753720167, -1.9667449022197112, 1.7889628870495808, 2348223000000, 
-2.9283670294775463, -1.9503274170276972, 1.855969272146433, 2348257000000, 
-2.93365647018748, -1.9342673975091036, 1.9231285603952855, 2348291000000, 
-2.9400113861483863, -1.9186290188938726, 1.9911261588889375, 2348325000000, 
-2.9473972911776842, -1.9035186269925677, 2.0598445131579344, 2348359000000, 
-2.955798481192626, -1.888970568259416, 2.1288176403637267, 2348393000000, 
-2.9651866394349535, -1.8750324868607615, 2.19764670325755, 2348427000000, 
-2.975536155632458, -1.8617355877070916, 2.265924806693603, 2348461000000, 
-2.9867921840293232, -1.8491430878827537, 2.3336738060604865, 2348495000000, 
-2.9988936830944697, -1.8373194247535924, 2.401080311109724, 2348529000000, 
-3.0117763541283336, -1.826325481179381, 2.468287488693104, 2348563000000, 
-3.0253753469185334, -1.8162157343616943, 2.5353897744853486, 2348597000000, 
-3.0396265211013094, -1.8070373371167827, 2.602424407028689, 2348631000000, 
-3.054465064573145, -1.7988311707749791, 2.669398593057488, 2348665000000, 
-3.069823081067548, -1.791634398331912, 2.736330303341175, 2348699000000, 
-3.085629407327037, -1.785480697208179, 2.803249649380489, 2348733000000, 
-3.101812316322264, -1.780398102187785, 2.8701662559665246, 2348767000000, 
-3.118300946610175, -1.7764082662269134, 2.937058426508446, 2348801000000, 
-3.135023256153404, -1.7735276581275954, 3.003906103288805, 2348835000000, 
-3.1519034111635578, -1.7717701718257262, 3.070721583821817, 2348869000000, 
-3.168863658994395, -1.7711436906341755, 3.137537737377841, 2348903000000, 
-3.1858195943656824, -1.7716481408191815, -3.0787117658858234, 2348937000000, 
-3.2026873073970026, -1.773287547207936, -3.011568631318226, 2348971000000, 
-3.219397616114666, -1.7760532250513463, -2.9443112745275104, 2349005000000, 
-3.2358789006263895, -1.779934790274152, -2.8769844598080194, 2349039000000, 
-3.2520583904022358, -1.7849152049305719, -2.809612416827362, 2349073000000, 
-3.267865839063612, -1.790972533643663, -2.742237760044005, 2349107000000, 
-3.283232982815794, -1.798080387627699, -2.6749019937235823, 2349141000000, 
-3.2980908888274727, -1.8062070796526202, -2.607608655912585, 2349175000000, 
-3.3123534244675352, -1.815300453819881, -2.5401506052091274, 2349209000000, 
-3.3259343004079405, -1.825319444260944, -2.4721390587356322, 2349243000000, 
-3.3387604604617747, -1.8362106739905133, -2.4034945144006197, 2349277000000, 
-3.3507760801370616, -1.8479305563887214, -2.334329044556868, 2349311000000, 
-3.3619309984695267, -1.8604395098753126, -2.26480381954308, 2349345000000, 
-3.3721846794224177, -1.873683823803547, -2.195191577089894, 2349379000000, 
-3.381502858633543, -1.8876259217033837, -2.125786778155204, 2349413000000, 
-3.3898542228977093, -1.9022084842745817, -2.056842128907158, 2349447000000, 
-3.3972062969038266, -1.9173689818691286, -1.9884589931766148, 2349481000000, 
-3.4035263237477307, -1.9330356135511433, -1.9205945612557807, 2349515000000, 
-3.4087854302736176, -1.949123859487705, -1.853136541849582, 2349549000000, 
-3.412956601979451, -1.9655472721793072, -1.7859187936219074, 2349583000000, 
-3.4160181467521107, -1.9822174484854924, -1.7187988512160268, 2349617000000, 
-3.417957594093487, -1.9990558034641663, -1.6516137765005976, 2349651000000, 
-3.4187636393040504, -2.015997539408159, -1.5844296255533272, 2349685000000, 
-3.418434922547442, -2.0329495086712304, -1.5173475737574624, 2349719000000, 
-3.41697037146066, -2.049841807239834, -1.4502640226822248, 2349753000000, 
-3.414378661592472, -2.066596178439952, -1.3831919827910295, 2349787000000, 
-3.4106731067577676, -2.0831180393342477, -1.3158578819198108, 2349821000000, 
-3.405870024142659, -2.0993161060045806, -1.2481019299695646, 2349855000000, 
-3.399998052148136, -2.1150903097255873, -1.1797215652222237, 2349889000000, 
-3.3930795264222975, -2.13036220698396, -1.110361210267242, 2349923000000, 
-3.3851344405750434, -2.1450693528474676, -1.0403380849544355, 2349957000000, 
-3.376176628326143, -2.159177096851297, -0.9701135915621152, 2349991000000, 
-3.366217294853476, -2.172681188269878, -0.9009766313600373, 2350025000000, 
-3.3553061670302737, -2.1855285216230773, -0.8327582328587234, 2350059000000, 
-3.3435163404379087, -2.197638136815814, -0.7651502817787921, 2350093000000, 
-3.330914024395982, -2.2089514609957877, -0.6978619077424243, 2350127000000, 
-3.3175709404697686, -2.2193995448677977, -0.6307332288250734, 2350161000000, 
-3.303549598651975, -2.2289346319968044, -0.5637278678256794, 2350195000000, 
-3.2889164506959077, -2.2375134115043367, -0.496795690223431, 2350229000000, 
-3.273739609337169, -2.245096946565322, -0.42989717376065706, 2350263000000, 
-3.2580890645628284, -2.2516498025202103, -0.36300637530365326, 2350297000000, 
-3.2420358440868386, -2.2571420498700894, -0.29611077760890553, 2350331000000, 
-3.225650386627604, -2.26155019536509, -0.22922738784345548, 2350365000000, 
-3.2090051417280967, -2.2648546953331476, -0.16237439724017125, 2350399000000, 
-3.1921738388301546, -2.2670428487152896, -0.09553695619988486, 2350433000000, 
-3.1752331534649647, -2.268101587620988, -0.028691470441373254, 2350467000000, 
-3.1582620333600837, -2.2680289304201446, 0.03817749609056291, 2350501000000, 
-3.1413360869565556, -2.2668232209575394, 0.10505975160236734, 2350535000000, 
-3.1245288263443625, -2.264490544846188, 0.1719508056300678, 2350569000000, 
-3.1079178326480164, -2.2610391507416407, 0.23887357123776057, 2350603000000, 
-3.0915818649061015, -2.256486564126018, 0.3058723823368325, 2350637000000, 
-3.0755945221882444, -2.2508532929182765, 0.37294390271714906, 2350671000000, 
-3.0600232954373574, -2.2441620307405987, 0.44003239771351416, 2350705000000, 
-3.04493697683441, -2.2364420807603245, 0.5071213047391127, 2350739000000, 
-3.0304049653419387, -2.22772844870109, 0.5742322918445009, 2350773000000, 
-3.0164939030836115, -2.2180608999562, 0.6413789570782544, 2350807000000, 
-3.003273414616273, -2.207492181807182, 0.7085557371310187, 2350841000000, 
-2.9908269128025946, -2.1960863539620057, 0.7762726904450313, 2350875000000, 
-2.9792220876365176, -2.183883419897413, 0.8447725712813461, 2350909000000, 
-2.9685034808697615, -2.17093476112758, 0.9136381563340479, 2350943000000, 
-2.958705786930898, -2.1572814547162227, 0.9825097279173887, 2350977000000, 
-2.9498510124789266, -2.1429583604547595, 1.0509259929913168, 2351011000000, 
-2.9419660608435128, -2.1280189465665424, 1.118686517552666, 2351045000000, 
-2.935093572919063, -2.112550812197799, 1.1860291396151998, 2351079000000, 
-2.9292691000620095, -2.0966378343828125, 1.2531424089192316, 2351113000000, 
-2.9245204747510645, -2.0803592040525674, 1.3201170021232438, 2351147000000, 
-2.9208684583358577, -2.0637905797888147, 1.3869859555935473, 2351181000000, 
-2.918330455514245, -2.0470081142192984, 1.4537747437548223, 2351215000000, 
-2.916923766538066, -2.030090576358097, 1.520533088951222, 2351249000000, 
-2.9166448702262566, -2.0131160052788863, 1.5872877912529455, 2351283000000, 
-2.9174918671909573, -1.9961580282490614, 1.6540141463508682, 2351317000000, 
-2.9194700624735934, -1.9792907379873002, 1.720701707350713, 2351351000000, 
-2.9225686669135693, -1.962590712414252, 1.7873721485914196, 2351385000000, 
-2.926772678011542, -1.9461346617077546, 1.8540553476269652, 2351419000000, 
-2.9320570623993616, -1.9300065065444783, 1.920876046786148, 2351453000000, 
-2.938405091190592, -1.9142831225598986, 1.9879190043108508, 2351487000000, 
-2.9457878220832816, -1.89902877380494, 2.055073378561917, 2351521000000, 
-2.9541750519524754, -1.8843080736700553, 2.122286157426261, 2351555000000, 
-2.963530196202038, -1.8701855955161097, 2.189529994561066, 2351589000000, 
-2.973812713362638, -1.8567226470667688, 2.2567659443965327, 2351623000000, 
-2.984977702519854, -1.8439776239887409, 2.3239632345295167, 2351657000000, 
-2.9969746430608213, -1.83200818488168, 2.3911290110005172, 2351691000000, 
-3.0097313873440967, -1.8208887002641831, 2.458405810967363, 2351725000000, 
-3.0231815541299514, -1.8106783036779273, 2.5262226289045815, 2351759000000, 
-3.0372600785985795, -1.8014242314742401, 2.5946564043112836, 2351793000000, 
-3.0519096073002863, -1.7931731777221176, 2.6635988298555002, 2351827000000, 
-3.067069681998264, -1.7859710824270008, 2.732827458099204, 2351861000000, 
-3.082686352690707, -1.7798372888015646, 2.8021131236227466, 2351895000000, 
-3.098715405784451, -1.7747896150899287, 2.871166989295676, 2351929000000, 
-3.1151057343963364, -1.7708424827753197, 2.939417866222394, 2351963000000, 
-3.131771107641179, -1.768007755865019, 3.007098657415631, 2351997000000, 
-3.148612348412349, -1.7663025188929415, 3.0745004960208226, 2352031000000, 
-3.1655392936063045, -1.7657308365865318, -3.1414078016817872, 2352065000000, 
-3.1824714940851577, -1.7662962350519713, -3.074207425374488, 2352099000000, 
-3.199330701688684, -1.7679961064526526, -3.0070588719275433, 2352133000000, 
-3.216037469105655, -1.7708256630802923, -2.9399252140819967, 2352167000000, 
-3.2325151634872276, -1.7747680596402937, -2.8727792397871648, 2352201000000, 
-3.2486887161406877, -1.7798081240745458, -2.8056122586699446, 2352235000000, 
-3.264451912687254, -1.7858988861523566, -2.7382113212083232, 2352269000000, 
-3.2797271163858306, -1.7930414458191768, -2.6700241574471244, 2352303000000, 
-3.2944485306290954, -1.8012003995287307, -2.6013658661064376, 2352337000000, 
-3.308566777978166, -1.8103436658911582, -2.5326592552642717, 2352371000000, 
-3.322044607243115, -1.8204489341792303, -2.464295932021288, 2352405000000, 
-3.3348351306649984, -1.8314756084409776, -2.3964545828140973, 2352439000000, 
-3.346872222854754, -1.8433602747432871, -2.328976252446096, 2352473000000, 
-3.35809373741837, -1.856041177875879, -2.2617022950792935, 2352507000000, 
-3.3684444400636098, -1.8694548316339508, -2.1945441804679824, 2352541000000, 
-3.377876630872799, -1.8835385636640756, -2.127472197981139, 2352575000000, 
-3.3863476635274004, -1.8982279097056147, -2.0604689087584087, 2352609000000, 
-3.3938180101086455, -1.9134541534597422, -1.9935009594778597, 2352643000000, 
-3.40025252810239, -1.9291454314267427, -1.926532565919672, 2352677000000, 
-3.4056230012560285, -1.9452322305027607, -1.8595549059670962, 2352711000000, 
-3.409906475251011, -1.9616447873236083, -1.792599957262494, 2352745000000, 
-3.413083929670017, -1.9783105877352747, -1.7256863076648015, 2352779000000, 
-3.4151406827305695, -1.9951539472474547, -1.658798378393873, 2352813000000, 
-3.416067189300647, -2.0120984799842234, -1.5919229137718032, 2352847000000, 
-3.415863469691586, -2.0290614667568816, -1.5250105288695122, 2352881000000, 
-3.414525390451438, -2.0459471995895924, -1.4577203038877389, 2352915000000, 
-3.4120548652973994, -2.062660185904603, -1.3899112066228916, 2352949000000, 
-3.4084644360088774, -2.0791124394438785, -1.321531186593926, 2352983000000, 
-3.4037634643360506, -2.095250103331559, -1.25266387001269, 2353017000000, 
-3.39796471916655, -2.111010517896333, -1.1834706465839453, 2353051000000, 
-3.391097230762223, -2.1263132233648423, -1.1141573513768728, 2353085000000, 
-3.38316837014603, -2.1411437805016718, -1.0452407965666572, 2353119000000, 
-3.3742172992720407, -2.155437138813255, -0.9770842987944763, 2353153000000, 
-3.3642955896304274, -2.169122366744015, -0.909399356617306, 2353187000000, 
-3.3534597652803178, -2.182124576541539, -0.8419973752295837, 2353221000000, 
-3.341766326995283, -2.1943764378119006, -0.7747504113823862, 2353255000000, 
-3.3292733497872247, -2.205818347858775, -0.7075596871832787, 2353289000000, 
-3.316051759455162, -2.2163830039469077, -0.6402881251332797, 2353323000000, 
-3.302191628868483, -2.2260013581755866, -0.5722798373605483, 2353357000000, 
-3.2877447182593067, -2.234621706190266, -0.5036074048220595, 2353391000000, 
-3.2727585814873135, -2.24221878329437, -0.4347249696936949, 2353425000000, 
-3.2572531149356863, -2.248781494607722, -0.36610977354647517, 2353459000000, 
-3.241294736579636, -2.254282551258369, -0.298179611557354, 2353493000000, 
-3.224961300089085, -2.2587057391746357, -0.23075736717231013, 2353527000000, 
-3.2083426239743815, -2.262011298029747, -0.16362554111938826, 2353561000000, 
-3.1915308115318504, -2.264200181898181, -0.09658382133095307, 2353595000000, 
-3.1746063948764642, -2.265263682204679, -0.029576009393052303, 2353629000000, 
-3.1576423190333354, -2.2651996759484594, 0.0373586558212005, 2353663000000, 
-3.140710563486965, -2.26401514856924, 0.10417613812653947, 2353697000000, 
-3.123888477520661, -2.2616968943415805, 0.17090359917836093, 2353731000000, 
-3.10726011432412, -2.2582619881444663, 0.23766660576681897, 2353765000000, 
-3.0909155181619914, -2.253726190368313, 0.3046509572467826, 2353799000000, 
-3.0749223571521966, -2.24810823968819, 0.3717744369530873, 2353833000000, 
-3.059344510191775, -2.241434351258426, 0.4389407129358811, 2353867000000, 
-3.0442535515803417, -2.233726949814311, 0.5061250020331556, 2353901000000, 
-3.0297129737707515, -2.225025690891221, 0.573304452200295, 2353935000000, 
-3.01578736946852, -2.2153707167923424, 0.6404506905447368, 2353969000000, 
-3.002540812829472, -2.2048027646082984, 0.7075742310922928, 2354003000000, 
-2.990031834784279, -2.1933688191302796, 0.7746713913367195, 2354037000000, 
-2.9783187202447894, -2.1811222331262807, 0.8417658206813855, 2354071000000, 
-2.967455177857557, -2.1681189245240513, 0.9088734605379294, 2354105000000, 
-2.957489320674565, -2.15441614774634, 0.9759784618755064, 2354139000000, 
-2.9484822969381743, -2.140104040380116, 1.0431961848052076, 2354173000000, 
-2.9404812675403926, -2.1252424494905644, 1.111146833455202, 2354207000000, 
-2.933537834128285, -2.1099164569592896, 1.1797246858016144, 2354241000000, 
-2.927671038098352, -2.0941661461113257, 1.2485416303995516, 2354275000000, 
-2.9228913460327792, -2.0780150987353534, 1.317081659353158, 2354309000000, 
-2.919214133088963, -2.0615351715054335, 1.3849554469290977, 2354343000000, 
-2.9166602635547694, -2.0448038957742862, 1.4523005295571787, 2354377000000, 
-2.91523465305296, -2.0279147674519105, 1.5193635434749158, 2354411000000, 
-2.9149377075319776, -2.010953658228435, 1.5862597728785532, 2354445000000, 
-2.9157681488914426, -1.993999137381612, 1.653022401146188, 2354479000000, 
-2.9177218286882347, -1.9771301035082398, 1.7196956732652346, 2354513000000, 
-2.920811713087931, -1.9604260658797976, 1.7863361106188593, 2354547000000, 
-2.924996548666304, -1.943964572562522, 1.8529836268386444, 2354581000000, 
-2.930266833272412, -1.9278324551663468, 1.9198159727131712, 2354615000000, 
-2.9365997844251894, -1.912100649748028, 1.986804868699295, 2354649000000, 
-2.943968848154064, -1.8968341231911439, 2.053881433201721, 2354683000000, 
-2.9523411818001977, -1.8821020486011493, 2.121027956064727, 2354717000000, 
-2.961681232188629, -1.8679672763335364, 2.188231280758426, 2354751000000, 
-2.9719483503122683, -1.854491811721477, 2.2554445090468738, 2354785000000, 
-2.983097580271357, -1.841734600589367, 2.322642126779221, 2354819000000, 
-2.995078360245143, -1.8297535867683772, 2.3898326231420834, 2354853000000, 
-3.0078363364235012, -1.8186030273227254, 2.4570196944437686, 2354887000000, 
-3.0213154712570085, -1.8083317487291546, 2.524177632063534, 2354921000000, 
-3.03545678276844, -1.798984130700581, 2.5912789394639026, 2354955000000, 
-3.050196273437696, -1.7906024632768096, 2.6583309074381014, 2354989000000, 
-3.0654656156981455, -1.7832256879302713, 2.725364086444489, 2355023000000, 
-3.081175128077771, -1.776901486182695, 2.792615860685163, 2355057000000, 
-3.0972393687346056, -1.77165920584935, 2.8603842399053505, 2355091000000, 
-3.1135822707312735, -1.7675337468814238, 2.9286819140610105, 2355125000000, 
-3.130131949427563, -1.764540762993685, 2.997356484659048, 2355159000000, 
-3.1468578414755513, -1.762689997758671, 3.0661915300642844, 2355193000000, 
-3.163700288158539, -1.7619920401387483, 3.1345325590418724, 2355227000000, 
-3.1805913794032583, -1.7624420268331307, -3.0808910058861825, 2355261000000, 
-3.197440528801766, -1.7640336884689232, -3.013459970415148, 2355295000000, 
-3.2141554195940807, -1.7667534649605952, -2.9461888131859015, 2355329000000, 
-3.2306540163286344, -1.7705941525739997, -2.8789689355496835, 2355363000000, 
-3.246858648783676, -1.7755336543910358, -2.8117816092809216, 2355397000000, 
-3.2626862865775355, -1.7815427543623907, -2.744565819008662, 2355431000000, 
-3.2780141901201647, -1.7885731056270366, -2.67664347845616, 2355465000000, 
-3.2927808297924797, -1.7966327895214307, -2.6078903961194904, 2355499000000, 
-3.3069427057432357, -1.8056788727370618, -2.538862827108923, 2355533000000, 
-3.3204546842744995, -1.8156826308681662, -2.47008526342492, 2355567000000, 
-3.3332864577773855, -1.8266195964255223, -2.401890544769159, 2355601000000, 
-3.3453753900037353, -1.838428648536541, -2.334203386516274, 2355635000000, 
-3.3566568696850227, -1.8510442088610808, -2.26680864322187, 2355669000000, 
-3.3670737513109676, -1.8644010167336051, -2.199587238116747, 2355703000000, 
-3.37657706603086, -1.878435018873781, -2.132485922957269, 2355737000000, 
-3.3851225166250716, -1.8930799823750066, -2.065461618061948, 2355771000000, 
-3.3926700782086328, -1.908267011408186, -1.9984721462748711, 2355805000000, 
-3.3991851116456995, -1.9239257796246445, -1.9315025136500747, 2355839000000, 
-3.4046395536844423, -1.9399876243497085, -1.864554748663299, 2355873000000, 
-3.4090096200309636, -1.9563818504477777, -1.7976407707994113, 2355907000000, 
-3.4122748461275556, -1.9730335893951227, -1.7307489089452712, 2355941000000, 
-3.4144199875893353, -1.989866768282196, -1.6638543444226426, 2355975000000, 
-3.4154364828570376, -2.006809971057144, -1.596998216554262, 2356009000000, 
-3.41532184070036, -2.0237924307747113, -1.5302513813370517, 2356043000000, 
-3.414077432124244, -2.0407236121983865, -1.4634745802191822, 2356077000000, 
-3.411703897144314, -2.0575197933780003, -1.3965255203513984, 2356111000000, 
-3.408213790964711, -2.0741097755831808, -1.3294553630603265, 2356145000000, 
-3.403620767339241, -2.090423715866244, -1.2623388451532394, 2356179000000, 
-3.3979593885868833, -2.1063458088121414, -1.1947539886229717, 2356213000000, 
-3.3912520846735377, -2.121780338823558, -1.1261711331361248, 2356247000000, 
-3.383528706479625, -2.136647707112968, -1.0568123015099826, 2356281000000, 
-3.374795371948011, -2.1509278416522046, -0.9869609962887611, 2356315000000, 
-3.365080395541185, -2.164572831453279, -0.9172288206215876, 2356349000000, 
-3.354406255891475, -2.177552891037446, -0.8483497020741254, 2356383000000, 
-3.342827247462146, -2.189819056057699, -0.7802638406986226, 2356417000000, 
-3.330414549748366, -2.201297455121328, -0.7126799529721276, 2356451000000, 
-3.317238145399302, -2.211933791783689, -0.6453729056773166, 2356485000000, 
-3.3033668715471753, -2.221666483692044, -0.5782416983964099, 2356519000000, 
-3.288865887103745, -2.230456088095932, -0.5112070809838541, 2356553000000, 
-3.2738069695323992, -2.238252743660938, -0.4441954006830499, 2356587000000, 
-3.2582618956910223, -2.245027853048639, -0.37716712342485464, 2356621000000, 
-3.2422973886084505, -2.250746256587033, -0.3101575602007613, 2356655000000, 
-3.2259832283020398, -2.255383614540879, -0.24317157435319886, 2356689000000, 
-3.2093952308619276, -2.2589209246032405, -0.17619876480804708, 2356723000000, 
-3.1926088491722093, -2.2613382782625884, -0.10922121630068729, 2356757000000, 
-3.1756992117259393, -2.262628517359657, -0.04223995013675422, 2356791000000, 
-3.1587398203196773, -2.2627856588401114, 0.024719584942472863, 2356825000000, 
-3.141806038130666, -2.2618073906496603, 0.09165485763640997, 2356859000000, 
-3.1249767955982386, -2.259697145070818, 0.15858792647690587, 2356893000000, 
-3.1083294475137166, -2.2564676538446564, 0.22555383406497156, 2356927000000, 
-3.091945118976973, -2.252131263258628, 0.29263769161621034, 2356961000000, 
-3.0759176333754445, -2.2467216412414404, 0.35990802910315917, 2356995000000, 
-3.0603242294636326, -2.2402483332377945, 0.42783966438316845, 2357029000000, 
-3.0452477921657963, -2.2327382679516274, 0.4963254306280183, 2357063000000, 
-3.0307494648775233, -2.2242283082730903, 0.5650823670776499, 2357097000000, 
-3.0168676585444643, -2.214741242271635, 0.6338422111159641, 2357131000000, 
-3.0036509096140738, -2.2043068718673666, 0.7023343052319166, 2357165000000, 
-2.991151479877488, -2.192972358912136, 0.7703669454076971, 2357199000000, 
-2.9794271247529847, -2.1807952209231547, 0.8380096409351765, 2357233000000, 
-2.9685369708621248, -2.1678397908233635, 0.9053999378552553, 2357267000000, 
-2.9585336444745964, -2.1541700045327983, 0.9726195442317663, 2357301000000, 
-2.9494643500467936, -2.139851413125858, 1.0397222906612003, 2357335000000, 
-2.9413728288539125, -2.1249539759192557, 1.106767474611562, 2357369000000, 
-2.9342957069614064, -2.1095453228185765, 1.1737976163796489, 2357403000000, 
-2.9282647298277187, -2.0936949494334893, 1.2407996294830477, 2357437000000, 
-2.923306088989747, -2.0774727454285413, 1.3077562552290265, 2357471000000, 
-2.9194459966537245, -2.060959886524362, 1.374691233163394, 2357505000000, 
-2.916697732805241, -2.0442283777273462, 1.4417238174847922, 2357539000000, 
-2.915078642481767, -2.0273590527575074, 1.5089726248765991, 2357573000000, 
-2.9145987598803598, -2.010443482947106, 1.5764535599490825, 2357607000000, 
-2.9152615932073522, -1.993558759850128, 1.6441391626498842, 2357641000000, 
-2.9170675195090845, -1.976745037294116, 1.7119400929877737, 2357675000000, 
-2.9200084109584052, -1.9600758442288746, 1.7793815765942473, 2357709000000, 
-2.924067362306758, -1.9436256930855518, 1.8465736898867298, 2357743000000, 
-2.9292222036394366, -1.9274815648360046, 1.9137150711924285, 2357777000000, 
-2.935446855210687, -1.9117186189791162, 1.9808339417921683, 2357811000000, 
-2.9427142258889387, -1.8964093751198687, 2.047977337285838, 2357845000000, 
-2.950965879983672, -1.8816777524270885, 2.1155644594593523, 2357879000000, 
-2.960180271077157, -1.8675750695620819, 2.18411125366955, 2357913000000, 
-2.970303457479454, -1.8541952651890645, 2.253248396870815, 2357947000000, 
-2.9813341766836103, -1.8415427146362726, 2.32252800111284, 2357981000000, 
-2.993242679225473, -1.8296508625921735, 2.391130980163326, 2358015000000, 
-3.0059750764432387, -1.8185628611910536, 2.4590082297666855, 2358049000000, 
-3.0194562526925193, -1.80833912077984, 2.5264652255548663, 2358083000000, 
-3.0336107090011795, -1.7990349279267608, 2.5936697646241784, 2358117000000, 
-3.0483665670189515, -1.7906932335168295, 2.660768310588898, 2358151000000, 
-3.0636505081537977, -1.783359425460023, 2.7278255359636043, 2358185000000, 
-3.079395145627901, -1.7770639772754333, 2.7948386807981884, 2358219000000, 
-3.095531211674024, -1.7718339911330625, 2.86179730469122, 2358253000000, 
-3.11198273629497, -1.767693657550475, 2.9287204233943696, 2358287000000, 
-3.128674706075095, -1.764662431066683, 2.995642799137882, 2358321000000, 
-3.145531845678052, -1.762753865437808, 3.0625703212525033, 2358355000000, 
-3.1624799014709524, -1.7619753934330549, 3.1294858161965746, 2358389000000, 
-3.179442208185802, -1.7623318106063648, -3.086803636577587, 2358423000000, 
-3.1963407768858403, -1.7638191176621811, -3.0198690911254915, 2358457000000, 
-3.213088705882242, -1.7664332119580999, -2.9527818683186196, 2358491000000, 
-3.229614233986127, -1.7701652992370251, -2.8855906533223474, 2358525000000, 
-3.245825147121795, -1.7749867419125198, -2.818192218452693, 2358559000000, 
-3.261624565234954, -1.7808802930407404, -2.7499833068592516, 2358593000000, 
-3.276932945077991, -1.787825260983887, -2.681150305749104, 2358627000000, 
-3.291699488882049, -1.7957971827174515, -2.611993450033053, 2358661000000, 
-3.3058794434802774, -1.804771519681573, -2.5428503782625924, 2358695000000, 
-3.319436355258618, -1.8147227828986305, -2.474071628216855, 2358729000000, 
-3.3323168372936673, -1.825610120486351, -2.405836159672927, 2358763000000, 
-3.3444538797057572, -1.8373668971271837, -2.338111667981213, 2358797000000, 
-3.355784339118069, -1.849936654913158, -2.2706832255780336, 2358831000000, 
-3.3662588341497406, -1.8632542626790571, -2.203488315553868, 2358865000000, 
-3.3758264827723874, -1.8772581906548147, -2.136483379069993, 2358899000000, 
-3.3844418719900675, -1.89187764900695, -2.069624373986756, 2358933000000, 
-3.392064459627242, -1.9070470096659062, -2.0028408074744215, 2358967000000, 
-3.3986626677436576, -1.92269825279791, -1.93614781694233, 2359001000000, 
-3.404203261319049, -1.9387482054363594, -1.8694381381234306, 2359035000000, 
-3.408658695600474, -1.9551297742327105, -1.802660386616916, 2359069000000, 
-3.4120094225326465, -1.971765371007508, -1.7358001230607447, 2359103000000, 
-3.4142395206674414, -1.9885809840619182, -1.668873048468174, 2359137000000, 
-3.4153328529876936, -2.0054629007221396, -1.6016636634991355, 2359171000000, 
-3.4152889058805567, -2.022358422795115, -1.533837712592638, 2359205000000, 
-3.4140954661056444, -2.039183876146486, -1.4656057696308342, 2359239000000, 
-3.411758064168389, -2.0558543078844993, -1.397106467124162, 2359273000000, 
-3.4082789008065526, -2.07233803767422, -1.3286398577711576, 2359307000000, 
-3.4036775242797965, -2.0885666094324877, -1.2604997535338955, 2359341000000, 
-3.3979767411433386, -2.1044723761091078, -1.1927489127643327, 2359375000000, 
-3.3912072940303513, -2.1199753233709138, -1.12526828534472, 2359409000000, 
-3.383401831579481, -2.135003051059436, -1.0579472932764835, 2359443000000, 
-3.3746000233370452, -2.1494805459786996, -0.9907390518102308, 2359477000000, 
-3.3648428172262976, -2.1633411309681403, -0.9236448781232085, 2359511000000, 
-3.3541759409868983, -2.1765235325646723, -0.856628075374199, 2359545000000, 
-3.342647824505017, -2.188962576649123, -0.7896426278158806, 2359579000000, 
-3.330314679491343, -2.2006050309775227, -0.7226610601246044, 2359613000000, 
-3.317227096752354, -2.211395479362513, -0.6557259996534589, 2359647000000, 
-3.3034562845803017, -2.2212752478702575, -0.5887668962063501, 2359681000000, 
-3.2890941478198243, -2.2301833796004757, -0.5211433713098685, 2359715000000, 
-3.2742049735760763, -2.238073583055551, -0.45274518228311267, 2359749000000, 
-3.2588428826544433, -2.244907011117912, -0.3840154831444731, 2359783000000, 
-3.243023536908747, -2.2506787013885052, -0.3153955424218125, 2359817000000, 
-3.226820493018086, -2.2553616483884413, -0.24724320892417137, 2359851000000, 
-3.2102964908222758, -2.2589415843237233, -0.17963592426416253, 2359885000000, 
-3.193542627265011, -2.2614036620132487, -0.11233728817263214, 2359919000000, 
-3.176646130114289, -2.262738824833326, -0.0452229002905485, 2359953000000, 
-3.1596894228487167, -2.2629409417373685, 0.02176665197025431, 2359987000000, 
-3.1427493165503413, -2.2620079114044236, 0.08868468219868791, 2360021000000, 
-3.1259072370214387, -2.2599430708557016, 0.15557510494383556, 2360055000000, 
-3.1092424116256896, -2.2567632050468163, 0.2224961894203768, 2360089000000, 
-3.0928389297911028, -2.252474145427265, 0.28955028049787546, 2360123000000, 
-3.0767653751397126, -2.2470977847168156, 0.35667846936971165, 2360157000000, 
-3.061092411834473, -2.2406573977087345, 0.42385390198788214, 2360191000000, 
-3.0458906779013666, -2.233179923039211, 0.49105385867479395, 2360225000000, 
-3.031224931137569, -2.2246990186151328, 0.558252369218439, 2360259000000, 
-3.0171594456060378, -2.215251854615916, 0.6254072512532438, 2360293000000, 
-3.0037584791683476, -2.2048822331481785, 0.6925312956006917, 2360327000000, 
-2.991113336516898, -2.1936698463772037, 0.7600293333121837, 2360361000000, 
-2.9793050109040653, -2.1816558675244195, 0.8283938694714957, 2360395000000, 
-2.9683771733466555, -2.1688882406699714, 0.897300248945158, 2360429000000, 
-2.958359529937335, -2.155403505709775, 0.966357120414897, 2360463000000, 
-2.9492907215934685, -2.1412513460322153, 1.0352087432158457, 2360497000000, 
-2.9411964901918166, -2.1264783911635705, 1.1035948319040292, 2360531000000, 
-2.934104130590781, -2.1111442868373427, 1.1713744698184227, 2360565000000, 
-2.928050634669783, -2.095336365183034, 1.2387436650165724, 2360599000000, 
-2.923065905725803, -2.0791376070999843, 1.30586632843765, 2360633000000, 
-2.9191746442270845, -2.0626303983882845, 1.372858890277846, 2360667000000, 
-2.9163949859931133, -2.0458940619256354, 1.4397853221566876, 2360701000000, 
-2.914739508582615, -2.0290029984834588, 1.5066386464833386, 2360735000000, 
-2.914212493632401, -2.0120275289461094, 1.5733564457672247, 2360769000000, 
-2.9148161295199055, -1.9950468101398027, 1.639977438632354, 2360803000000, 
-2.916548080758762, -1.9781371049374736, 1.7065298077383795, 2360837000000, 
-2.9193998406826194, -1.9613843459078157, 1.773110446039833, 2360871000000, 
-2.9233588792544887, -1.9448721604817782, 1.8398451569726821, 2360905000000, 
-2.928405859183746, -1.9286750345106491, 1.9067528375827878, 2360939000000, 
-2.9345217729679205, -1.9128606109708546, 1.9737713903329293, 2360973000000, 
-2.9416805565250677, -1.8974989335314094, 2.040868804207197, 2361007000000, 
-2.949841628610755, -1.8826747384540403, 2.1081511492003964, 2361041000000, 
-2.958954833580216, -1.8684903053631303, 2.1763416542797445, 2361075000000, 
-2.968986091021361, -1.8550147001458042, 2.245251125418932, 2361109000000, 
-2.979910912287765, -1.8422793521549483, 2.3145299268870536, 2361143000000, 
-2.9916963932958023, -1.8303294949158322, 2.3837012418118744, 2361177000000, 
-3.004309251345849, -1.819190790639227, 2.452307829242004, 2361211000000, 
-3.017695308674072, -1.808903018223988, 2.520220265387569, 2361245000000, 
-3.031776344602577, -1.799524642096237, 2.587694876927546, 2361279000000, 
-3.0464740456401653, -1.7911048926113875, 2.6549288471461097, 2361313000000, 
-3.0617141259701635, -1.783684919203753, 2.722022886521663, 2361347000000, 
-3.077424921757188, -1.7772982283264416, 2.7890154747760865, 2361381000000, 
-3.0935336479907396, -1.7719736044101593, 2.855937141727464, 2361415000000, 
-3.1099640591220354, -1.7677375845660936, 2.9228341516801497, 2361449000000, 
-3.126640506148974, -1.7646086530228329, 2.989747858859559, 2361483000000, 
-3.1434879026124536, -1.7626001516749015, 3.056675627114009, 2361517000000, 
-3.1604328857021655, -1.7617215716421015, 3.1235952038783967, 2361551000000, 
-3.177397172144194, -1.7619761276281891, -3.092672659229656, 2361585000000, 
-3.1943042477767905, -1.7633631551157218, -3.0257279940400066, 2361619000000, 
-3.2110732383751195, -1.7658779240251468, -2.9586971450747512, 2361653000000, 
-3.227629586715893, -1.7695113060498102, -2.8916012341634034, 2361687000000, 
-3.2439032244655315, -1.7742445818327304, -2.8244972828779553, 2361721000000, 
-3.2598205256841757, -1.7800580393171064, -2.757377955548494, 2361755000000, 
-3.275300680039899, -1.7869191329031313, -2.6901588447566698, 2361789000000, 
-3.290217324192816, -1.794772472925654, -2.622149765816666, 2361823000000, 
-3.3045167384170386, -1.8036158792225228, -2.553268228133792, 2361857000000, 
-3.318133371072174, -1.8134027060631328, -2.4839299914684068, 2361891000000, 
-3.331039085919397, -1.8241102605417252, -2.4145727921298916, 2361925000000, 
-3.3432014782439317, -1.8357097013546866, -2.3457320596517435, 2361959000000, 
-3.3545797685208534, -1.8481563489115853, -2.2775821791621307, 2361993000000, 
-3.365115667360992, -1.8613782461725232, -2.20997617990953, 2362027000000, 
-3.3747525167729355, -1.8753015977005534, -2.142686813183184, 2362061000000, 
-3.3834401339038767, -1.8898522684237287, -2.075558089830035, 2362095000000, 
-3.3911365672458147, -1.9049588163212081, -2.008513684163798, 2362129000000, 
-3.397807143453724, -1.9205518457418618, -1.9415361537048206, 2362163000000, 
-3.4034222326955175, -1.9365609918641393, -1.8746160970654118, 2362197000000, 
-3.4079556053607045, -1.952911840566886, -1.8077278852317071, 2362231000000, 
-3.411386625640298, -1.9695290903938663, -1.740838140329142, 2362265000000, 
-3.4137007877683345, -1.9863399927908771, -1.673952236263228, 2362299000000, 
-3.4148879044271587, -2.0032708243824247, -1.6070989664019781, 2362333000000, 
-3.414942363866015, -2.0202483101090687, -1.5402748764658114, 2362367000000, 
-3.41386508842232, -2.03719291564589, -1.4734911746742203, 2362401000000, 
-3.41166100078742, -2.054024291511497, -1.4066668842067225, 2362435000000, 
-3.408337088894516, -2.0706612712401724, -1.3397418132199173, 2362469000000, 
-3.4039110698945954, -2.0870319073606796, -1.272731409521433, 2362503000000, 
-3.39840064310387, -2.103064131148207, -1.205667041630696, 2362537000000, 
-3.3918291758712815, -2.1186868923216253, -1.1385619747926032, 2362571000000, 
-3.3842294998910596, -2.133824515710187, -1.0714169649389391, 2362605000000, 
-3.3756564206723016, -2.1483628563092383, -1.00351972220587, 2362639000000, 
-3.3661463738674824, -2.1622212108077634, -0.9347244012636786, 2362673000000, 
-3.355730429186279, -2.175344673444497, -0.8652279589059655, 2362707000000, 
-3.3444372658255936, -2.1877018124305736, -0.7954306852933978, 2362741000000, 
-3.332290158566333, -2.1992597227686046, -0.7260783994221485, 2362775000000, 
-3.319321701566052, -2.2099984993980937, -0.6575894489647841, 2362809000000, 
-3.3056080609133502, -2.2198633831634558, -0.5898095827804399, 2362843000000, 
-3.291227214151194, -2.2288010225410906, -0.5224961921099609, 2362877000000, 
-3.276257896455957, -2.2367645642134173, -0.4554723235708934, 2362911000000, 
-3.2607786486150743, -2.243713842112417, -0.3885831674521629, 2362945000000, 
-3.244865692949582, -2.2496168295821017, -0.3217438577056132, 2362979000000, 
-3.228593725733112, -2.2544448536369734, -0.25490239464627273, 2363013000000, 
-3.212037235710216, -2.2581751187540564, -0.18803933183929278, 2363047000000, 
-3.1952686893220053, -2.2607886978320626, -0.1211642693835655, 2363081000000, 
-3.178363053058823, -2.2622818201845423, -0.054291045322732934, 2363115000000, 
-3.1613963392678563, -2.262644106820211, 0.012577581679629773, 2363149000000, 
-3.1444442667336623, -2.2618722898743076, 0.07946649272045396, 2363183000000, 
-3.1275859092817764, -2.2599694222206335, 0.14639773061409872, 2363217000000, 
-3.110896963909184, -2.2569461711615317, 0.21337763049767602, 2363251000000, 
-3.094454295659999, -2.2528107539707767, 0.28041542382140194, 2363285000000, 
-3.078328808159507, -2.2475856127630562, 0.34748538143309804, 2363319000000, 
-3.0625954500273282, -2.2412930887711635, 0.4146059455914303, 2363353000000, 
-3.0473237889871054, -2.233960287543758, 0.48176222438259586, 2363387000000, 
-3.03258001739071, -2.2256190559802045, 0.5489216045802556, 2363421000000, 
-3.0184298748958582, -2.2163069176499253, 0.616064912107366, 2363455000000, 
-3.0049564839304885, -2.2060839368863223, 0.6834138824594991, 2363489000000, 
-2.99225508038589, -2.195003027566944, 0.7516290706253586, 2363523000000, 
-2.9803819827713016, -2.183115753405925, 0.8204174933553079, 2363557000000, 
-2.9693522579755527, -2.1704303987526905, 0.8893004337512953, 2363591000000, 
-2.9592125361970982, -2.157005470119699, 0.9579080005035989, 2363625000000, 
-2.9499884638331104, -2.142879886810621, 1.0259886496156727, 2363659000000, 
-2.9417257405964183, -2.1281307091351644, 1.0935717786143562, 2363693000000, 
-2.9344636457627087, -2.112834433322319, 1.1608315757417578, 2363727000000, 
-2.9282372005893778, -2.097068330513431, 1.2278750429848433, 2363761000000, 
-2.9230764133534124, -2.080910056471999, 1.2947899548416473, 2363795000000, 
-2.9190057533901155, -2.064437556211626, 1.3616426613838066, 2363829000000, 
-2.916043266036649, -2.0477264734727685, 1.4284551258375109, 2363863000000, 
-2.914202090906586, -2.030850806743666, 1.4952191254013922, 2363897000000, 
-2.9134945841049764, -2.0138867968130247, 1.5619535012887327, 2363931000000, 
-2.913914790320655, -1.9969128052546787, 1.628690288802481, 2363965000000, 
-2.915467222009346, -1.9800052767190712, 1.6954375506339125, 2363999000000, 
-2.9181407726539397, -1.9632391123016895, 1.762186415125013, 2364033000000, 
-2.921923263670617, -1.946699580754347, 1.8290798311071508, 2364067000000, 
-2.926802322912689, -1.9304640288853832, 1.896165135096658, 2364101000000, 
-2.9327555857969583, -1.91460100860002, 1.9633670732651596, 2364135000000, 
-2.939758209133275, -1.899178290195082, 2.030633106458283, 2364169000000, 
-2.9477803622594547, -1.8842617754136206, 2.0979107091364186, 2364203000000, 
-2.956787060903096, -1.8699164749154895, 2.1651713631299057, 2364237000000, 
-2.966737553144272, -1.856207571643664, 2.232423587230343, 2364271000000, 
-2.9775862525716965, -1.843197811975361, 2.2996790844438615, 2364305000000, 
-2.9892726101135483, -1.830961146003101, 2.3670246015934935, 2364339000000, 
-3.0017276384585627, -1.819572169295853, 2.434901196158475, 2364373000000, 
-3.014902823827143, -1.8090714269829828, 2.50341817446585, 2364407000000, 
-3.0287315049359838, -1.7995315867313442, 2.5724689967907977, 2364441000000, 
-3.043163902402847, -1.7909896033366737, 2.641849410432529, 2364475000000, 
-3.0581455242612527, -1.7834696433577426, 2.7113207795599945, 2364509000000, 
-3.073633797960207, -1.776999667801383, 2.7805721717511522, 2364543000000, 
-3.089586202665526, -1.771591655818472, 2.849038009931419, 2364577000000, 
-3.1059168689595, -1.7672724623587948, 2.9168597024038765, 2364611000000, 
-3.1225299684716505, -1.7640573274427365, 2.984348377130126, 2364645000000, 
-3.1393355803942704, -1.7619651495967088, 3.051637653438747, 2364679000000, 
-3.156253195476327, -1.761002619861434, 3.11880395595612, 2364713000000, 
-3.173201297123373, -1.7611783847580331, -3.097271344935209, 2364747000000, 
-3.1900993259009893, -1.7624902359151258, -3.030177353482446, 2364781000000, 
-3.2068707443976208, -1.7649320960889994, -2.963085175228473, 2364815000000, 
-3.223436784809378, -1.7684917779543339, -2.8959671883700584, 2364849000000, 
-3.239723387068651, -1.7731549144745562, -2.828817254229691, 2364883000000, 
-3.2556255823003477, -1.7788866593201698, -2.7612872038311007, 2364917000000, 
-3.2710488749127933, -1.7856694803326914, -2.6930270203453377, 2364951000000, 
-3.285944575856857, -1.7934787466883708, -2.6244150733737808, 2364985000000, 
-3.30027938594975, -1.8022992286483743, -2.555790885272347, 2365019000000, 
-3.3139950670661205, -1.8120947751592453, -2.4874770190902824, 2365053000000, 
-3.3270360504377408, -1.8228214797403939, -2.419606946722594, 2365087000000, 
-3.3393415983728474, -1.834422207416084, -2.35207872404272, 2365121000000, 
-3.3508506876694377, -1.8468387854469683, -2.284772004009578, 2365155000000, 
-3.361507386397977, -1.860009834928013, -2.217604626777934, 2365189000000, 
-3.3712603571987163, -1.8738712069130543, -2.150508935510251, 2365223000000, 
-3.3800642189806864, -1.8883578424802165, -2.08344989898166, 2365257000000, 
-3.3878794542109163, -1.9034039371069444, -2.0164333032459814, 2365291000000, 
-3.394672219208407, -1.91894333885266, -1.9494584004013844, 2365325000000, 
-3.400411500277715, -1.9349054785024833, -1.8825115424164856, 2365359000000, 
-3.4050705626064555, -1.9512165067527016, -1.8155700401703887, 2365393000000, 
-3.408628624089808, -1.967802991697676, -1.7486294819445343, 2365427000000, 
-3.4110705098096106, -1.9845923446567917, -1.6817114788681493, 2365461000000, 
-3.412385555373588, -2.0015105419514234, -1.6148289413063643, 2365495000000, 
-3.4125670785095368, -2.018477665134185, -1.5479345236289994, 2365529000000, 
-3.411614224020472, -2.035403703205094, -1.4808481630738934, 2365563000000, 
-3.409535146208654, -2.052186337040637, -1.4133820816454477, 2365597000000, 
-3.4063291482989912, -2.0687513419671224, -1.3453341312364913, 2365631000000, 
-3.402007647535459, -2.0850254483521415, -1.27679122488916, 2365665000000, 
-3.396584500136167, -2.1009475698337914, -1.2078981267541122, 2365699000000, 
-3.3900891201359693, -2.1164274497346276, -1.13884490743453, 2365733000000, 
-3.382524117810246, -2.1314552623925707, -1.0699219932535202, 2365767000000, 
-3.3739311497455886, -2.145961365227309, -1.0016995270855635, 2365801000000, 
-3.364348558929464, -2.1598871533901964, -0.934029602117164, 2365835000000, 
-3.353836729194854, -2.173150285767951, -0.866616701342825, 2365869000000, 
-3.342449085807845, -2.1856854614943013, -0.7993389343915547, 2365903000000, 
-3.3302408090405087, -2.1974320552991973, -0.7321544965981902, 2365937000000, 
-3.317268787197322, -2.208335599748136, -0.6650312931751403, 2365971000000, 
-3.303623451043337, -2.2183171430411575, -0.5975932044658047, 2366005000000, 
-3.2893808239342257, -2.2273182631010306, -0.5292498710328163, 2366039000000, 
-3.2745882702133087, -2.235302647063943, -0.460381849471403, 2366073000000, 
-3.2592861409556324, -2.2422453903313606, -0.3914616073325459, 2366107000000, 
-3.2435066859934096, -2.2481317380515367, -0.3230000067442763, 2366141000000, 
-3.2273165772723154, -2.2529478077718834, -0.25519997576330444, 2366175000000, 
-3.2108028420580954, -2.256653896377966, -0.1878344345704723, 2366209000000, 
-3.194058328090587, -2.25924608282187, -0.1206861507380127, 2366243000000, 
-3.1771661570253995, -2.260715250483695, -0.05366404110785104, 2366277000000, 
-3.1602049712460993, -2.261056024009408, 0.013266660001665345, 2366311000000, 
-3.143251616428859, -2.26026858037834, 0.08011571485459047, 2366345000000, 
-3.126383105312955, -2.2583618021176735, 0.14690188712083013, 2366379000000, 
-3.1096896092555792, -2.255331365191215, 0.21382028312256712, 2366413000000, 
-3.0932511114396393, -2.2511872819959975, 0.2809155712039559, 2366447000000, 
-3.0771350734796545, -2.245952202201925, 0.3481134260784338, 2366481000000, 
-3.0614104858788194, -2.2396472084623937, 0.41535817773732464, 2366515000000, 
-3.0461451343043207, -2.232302666104359, 0.4825996330697234, 2366549000000, 
-3.0314045407454837, -2.223947847792687, 0.5497850754812184, 2366583000000, 
-3.017254796535206, -2.2146213419283214, 0.616921128741756, 2366617000000, 
-3.0037627852351054, -2.204367447755816, 0.6840556438685407, 2366651000000, 
-2.990991228448135, -2.193232912538596, 0.7512026375539714, 2366685000000, 
-2.978996624391477, -2.181267123925641, 0.8183419520208244, 2366719000000, 
-2.9678312512414196, -2.168522255487249, 0.8854593591008142, 2366753000000, 
-2.9575472243996326, -2.1550574862572804, 0.9525669921986174, 2366787000000, 
-2.94819162515055, -2.140934691073079, 1.0196756526839972, 2366821000000, 
-2.939839191644802, -2.126268913840339, 1.0873145586688644, 2366855000000, 
-2.9325168052627415, -2.1110895718812333, 1.1556427564926972, 2366889000000, 
-2.926271311867956, -2.0954833393266923, 1.2244150613977258, 2366923000000, 
-2.9211097690538104, -2.0794704728136124, 1.2930931195700563, 2366957000000, 
-2.91704740562765, -2.06310307276289, 1.3613010032665667, 2366991000000, 
-2.9141010083832013, -2.046456189830634, 1.4288847744192439, 2367025000000, 
-2.9122832372683614, -2.029615082462451, 1.4960622271161708, 2367059000000, 
-2.911593991709034, -2.012669907389985, 1.5630092722833915, 2367093000000, 
-2.9120333549445845, -1.9957043368588385, 1.6298169858492724, 2367127000000, 
-2.9135971282758995, -1.9787976980443318, 1.696523113652043, 2367161000000, 
-2.91629490861589, -1.9620274414569268, 1.7631626452725417, 2367195000000, 
-2.920096295812432, -1.945478338819183, 1.8298731977584175, 2367229000000, 
-2.924993166869466, -1.9292363643258352, 1.896801047410938, 2367263000000, 
-2.9309613550633005, -1.9133705198313464, 1.9638828282250378, 2367297000000, 
-2.9379767836671298, -1.8979467825710399, 2.0310442708207286, 2367331000000, 
-2.9460096586492788, -1.8830307250365326, 2.098226907112986, 2367365000000, 
-2.9550250543935936, -1.8686875596797388, 2.1654247622071496, 2367399000000, 
-2.9649823992008373, -1.854982207698405, 2.2326430052435176, 2367433000000, 
-2.9758371313282517, -1.841976308090628, 2.2998645951787604, 2367467000000, 
-2.987541874793779, -1.8297264353484655, 2.367057017068669, 2367501000000, 
-3.000044694323947, -1.8182865315689032, 2.4342058665620323, 2367535000000, 
-3.0132881715875426, -1.80770922294894, 2.5013319804759084, 2367569000000, 
-3.027211143593124, -1.7980433361140689, 2.568458734182527, 2367603000000, 
-3.0417515724817727, -1.7893318523698822, 2.63557558068061, 2367637000000, 
-3.056846106476907, -1.781612222261886, 2.7026520594302395, 2367671000000, 
-3.072427595293644, -1.7749187131094208, 2.769679391263372, 2367705000000, 
-3.08839921197094, -1.7692964001571285, 2.8369490950049263, 2367739000000, 
-3.104670829438476, -1.764777256304107, 2.904767533665526, 2367773000000, 
-3.1211825743833006, -1.7613768678875414, 2.973087370242911, 2367807000000, 
-3.1378567706806866, -1.759120816117237, 3.0417704055547237, 2367841000000, 
-3.154641439905856, -1.7580175967059948, 3.110580889502046, 2367875000000, 
-3.171497310903241, -1.7580692930561546, -3.104196553671076, 2367909000000, 
-3.1883467360979174, -1.7592700181149448, -3.036361614796538, 2367943000000, 
-3.205102662047972, -1.7616104819222127, -2.968863229216925, 2367977000000, 
-3.221678322685445, -1.7650739150148123, -2.901566764932744, 2368011000000, 
-3.2379911894561153, -1.769646177374727, -2.8343684192702554, 2368045000000, 
-3.2539612085833287, -1.7753032991384439, -2.76720061272374, 2368079000000, 
-3.269515794133023, -1.7820199624687798, -2.7000475358518226, 2368113000000, 
-3.284584892713268, -1.7897654286164224, -2.6329173294795276, 2368147000000, 
-3.2990602312116972, -1.7984714717226928, -2.565321790001503, 2368181000000, 
-3.3128612568313844, -1.8081315531541586, -2.4968726457824153, 2368215000000, 
-3.3259383922414867, -1.8186922515629158, -2.4280536424126278, 2368249000000, 
-3.3382706361391556, -1.830134397879484, -2.359405996087236, 2368283000000, 
-3.3498197986013634, -1.8424256218107877, -2.2912629659064176, 2368317000000, 
-3.3605335887971113, -1.855500137824277, -2.223629071524692, 2368351000000, 
-3.3703563131984726, -1.8692868857840856, -2.1562930838178653, 2368385000000, 
-3.3792385939426324, -1.8837150704566779, -2.089133710287618, 2368419000000, 
-3.38713885898821, -1.8987155137357614, -2.022096756882725, 2368453000000, 
-3.394020476714239, -1.9142176266642157, -1.9551388080942447, 2368487000000, 
-3.3998509120184037, -1.930148149120106, -1.888211948916465, 2368521000000, 
-3.4046034707689588, -1.9464335996675295, -1.8212912734075177, 2368555000000, 
-3.4082567894363884, -1.9630001932217673, -1.7543860991693878, 2368589000000, 
-3.410796611467374, -1.9797777605696252, -1.6875055201222178, 2368623000000, 
-3.412210520722282, -1.9966902121268837, -1.6206529715871587, 2368657000000, 
-3.4124918257037176, -2.013660670794734, -1.5538116466958887, 2368691000000, 
-3.411640613055369, -2.0306124723941656, -1.4869690921538141, 2368725000000, 
-3.4096620836460976, -2.0474603542241527, -1.4199973775179242, 2368759000000, 
-3.406560318676078, -2.0641259523910134, -1.3528561765289067, 2368793000000, 
-3.4023473843234644, -2.0805428477800985, -1.2856985313626461, 2368827000000, 
-3.3970464462080248, -2.0966310376628647, -1.2185410167785518, 2368861000000, 
-3.3906915630464707, -2.1122916388488933, -1.1508939713686979, 2368895000000, 
-3.383313493827541, -2.12742077850459, -1.082332963116621, 2368929000000, 
-3.3749378083120547, -2.141955080016416, -1.013099289635904, 2368963000000, 
-3.3655648387223045, -2.155889668527685, -0.9437657744800653, 2368997000000, 
-3.355226646863909, -2.169176112634533, -0.8752429068008003, 2369031000000, 
-3.3439744514510417, -2.181766736306781, -0.8073744379951641, 2369065000000, 
-3.331876608379467, -2.193587562145564, -0.7398787994564302, 2369099000000, 
-3.318997203280176, -2.2045794918390635, -0.6725818766100985, 2369133000000, 
-3.3054031712070895, -2.214683844950973, -0.6053759080113933, 2369167000000, 
-3.291184750882655, -2.223829323703479, -0.5379566391514609, 2369201000000, 
-3.2764096227615735, -2.231979870647419, -0.4699357132201069, 2369235000000, 
-3.261130056476956, -2.23909698171443, -0.40167503524712855, 2369269000000, 
-3.2453799344819103, -2.24516457634525, -0.33360541626136847, 2369303000000, 
-3.2292305754093102, -2.2501580701636095, -0.2659392996292313, 2369337000000, 
-3.2127523413340495, -2.2540480563340664, -0.19865312261084417, 2369371000000, 
-3.1960323398656096, -2.2568251466764773, -0.13156991494877682, 2369405000000, 
-3.179155092485283, -2.258479219950487, -0.06457961323271436, 2369439000000, 
-3.1622001207482295, -2.2590033023659375, 0.002362045063379931, 2369473000000, 
-3.145242821465221, -2.2584022561930235, 0.06924528168889853, 2369507000000, 
-3.128357476544956, -2.2566746127311865, 0.13605355591052534, 2369541000000, 
-3.1116302332565646, -2.2538204171514393, 0.2029335527143795, 2369575000000, 
-3.0951468805649127, -2.2498527216702824, 0.27000877438477566, 2369609000000, 
-3.078976774549351, -2.2447911781136782, 0.3372211455273952, 2369643000000, 
-3.0631880374519165, -2.2386580621702348, 0.40450091921225767, 2369677000000, 
-3.0478467554325066, -2.2314778045153236, 0.4717679347757196, 2369711000000, 
-3.0330191501662656, -2.2232807208285643, 0.5389966621946637, 2369745000000, 
-3.0187736884466836, -2.2141074534798233, 0.6061865511438251, 2369779000000, 
-3.0051750114858753, -2.2039975814180277, 0.673352413645282, 2369813000000, 
-2.992285685180444, -2.1929990652427422, 0.7405069499923524, 2369847000000, 
-2.9801621983321622, -2.1811591395271224, 0.8076273421571779, 2369881000000, 
-2.968892036370559, -2.168566081543553, 0.8751495918509189, 2369915000000, 
-2.9585452143400826, -2.155280831344319, 0.9436385060857599, 2369949000000, 
-2.949169938898883, -2.1413626114837747, 1.0127903148834256, 2369983000000, 
-2.940795087454639, -2.1268428467909115, 1.0822334019085924, 2370017000000, 
-2.9334396876019815, -2.1117596367535136, 1.151487380750778, 2370051000000, 
-2.9271162973362097, -2.0961489935768864, 1.2199296337407302, 2370085000000, 
-2.92185092231336, -2.0800920105155254, 1.287649915549702, 2370119000000, 
-2.9176695878396237, -2.063681210834142, 1.3549301112910206, 2370153000000, 
-2.914595863441872, -2.0470036011900796, 1.42192165167207, 2370187000000, 
-2.912645066835722, -2.030144213525214, 1.4887573954232496, 2370221000000, 
-2.9118227142935575, -2.0131866218395005, 1.5555393077139252, 2370255000000, 
-2.912125466925986, -1.9962097101789364, 1.622300087691422, 2370289000000, 
-2.913553843796821, -1.9792856558347194, 1.689030949464711, 2370323000000, 
-2.916113036702573, -1.962489295391917, 1.7556399339644397, 2370357000000, 
-2.919782688917519, -1.9458956097429096, 1.8222470318661577, 2370391000000, 
-2.9245486344831426, -1.9295946314146177, 1.8889683206380148, 2370425000000, 
-2.930388400386916, -1.9136526864258903, 1.9557543615208857, 2370459000000, 
-2.937275190238149, -1.8981414717184875, 2.022581563042233, 2370493000000, 
-2.9451788940764905, -1.8831303288284271, 2.0895007074111165, 2370527000000, 
-2.9540653500458562, -1.8686886075702467, 2.1564979583423303, 2370561000000, 
-2.963895524208841, -1.85487964323146, 2.223559492672716, 2370595000000, 
-2.9746267701795635, -1.8417645957862807, 2.290658031127788, 2370629000000, 
-2.986212752710198, -1.8294001010261163, 2.3577607641517297, 2370663000000, 
-2.998601948844159, -1.8178414002697831, 2.424862538844384, 2370697000000, 
-3.0117379908156297, -1.8071411803425628, 2.491975516573156, 2370731000000, 
-3.0255493143736123, -1.7973660031623868, 2.559208302710616, 2370765000000, 
-3.0399535306681673, -1.7885571468986678, 2.6270787754919334, 2370799000000, 
-3.0548923131527963, -1.7807703296527655, 2.6953812428746344, 2370833000000, 
-3.0703201711252204, -1.7740305775300418, 2.763771450645799, 2370867000000, 
-3.086205466436659, -1.7683474879593095, 2.8319068252405444, 2370901000000, 
-3.10246910575402, -1.7637450200165603, 2.899548669945897, 2370935000000, 
-3.119035379744828, -1.7602591221551607, 2.966815847923834, 2370969000000, 
-3.1358143020301648, -1.7578899510831132, 3.0339073758187136, 2371003000000, 
-3.1527219203504018, -1.756646137364876, 3.100921725466387, 2371037000000, 
-3.1696813953404863, -1.7565318393537415, -3.1153198599636847, 2371071000000, 
-3.1866198988813865, -1.7575457426039511, -3.0484867850470585, 2371105000000, 
-3.203462785184825, -1.759680960231611, -2.981770752677706, 2371139000000, 
-3.2201194566012012, -1.7629378176264494, -2.914963092077419, 2371173000000, 
-3.2365042145408944, -1.7673048723504279, -2.8479427275470943, 2371207000000, 
-3.25254861721105, -1.772754897869449, -2.7807834538782434, 2371241000000, 
-3.268186319375948, -1.7792672086683172, -2.71356709377348, 2371275000000, 
-3.2833496755044975, -1.7868135155318392, -2.646331427001972, 2371309000000, 
-3.2979713485306705, -1.7953620645189703, -2.5790751594662362, 2371343000000, 
-3.311985024878017, -1.8048730685967127, -2.51180541974193, 2371377000000, 
-3.325329169039759, -1.8153046129257853, -2.444551438115222, 2371411000000, 
-3.337945889323602, -1.8266110846554346, -2.3773449304191545, 2371445000000, 
-3.3497784399305455, -1.8387414794494794, -2.3101833073278564, 2371479000000, 
-3.3607718438221106, -1.8516394386118709, -2.243036666876264, 2371513000000, 
-3.370875803874772, -1.8652459529187506, -2.175892008813618, 2371547000000, 
-3.380045907233271, -1.8795010301470894, -2.1087696815781, 2371581000000, 
-3.3882226469729275, -1.8943104101849306, -2.0413599054058817, 2371615000000, 
-3.395357157912895, -1.9095958662340549, -1.9733517118704262, 2371649000000, 
-3.401416921100978, -1.9252958874996362, -1.904762486385368, 2371683000000, 
-3.406373922791847, -1.941347459265239, -1.8356599652108676, 2371717000000, 
-3.4101992693036287, -1.9576741651158684, -1.7663256256343158, 2371751000000, 
-3.412890234590872, -1.9742518355138334, -1.6971039231342928, 2371785000000, 
-3.414430468624678, -1.9909919217434184, -1.6281889839371153, 2371819000000, 
-3.414818952273038, -2.0078390803835644, -1.5597647633018294, 2371853000000, 
-3.4140607136080314, -2.0247245129480897, -1.4920365293377467, 2371887000000, 
-3.4121659519691687, -2.041559747536584, -1.4247802114486843, 2371921000000, 
-3.409142239761443, -2.0582468619703502, -1.3577529203003729, 2371955000000, 
-3.4050080230406077, -2.074695901476624, -1.290747264147273, 2371989000000, 
-3.3997848096061527, -2.0908276650725903, -1.2237018778858877, 2372023000000, 
-3.3934945851910423, -2.106570005500339, -1.1566408207077044, 2372057000000, 
-3.3861638482234646, -2.121855320594133, -1.0895836557811414, 2372091000000, 
-3.377826274215404, -2.136612612681862, -1.0225149621320226, 2372125000000, 
-3.368519549004104, -2.150774130315171, -0.9554070929554463, 2372159000000, 
-3.358298824797823, -2.164258591513895, -0.8882535217077774, 2372193000000, 
-3.347213539496011, -2.176993495821131, -0.8204628583077939, 2372227000000, 
-3.335324754487497, -2.1889078403295574, -0.7518547312206839, 2372261000000, 
-3.322671576141922, -2.1999469157815326, -0.6828532087427691, 2372295000000, 
-3.309271952124393, -2.2100975236481437, -0.6139848050012419, 2372329000000, 
-3.295165762328919, -2.219333151582576, -0.5457256482560457, 2372363000000, 
-3.2804282467135164, -2.22761094776271, -0.47809236904376323, 2372397000000, 
-3.2651331463843016, -2.2348890876225385, -0.4109063993493971, 2372431000000, 
-3.2493674448359617, -2.241129422805322, -0.34393018922854435, 2372465000000, 
-3.23321449161544, -2.2463055332739184, -0.2770089772505372, 2372499000000, 
-3.216748885145944, -2.250392960838437, -0.21011711204563552, 2372533000000, 
-3.2000441221259925, -2.253370696915898, -0.14325445753574975, 2372567000000, 
-3.1831765000604424, -2.255224033822316, -0.07640004996449128, 2372601000000, 
-3.166222116276004, -2.2559475101590474, -0.00954596967168858, 2372635000000, 
-3.149254212571337, -2.255545944018988, 0.05727468480973225, 2372669000000, 
-3.1323468268023684, -2.2540152559638025, 0.12404855134244792, 2372703000000, 
-3.11558914171745, -2.2513590382890065, 0.19095025201418753, 2372737000000, 
-3.0990638432907582, -2.2475865531959722, 0.25807523356249895, 2372771000000, 
-3.0828397924848425, -2.2427172594431917, 0.3253388144246882, 2372805000000, 
-3.066983716833619, -2.236771024129272, 0.3926541396865989, 2372839000000, 
-3.051562619676142, -2.2297727959374742, 0.45996394393878787, 2372873000000, 
-3.036645211474366, -2.221753373666508, 0.5272587255213143, 2372907000000, 
-3.0222995478049928, -2.2127494005604986, 0.5945479346580064, 2372941000000, 
-3.0085893338775365, -2.2027998915634432, 0.6618098216798859, 2372975000000, 
-2.9955725828500945, -2.191949882057424, 0.7289852897864703, 2373009000000, 
-2.983310003399365, -2.1802490889431474, 0.7961086416491727, 2373043000000, 
-2.9718630425521275, -2.1677593534730715, 0.8632574890497003, 2373077000000, 
-2.9613221732209802, -2.1545680214886858, 0.9310249519697905, 2373111000000, 
-2.951744020381713, -2.14074122958654, 0.9997695164524355, 2373145000000, 
-2.9431737799054645, -2.1263327323424988, 1.0691723305935323, 2373179000000, 
-2.935652318218924, -2.1114082711290867, 1.1389928971859102, 2373213000000, 
-2.9291780605221938, -2.095958899624094, 1.2089865302960099, 2373247000000, 
-2.9237797687237594, -2.080051316327942, 1.2779055056045454, 2373281000000, 
-2.919461404956106, -2.0637390440586483, 1.3459123199817384, 2373315000000, 
-2.9162472280487064, -2.0471216190486485, 1.4133027496865043, 2373349000000, 
-2.9141501375951044, -2.0302997699934653, 1.4803351673187872, 2373383000000, 
-2.913181745247925, -2.013358553600739, 1.5471866429227923, 2373417000000, 
-2.913344841172336, -1.9963764993048536, 1.6138841834278483, 2373451000000, 
-2.914638465916548, -1.979439154024269, 1.6804817739902593, 2373485000000, 
-2.917055279639396, -1.9626166645684842, 1.7470524037127666, 2373519000000, 
-2.920585280992561, -1.9459974357882033, 1.8136821337132742, 2373553000000, 
-2.925210252032652, -1.929668571603222, 1.8805210330918143, 2373587000000, 
-2.9309135350278748, -1.9136947489451055, 1.9474843017323016, 2373621000000, 
-2.9376714000435995, -1.8981400492544627, 2.014484745900595, 2373655000000, 
-2.9454539943751374, -1.8830727997567356, 2.081489026528615, 2373689000000, 
-2.954228776384603, -1.8685604380317302, 2.1484700270598722, 2373723000000, 
-2.963955041443892, -1.8546642178694546, 2.215429621477389, 2373757000000, 
-2.9745882394148184, -1.8414520752466779, 2.282390482895242, 2373791000000, 
-2.986081604455538, -1.8289806551084629, 2.3493607448505878, 2373825000000, 
-2.998381463012138, -1.8173097549775674, 2.4163496967108515, 2373859000000, 
-3.011432974158126, -1.8064902559187237, 2.4833756975294086, 2373893000000, 
-3.025178759329389, -1.7965703341092356, 2.550417340947267, 2373927000000, 
-3.0395500471785115, -1.7876006586212145, 2.6174482503586227, 2373961000000, 
-3.0544722469775505, -1.7796301315080985, 2.684886198796128, 2373995000000, 
-3.06984771813626, -1.7727115467485042, 2.7530801522094324, 2374029000000, 
-3.085630775525168, -1.7668737498170675, 2.8216431373433903, 2374063000000, 
-3.101785633459046, -1.7621286943853465, 2.8901509751652137, 2374097000000, 
-3.118255596892933, -1.7584933613797722, 2.9582881547181024, 2374131000000, 
-3.1349756660087102, -1.7559747683118472, 3.0258751562142017, 2374165000000, 
-3.1518561421708107, -1.7545941956489426, 3.093105170304422, 2374199000000, 
-3.1688083522795467, -1.7543446708903725, -3.123045743536697, 2374233000000, 
-3.185750999579661, -1.7552244412248539, -3.0561464334570165, 2374267000000, 
-3.202603903084743, -1.757234783914552, -2.98932590456824, 2374301000000, 
-3.219280526212848, -1.7603726440568759, -2.9224339083550523, 2374335000000, 
-3.2356948983143416, -1.7646099788439715, -2.855343000512958, 2374369000000, 
-3.2517781739089626, -1.7699340901959182, -2.7881374071158627, 2374403000000, 
-3.2674652140129523, -1.776326021446119, -2.720889950968399, 2374437000000, 
-3.2826871309665027, -1.7837568669959964, -2.653632614486504, 2374471000000, 
-3.297375102814027, -1.792193117975161, -2.586363574494153, 2374505000000, 
-3.311463095760675, -1.8015967608951973, -2.5190908254832043, 2374539000000, 
-3.3248898438811274, -1.811925948772209, -2.451842819014992, 2374573000000, 
-3.3375962670249986, -1.8231387456148485, -2.384660857242974, 2374607000000, 
-3.3495254036079007, -1.835179253295924, -2.317536343236219, 2374641000000, 
-3.3605928926329622, -1.8479574297623917, -2.250242525103088, 2374675000000, 
-3.3707526677558572, -1.8614388201686354, -2.1820464951214538, 2374709000000, 
-3.3799189582454994, -1.8755177387805586, -2.1130973981342462, 2374743000000, 
-3.3880777387960572, -1.8901803414604998, -2.0437509659091972, 2374777000000, 
-3.395213451971496, -1.9053949446033085, -1.974735207097652, 2374811000000, 
-3.401305400784046, -1.9211106803949547, -1.9065136019519973, 2374845000000, 
-3.4063326826307936, -1.9372482904834087, -1.8388545013369724, 2374879000000, 
-3.4102675559865525, -1.9537152530157542, -1.7715292225580404, 2374913000000, 
-3.4130887355491724, -1.9704220643335617, -1.7043839903051634, 2374947000000, 
-3.414784302749784, -1.9872908515142942, -1.6373346685698325, 2374981000000, 
-3.41534766380785, -2.004243821726345, -1.5704230949596836, 2375015000000, 
-3.414777604642543, -2.021205170620224, -1.5036074700399655, 2375049000000, 
-3.413080942766452, -2.0380839228778873, -1.4368103696546668, 2375083000000, 
-3.4102596119576396, -2.0547843298619046, -1.3696065924892549, 2375117000000, 
-3.4063202938605377, -2.071244734785629, -1.3020855287284647, 2375151000000, 
-3.401284900396808, -2.0873806384218176, -1.2344318508233683, 2375185000000, 
-3.395172742818173, -2.1031354433948626, -1.1667244414949143, 2375219000000, 
-3.3880052755203645, -2.118444520885413, -1.0990504752579668, 2375253000000, 
-3.3798201464306965, -2.133234400368843, -1.0314004896915554, 2375287000000, 
-3.3706510519128208, -2.147440415563763, -0.9637767446748813, 2375321000000, 
-3.3605435142399736, -2.160994863432673, -0.8961652748517032, 2375355000000, 
-3.3495464870953007, -2.1738320748589253, -0.8285035915303923, 2375389000000, 
-3.3377073236698087, -2.1858942976083156, -0.7607903612543988, 2375423000000, 
-3.325084689009488, -2.1971212599305923, -0.6930340146404159, 2375457000000, 
-3.311729972655385, -2.2074701061658755, -0.6251924600116423, 2375491000000, 
-3.2977083744664517, -2.216885648554786, -0.5573290349799035, 2375525000000, 
-3.283073885179474, -2.2253340497742906, -0.48955186722649935, 2375559000000, 
-3.267883645843225, -2.232784107951366, -0.422038807693577, 2375593000000, 
-3.252210323592142, -2.239199184152524, -0.3547385262149019, 2375627000000, 
-3.2361331282652315, -2.2445522649644536, -0.28756585193912676, 2375661000000, 
-3.21972599017613, -2.248816963642593, -0.2204870346580515, 2375695000000, 
-3.2030668618575917, -2.2519754382650308, -0.15345619915562364, 2375729000000, 
-3.1862557070897766, -2.25400402331812, -0.08624352178729912, 2375763000000, 
-3.169394745431218, -2.2548914318082702, -0.01842625403384652, 2375797000000, 
-3.152534205200729, -2.254632381644253, 0.04977446625675088, 2375831000000, 
-3.135712619528392, -2.2532185297529623, 0.11792824730760974, 2375865000000, 
-3.119009221955073, -2.2506669975205043, 0.18565092586709514, 2375899000000, 
-3.102500241941466, -2.2469862764789736, 0.2531762478814722, 2375933000000, 
-3.086266821998431, -2.242198589288166, 0.3205923630956446, 2375967000000, 
-3.070386061273091, -2.236330048524041, 0.3879181794344336, 2376001000000, 
-3.0549321173226316, -2.2294035474096643, 0.4551864980122762, 2376035000000, 
-3.03997799192553, -2.221453481729067, 0.5224483592407689, 2376069000000, 
-3.025590929916754, -2.212514575907007, 0.5896980593524519, 2376103000000, 
-3.0118328626530873, -2.2026294949411565, 0.6568886669155413, 2376137000000, 
-2.9987657352195733, -2.191841238284139, 0.724027175535662, 2376171000000, 
-2.986471163685144, -2.180224172438077, 0.7912965227331166, 2376205000000, 
-2.9749980318932128, -2.1678031435651426, 0.8590452851846478, 2376239000000, 
-2.9644171929307817, -2.154661179109505, 0.9271515326142551, 2376273000000, 
-2.954770504212118, -2.140847808450792, 0.9954389665888337, 2376307000000, 
-2.946084648714769, -2.126400691801573, 1.0637009567079534, 2376341000000, 
-2.9383972612413056, -2.1113823293173524, 1.1318150700782352, 2376375000000, 
-2.9317359340799247, -2.0958508030792444, 1.1996033264860941, 2376409000000, 
-2.9261299714158446, -2.07987509090441, 1.2669470304199277, 2376443000000, 
-2.9215998590416437, -2.063536320529125, 1.334006441117783, 2376477000000, 
-2.918169895285471, -2.0469179652449845, 1.4008580160354114, 2376511000000, 
-2.915854848709319, -2.0300959818540187, 1.4675988737828605, 2376545000000, 
-2.9146654888961803, -2.0131528155495184, 1.5342818520137407, 2376579000000, 
-2.914605732283055, -1.9961701129855096, 1.6009660284208382, 2376613000000, 
-2.9156773496811, -1.9792197551037325, 1.6676473870909714, 2376647000000, 
-2.917874820731246, -1.9624034710450922, 1.734470249325891, 2376681000000, 
-2.9211817574807712, -1.9458192772783265, 1.802009744022042, 2376715000000, 
-2.925603455069196, -1.9295431741396418, 1.8703117416495942, 2376749000000, 
-2.931114072468309, -1.9136483060913172, 1.9389358736149962, 2376783000000, 
-2.9377086900071343, -1.898156745115878, 2.0075385185377157, 2376817000000, 
-2.9453588187253885, -1.8831228443380463, 2.0756524883267033, 2376851000000, 
-2.9540288642968866, -1.868612390587011, 2.1433147022659216, 2376885000000, 
-2.9636720726224235, -1.854698152845054, 2.210661487501015, 2376919000000, 
-2.9742363800802067, -1.8414514953517254, 2.2778151742623702, 2376953000000, 
-2.985670993878293, -1.8289373459098128, 2.34488025536446, 2376987000000, 
-2.997917432857069, -1.8172193351920078, 2.4119284781835124, 2377021000000, 
-3.010907636745305, -1.806360416817969, 2.4792416140277154, 2377055000000, 
-3.0245646747217827, -1.7964334804722752, 2.5470436785534987, 2377089000000, 
-3.038852854725819, -1.7874623770848086, 2.6151578161584648, 2377123000000, 
-3.0537159013512998, -1.7794854693856896, 2.6833372565544846, 2377157000000, 
-3.069099998996086, -1.7725347032679388, 2.751347091447848, 2377191000000, 
-3.0849450763017194, -1.7666332779263145, 2.8189440743737486, 2377225000000, 
-3.101176227568315, -1.7618059991432902, 2.8862297069036154, 2377259000000, 
-3.1177093396023396, -1.7580748364123453, 2.953341666317463, 2377293000000, 
-3.13446180195771, -1.755458833490796, 3.020375632318578, 2377327000000, 
-3.1513551691031583, -1.7539707045836435, 3.0873802445847347, 2377361000000, 
-3.1683119774122113, -1.7536149364884854, -3.1288343273786654, 2377395000000, 
-3.1852571032459798, -1.7543936689627861, -3.061908223620922, 2377429000000, 
-3.202102658708975, -1.7563031994118676, -2.9949510719440475, 2377463000000, 
-3.2187528639982483, -1.7593276682957004, -2.927547559197895, 2377497000000, 
-3.235126404603774, -1.7634712593842354, -2.8596220248697106, 2377531000000, 
-3.2511551713896774, -1.7687118109092481, -2.791422720735539, 2377565000000, 
-3.2667882707644083, -1.7750335541091733, -2.723177440786097, 2377599000000, 
-3.2819757636705904, -1.782412767454826, -2.6552766606607365, 2377633000000, 
-3.296650850578, -1.7908147426691423, -2.58768362473441, 2377667000000, 
-3.3107386209232077, -1.8001945072223358, -2.5202679287532295, 2377701000000, 
-3.3241714449421496, -1.8105064959515653, -2.453003080926415, 2377735000000, 
-3.336886766916075, -1.8217011717759606, -2.385817090042822, 2377769000000, 
-3.3488030191098637, -1.833704090357903, -2.3183687713837133, 2377803000000, 
-3.35984581995219, -1.846456846309592, -2.2502610879754847, 2377837000000, 
-3.3699732447405633, -1.8599079687716134, -2.1817552469927666, 2377871000000, 
-3.379149694322424, -1.8740145488947837, -2.1131887519777277, 2377905000000, 
-3.387363629242164, -1.888755729595908, -2.045035977050182, 2377939000000, 
-3.3945718428980713, -1.904047699732147, -1.9774107057685921, 2377973000000, 
-3.4007451299178153, -1.9198199829207017, -1.9101600034923631, 2378007000000, 
-3.4058538509949643, -1.9359890312213386, -1.8431644471306396, 2378041000000, 
-3.4098731201583505, -1.952478063682318, -1.776322829892102, 2378075000000, 
-3.4127843568056986, -1.9692021488882003, -1.7095567843289519, 2378109000000, 
-3.4145745073160128, -1.9860904488093098, -1.6428597116297488, 2378143000000, 
-3.4152372683905963, -2.003066234287566, -1.5762530909430221, 2378177000000, 
-3.4147690224016185, -2.020023649908963, -1.5095127814464433, 2378211000000, 
-3.4131703974423075, -2.036883542797912, -1.4422087702171995, 2378245000000, 
-3.4104409000337363, -2.053566256495357, -1.3744314299090552, 2378279000000, 
-3.4065892724090587, -2.0699905254930315, -1.3063099816165602, 2378313000000, 
-3.4016261302928172, -2.0861225678902136, -1.2382250258875327, 2378347000000, 
-3.3955719706860537, -2.1019051297942735, -1.1705780235232137, 2378381000000, 
-3.3884562845244925, -2.117266442702768, -1.1032308992570554, 2378415000000, 
-3.3803193779172593, -2.1321276898474193, -1.036054807369941, 2378449000000, 
-3.371200115141837, -2.1464171385335487, -0.9689811287161219, 2378483000000, 
-3.3611510498504926, -2.1600503277054925, -0.9017791531351743, 2378517000000, 
-3.3502365303159576, -2.1729381350016332, -0.8339731191531253, 2378551000000, 
-3.3384968351370117, -2.1850277399958316, -0.7655992020673652, 2378585000000, 
-3.3259663050992434, -2.196274390928022, -0.6971116636110942, 2378619000000, 
-3.31266616877267, -2.206666229692389, -0.6290592780247187, 2378653000000, 
-3.2986652495987334, -2.2161504571437844, -0.5615052444404938, 2378687000000, 
-3.2840364578128955, -2.2246825744508385, -0.494248797948722, 2378721000000, 
-3.2688590956615298, -2.232216905982896, -0.42713140335093497, 2378755000000, 
-3.2532205963025835, -2.2387122188315516, -0.35987697153954484, 2378789000000, 
-3.237212439101363, -2.2441258030509337, -0.2922630224293687, 2378823000000, 
-3.220870948388184, -2.248447423578493, -0.2244524195606587, 2378857000000, 
-3.204263362366407, -2.2516567268633465, -0.15685447238828712, 2378891000000, 
-3.1874610976045163, -2.2537381314078475, -0.08953232020599719, 2378925000000, 
-3.1705421801786398, -2.254688107242341, -0.02238531312654546, 2378959000000, 
-3.1535865605539954, -2.2545030938173447, 0.044626677298498486, 2378993000000, 
-3.136674146653303, -2.2531829843246918, 0.11155239274812064, 2379027000000, 
-3.119889451277735, -2.250738385670181, 0.17851235162413276, 2379061000000, 
-3.103318520521454, -2.247174180843486, 0.2456237783817827, 2379095000000, 
-3.0870465903274176, -2.2425135676198087, 0.3129989967598104, 2379129000000, 
-3.0711618033782964, -2.2367754965542423, 0.3808418974707906, 2379163000000, 
-3.055734664073514, -2.229984022171126, 0.44903186316102467, 2379197000000, 
-3.0408128016431055, -2.2221568944302508, 0.5174116958798811, 2379231000000, 
-3.026449042395297, -2.213320032196459, 0.5856665203062681, 2379265000000, 
-3.012696912147393, -2.2035125052521636, 0.6535004242053325, 2379299000000, 
-2.9996174755132285, -2.1927838653656937, 0.7209753926288182, 2379333000000, 
-2.987276185929888, -2.181184407348458, 0.7882484514781627, 2379367000000, 
-2.975751752769572, -2.168798260415634, 0.8555314689138048, 2379401000000, 
-2.9651059106169435, -2.1556811680983117, 0.923286682670372, 2379435000000, 
-2.9553927974098317, -2.141887147416242, 0.9915158305966306, 2379469000000, 
-2.9466553880596495, -2.1274797190122827, 1.0599205097444315, 2379503000000, 
-2.9389059440201972, -2.1124811329010282, 1.1278837691011945, 2379537000000, 
-2.932172975981283, -2.0969580451389804, 1.1953446585797554, 2379571000000, 
-2.9264890209469248, -2.080991135105637, 1.262458015351826, 2379605000000, 
-2.9218801322949206, -2.0646630672499064, 1.3293190598756117, 2379639000000, 
-2.9183701483530093, -2.0480508451173405, 1.396059029272563, 2379673000000, 
-2.915973816389375, -2.0312353054480745, 1.4627195527880639, 2379707000000, 
-2.914703626374275, -2.0143273561644763, 1.5294744744950806, 2379741000000, 
-2.914568008510939, -1.9973773770268177, 1.596697415679203, 2379775000000, 
-2.915573290312895, -1.9804773952728696, 1.6641431487490626, 2379809000000, 
-2.917716661648957, -1.9636895900243905, 1.731583555588948, 2379843000000, 
-2.9209847930876545, -1.9470731612146384, 1.7989386345529221, 2379877000000, 
-2.9253666626565096, -1.9307129909466456, 1.866178594087276, 2379911000000, 
-2.9308392881583814, -1.9146730526552538, 1.9333224083959508, 2379945000000, 
-2.9373760275476, -1.8990313469889981, 2.0003921952375148, 2379979000000, 
-2.9449482319504976, -1.8838569319784484, 2.067397194424431, 2380013000000, 
-2.9535183864576555, -1.8692249430995183, 2.134383569931305, 2380047000000, 
-2.963031016010748, -1.855229492647449, 2.2017367486081745, 2380081000000, 
-2.97343677672153, -1.8419495659462857, 2.269775543789812, 2380115000000, 
-2.9847018005045394, -1.8294387125558247, 2.3382825143713517, 2380149000000, 
-2.9968023515877924, -1.8177229909881505, 2.406855133331741, 2380183000000, 
-3.009699352885016, -1.8068445083447449, 2.474922536378292, 2380217000000, 
-3.023332319145113, -1.7968389479773539, 2.542493676110151, 2380251000000, 
-3.037630148936869, -1.78776299805649, 2.609751670208659, 2380285000000, 
-3.0525169118458098, -1.779660170103407, 2.676856871080268, 2380319000000, 
-3.067905565145365, -1.7725839185406154, 2.743981741506968, 2380353000000, 
-3.0837147903979605, -1.7665585005697635, 2.8114626833849745, 2380387000000, 
-3.0998717140281884, -1.7616226153025583, 2.879297554073135, 2380421000000, 
-3.1163200723232753, -1.7577964042207384, 2.9472055143734677, 2380455000000, 
-3.1330098986770025, -1.7550921631499399, 3.0148415532349775, 2380489000000, 
-3.1498675661762916, -1.7535176114537607, 3.082164600112936, 2380523000000, 
-3.166811279250804, -1.7530767562914111, -3.1339119673324896, 2380557000000, 
-3.183757275263161, -1.75377130421293, -3.0669414298390123, 2380591000000, 
-3.20062447418809, -1.7555982303944178, -3.000032811979589, 2380625000000, 
-3.217327389102573, -1.75854592069221, -2.9330620242051144, 2380659000000, 
-3.233783495770174, -1.762605592474949, -2.865942974509988, 2380693000000, 
-3.249923755250834, -1.7677575930438352, -2.7987537469748407, 2380727000000, 
-3.2656722000133604, -1.7739771089375114, -2.731477649173957, 2380761000000, 
-3.2809343679208105, -1.781229801907062, -2.663724965605604, 2380795000000, 
-3.2956241779507454, -1.7894796597443048, -2.595501499735209, 2380829000000, 
-3.3097060663924105, -1.7987094670281962, -2.5269776667107204, 2380863000000, 
-3.323122222597064, -1.8088839553672396, -2.4583653528575877, 2380897000000, 
-3.335819805247601, -1.8199628288643608, -2.3899900919282957, 2380931000000, 
-3.3477645587815013, -1.8319069348754813, -2.322181644249502, 2380965000000, 
-3.358893212692811, -1.844653377420166, -2.254722900952673, 2380999000000, 
-3.369151223046896, -1.8581329914140237, -2.1875057887856273, 2381033000000, 
-3.378490581050019, -1.87228255703724, -2.120450373873776, 2381067000000, 
-3.3868674300046577, -1.8870349406892188, -2.0535545369927677, 2381101000000, 
-3.3942378463215928, -1.9023059672701899, -1.9867522941391913, 2381135000000, 
-3.4005584465152303, -1.9180129752753161, -1.9195122321943303, 2381169000000, 
-3.405799091649307, -1.9340920223511058, -1.8517206525480658, 2381203000000, 
-3.4099252337038277, -1.9504544857361776, -1.7836765830333494, 2381237000000, 
-3.4129290115160376, -1.9670656008624052, -1.7156763984030552, 2381271000000, 
-3.4148040612771364, -1.9838741191468543, -1.648121769970542, 2381305000000, 
-3.415546340582796, -2.000803983687674, -1.5809814886412452, 2381339000000, 
-3.4151536753006377, -2.017769399995018, -1.514113153539302, 2381373000000, 
-3.413629503179839, -2.0346855395458356, -1.4474239049648185, 2381407000000, 
-3.4109848871960056, -2.051461485046029, -1.3807310239699868, 2381441000000, 
-3.40722647066283, -2.0680126317165497, -1.3138863627534585, 2381475000000, 
-3.4023733249130714, -2.08427106066798, -1.2469980665907854, 2381509000000, 
-3.396444281307371, -2.100168509720062, -1.1800915849900402, 2381543000000, 
-3.3894668379363617, -2.1156326592904127, -1.1131517782062643, 2381577000000, 
-3.3814742618077265, -2.130588239098152, -1.0461806659090347, 2381611000000, 
-3.372506359003752, -2.1449620399852054, -0.9790678318112623, 2381645000000, 
-3.3626243530166198, -2.1586493551858825, -0.9112221220771455, 2381679000000, 
-3.351867996870886, -2.1715866607735665, -0.8426335765626503, 2381713000000, 
-3.3402649495423384, -2.1837340757523527, -0.7736521359519873, 2381747000000, 
-3.3278468357286712, -2.1950566124908573, -0.704640883925456, 2381781000000, 
-3.31465951685329, -2.2055103811501127, -0.6359875367467133, 2381815000000, 
-3.300749781551014, -2.215066983914512, -0.5679850388817823, 2381849000000, 
-3.2861932475273012, -2.2236794544013274, -0.5004569605577374, 2381883000000, 
-3.2710682733643424, -2.2313026592804346, -0.4331984036770782, 2381917000000, 
-3.255455213563026, -2.2378985196102796, -0.3660889103039233, 2381951000000, 
-3.2394294648076936, -2.2434363186807627, -0.2990569607135458, 2381985000000, 
-3.2230664235184414, -2.2478913717423765, -0.23206191436489002, 2382019000000, 
-3.2064409723891174, -2.251240314669512, -0.1650811578736779, 2382053000000, 
-3.1896277496154113, -2.2534702925609054, -0.0981109378595673, 2382087000000, 
-3.1727004581905787, -2.254571576442015, -0.031172624504212897, 2382121000000, 
-3.15573484918001, -2.254538637187521, 0.035732326349569056, 2382155000000, 
-3.138809297774772, -2.253370794044455, 0.10263368340472481, 2382189000000, 
-3.122023404517107, -2.251081383518836, 0.169697261341165, 2382223000000, 
-3.1054661844890608, -2.2476697563060393, 0.23741674926025538, 2382257000000, 
-3.0892236918023244, -2.243149262897414, 0.30566503949839935, 2382291000000, 
-3.0733614421336894, -2.237541930467647, 0.3741986376964393, 2382325000000, 
-3.0579087372107248, -2.2308537201957663, 0.4427800758500819, 2382359000000, 
-3.0429413022627885, -2.2231184178680903, 0.5111785440560814, 2382393000000, 
-3.0285073508712372, -2.2143659687577832, 0.579165371579837, 2382427000000, 
-3.0146770478611367, -2.2046408279070273, 0.6467738456630984, 2382461000000, 
-3.0015163222772148, -2.1939915518322683, 0.7141413092955906, 2382495000000, 
-2.9890920240711965, -2.1824750298192783, 0.7813502341147636, 2382529000000, 
-2.9774638464035235, -2.170144113275042, 0.8484568236264514, 2382563000000, 
-2.966683752626071, -2.1570568394110383, 0.915486095425318, 2382597000000, 
-2.9567981939161054, -2.1432728287061114, 0.982434075587842, 2382631000000, 
-2.947872502047319, -2.128881939988908, 1.0495321418035917, 2382665000000, 
-2.93995735092775, -2.1139602967922078, 1.1173082712538904, 2382699000000, 
-2.9330883266652648, -2.09855919055261, 1.185616701246002, 2382733000000, 
-2.9273003063995757, -2.082754078680227, 1.2540469698887273, 2382767000000, 
-2.922592291995069, -2.0665489944430386, 1.3222977087508232, 2382801000000, 
-2.918991882187119, -2.050030920005886, 1.3899552947142921, 2382835000000, 
-2.916507651084705, -2.0332767024714973, 1.4571818184396923, 2382869000000, 
-2.9151482258285206, -2.0163714564955373, 1.52415727358321, 2382903000000, 
-2.914919898554431, -1.9993961476401085, 1.5909328004324277, 2382937000000, 
-2.9158238673695127, -1.9824315481983266, 1.657549759835645, 2382971000000, 
-2.9178551353436015, -1.965557725390081, 1.7240930237874033, 2383005000000, 
-2.921000241750843, -1.9488613380899975, 1.7906987273160122, 2383039000000, 
-2.9252509997276577, -1.9324192885280742, 1.8574258304933875, 2383073000000, 
-2.9305864816654195, -1.9163053940274, 1.9242263927777719, 2383107000000, 
-2.9369830411484763, -1.9005919550665635, 1.9911268374083442, 2383141000000, 
-2.944397043695285, -1.8853806600759595, 2.0582325291924994, 2383175000000, 
-2.9528034962276495, -1.8707327965157803, 2.126123133201579, 2383209000000, 
-2.962167518110519, -1.8567238470127392, 2.1946401081754736, 2383243000000, 
-2.972452326985484, -1.8434226015244866, 2.2634613720051595, 2383277000000, 
-2.9836245983557794, -1.8308641342767777, 2.332323252662549, 2383311000000, 
-2.995647110078931, -1.8190897899501246, 2.4009236325959002, 2383345000000, 
-3.0084809243352937, -1.8081323480402312, 2.4689518879445442, 2383379000000, 
-3.0220566132826328, -1.7980479498098683, 2.5365059820001554, 2383413000000, 
-3.0362974551401134, -1.788889314059875, 2.603829535189511, 2383447000000, 
-3.051129619480524, -1.7807038184266957, 2.6710450381179545, 2383481000000, 
-3.066482747203898, -1.773528525891732, 2.7381878836837554, 2383515000000, 
-3.082287282235261, -1.7673966538553516, 2.8052500874948376, 2383549000000, 
-3.09847189745535, -1.7623352812688071, 2.872261144391306, 2383583000000, 
-3.114960143264724, -1.7583694175981204, 2.9392566739242008, 2383617000000, 
-3.131675905457455, -1.755515291826803, 3.00624486458042, 2383651000000, 
-3.148532560553351, -1.7537894461290249, 3.073343817091214, 2383685000000, 
-3.1654418757394476, -1.7532006602688786, 3.1408343254194317, 2383719000000, 
-3.182329345527859, -1.7537572138769828, -3.0745745392884922, 2383753000000, 
-3.1991335917175316, -1.755458694038798, -3.0067345426079157, 2383787000000, 
-3.21579216588177, -1.7582942199984806, -2.938961171435631, 2383821000000, 
-3.232234482134154, -1.7622542730039907, -2.8713979650859867, 2383855000000, 
-3.2483832676697144, -1.7673161904519743, -2.8039722576440096, 2383889000000, 
-3.2641606057452317, -1.773455906967713, -2.7366179232604946, 2383923000000, 
-3.2794923491181054, -1.7806441310170265, -2.669305558639296, 2383957000000, 
-3.2943106723589044, -1.7888488618311773, -2.6020490489646946, 2383991000000, 
-3.3085480171746875, -1.7980329722891304, -2.5348530470535557, 2384025000000, 
-3.322138291240821, -1.808151692809743, -2.4676879498166095, 2384059000000, 
-3.335013850834418, -1.8191532526099312, -2.400475091469912, 2384093000000, 
-3.347089155579292, -1.8309697842600055, -2.332752345491363, 2384127000000, 
-3.358299496880869, -1.8435482912752819, -2.264416284811485, 2384161000000, 
-3.3686011306465073, -1.8568382952965679, -2.1956904674503357, 2384195000000, 
-3.3779619727599117, -1.8708039773148224, -2.1268811870178257, 2384229000000, 
-3.386362964499733, -1.8854121200532157, -2.0584119321844243, 2384263000000, 
-3.3937669817167135, -1.9005958990713974, -1.9906160775188053, 2384297000000, 
-3.4001457007466125, -1.916280233658028, -1.9233165607763993, 2384331000000, 
-3.4054650781403315, -1.932382378560705, -1.856308178640595, 2384365000000, 
-3.4097001550442605, -1.9488137292609342, -1.7894530639408992, 2384399000000, 
-3.412829531189304, -1.9654983961739712, -1.7226503706511702, 2384433000000, 
-3.4148412556989833, -1.9823605698444007, -1.6559647112438831, 2384467000000, 
-3.41572682122075, -1.9993253683684074, -1.5893352508069638, 2384501000000, 
-3.415480871140682, -2.016314226934849, -1.5227390019878608, 2384535000000, 
-3.4141049865772004, -2.0332472298026274, -1.4561105145980882, 2384569000000, 
-3.411612939886463, -2.0500080279653754, -1.3891752796504764, 2384603000000, 
-3.4080004599238207, -2.0665302926279323, -1.3214480912360438, 2384637000000, 
-3.4032901988156183, -2.082709661477686, -1.2532123667285866, 2384671000000, 
-3.3974892659171303, -2.0985171138715635, -1.1847206361575546, 2384705000000, 
-3.390618935131951, -2.113891741891922, -1.1161883989565868, 2384739000000, 
-3.382701514031829, -2.1287817085916494, -1.0479403146024522, 2384773000000, 
-3.373774153807063, -2.1431289490039442, -0.980200344587191, 2384807000000, 
-3.36388286625029, -2.156864729854533, -0.912833535132975, 2384841000000, 
-3.353081039223579, -2.1699158031465138, -0.8456371250566534, 2384875000000, 
-3.3414232786419076, -2.1822184136184215, -0.7785270964676081, 2384909000000, 
-3.328968273664413, -2.1937082619017487, -0.7114554781307936, 2384943000000, 
-3.3157920575860538, -2.2043138717003683, -0.6440494251426594, 2384977000000, 
-3.3019589813912726, -2.2139935633681023, -0.576027529859154, 2385011000000, 
-3.287522803642156, -2.222688982393089, -0.5076664822416613, 2385045000000, 
-3.2725153996026646, -2.2303819038636674, -0.43945464957681407, 2385079000000, 
-3.256988259057164, -2.237051382742683, -0.3717498449417848, 2385113000000, 
-3.241018124505963, -2.242668201684763, -0.3044069382721579, 2385147000000, 
-3.224691804641239, -2.2472035182724674, -0.2372504406377293, 2385181000000, 
-3.208090517915337, -2.250634333616968, -0.17017763438145428, 2385215000000, 
-3.191296938345181, -2.252946557120602, -0.10313688151229297, 2385249000000, 
-3.17440133430559, -2.2541271127906986, -0.035895209611776356, 2385283000000, 
-3.1574812368619796, -2.2541672590813144, 0.03158347212069225, 2385317000000, 
-3.1405989937372696, -2.253064018361807, 0.09910349191422613, 2385351000000, 
-3.1238153670476554, -2.2508251485808963, 0.16643767486625927, 2385385000000, 
-3.1072141751560127, -2.247463343245928, 0.2336861544871594, 2385419000000, 
-3.0908773529251716, -2.242991538660766, 0.3009411068506652, 2385453000000, 
-3.0748770911964276, -2.237433697114203, 0.3681925669426285, 2385487000000, 
-3.0592873954897906, -2.2308127544604064, 0.4354580057503097, 2385521000000, 
-3.0441908644259095, -2.2231690710584657, 0.5027818487482025, 2385555000000, 
-3.029662125777471, -2.214534624224499, 0.5704885254092359, 2385589000000, 
-3.0157852672066756, -2.204952186616844, 0.6386459300307853, 2385623000000, 
-3.0026064826116565, -2.194451979135054, 0.7070768219915339, 2385657000000, 
-2.9901762617348657, -2.183074620516462, 0.7754476559619502, 2385691000000, 
-2.9785241843644874, -2.170851621537027, 0.8433348405291338, 2385725000000, 
-2.967703417070389, -2.157843355217437, 0.9107891637790505, 2385759000000, 
-2.957769712985869, -2.144121681751082, 0.9779862567429412, 2385793000000, 
-2.948776168546809, -2.129762192786969, 1.0450381136237172, 2385827000000, 
-2.9407767621466356, -2.1148504891618742, 1.1123903986849306, 2385861000000, 
-2.933817288561424, -2.099459613531632, 1.1802957232002684, 2385895000000, 
-2.927927367336609, -2.0836473716888726, 1.248434960956889, 2385929000000, 
-2.9231213217949397, -2.0674530497267423, 1.3162854871658716, 2385963000000, 
-2.9194139075032033, -2.0509393809156986, 1.383669203849294, 2385997000000, 
-2.916817790192452, -2.034183883148178, 1.4506966012080842, 2386031000000, 
-2.91534505905234, -2.017269032162834, 1.5174456720631617, 2386065000000, 
-2.915000797067189, -2.0002822835924188, 1.5840405148672707, 2386099000000, 
-2.915786838013128, -1.9833046020826246, 1.6505734459770962, 2386133000000, 
-2.917698985631265, -1.9664276913362995, 1.7171001169648255, 2386167000000, 
-2.9207236288168072, -1.949735719341439, 1.7840060196987249, 2386201000000, 
-2.9248544972681123, -1.9333337487175442, 1.8515754449606288, 2386235000000, 
-2.9300818894400718, -1.917269686891546, 1.9194942541833608, 2386269000000, 
-2.936381597717757, -1.901617276160185, 1.9875825841460717, 2386303000000, 
-2.9437339114804417, -1.8864213329925001, 2.0556160754795134, 2386337000000, 
-2.952110791124309, -1.871738077049189, 2.123233331602773, 2386371000000, 
-2.9614744460449876, -1.8576273236381946, 2.1905305269939386, 2386405000000, 
-2.971764525335769, -1.844180816076069, 2.257743592674886, 2386439000000, 
-2.982920782429501, -1.8314737333643962, 2.3253661235570964, 2386473000000, 
-2.994876949352328, -1.8195892871881794, 2.3934763992560506, 2386507000000, 
-3.007620693886361, -1.808542783194765, 2.4617185441321, 2386541000000, 
-3.021108884296834, -1.7983704952075075, 2.529611418857387, 2386575000000, 
-3.0352742232970162, -1.7891218136741518, 2.5970897077139745, 2386609000000, 
-3.0500480657640385, -1.7808390579399431, 2.664318494636195, 2386643000000, 
-3.0653404908131234, -1.7735759246676366, 2.7314947078095266, 2386677000000, 
-3.0810740891228723, -1.7673517498540534, 2.798978376795571, 2386711000000, 
-3.097173718388289, -1.7622117877154289, 2.8667670410616957, 2386745000000, 
-3.1135873057359102, -1.7581751723793, 2.9345259283800367, 2386779000000, 
-3.1302554860295584, -1.7552563741120952, 3.001953476419416, 2386813000000, 
-3.147102237646154, -1.7534615763258108, 3.0691466922844874, 2386847000000, 
-3.1640433969641046, -1.7527985479267856, 3.1361975731122405, 2386881000000, 
-3.1809957897729464, -1.7532719131938728, -3.0800114937432244, 2386915000000, 
-3.197884041039583, -1.7548785635069875, -3.013081467770432, 2386949000000, 
-3.2146241383023137, -1.757606984295015, -2.9461193038334104, 2386983000000, 
-3.2311343692723575, -1.7614516930016773, -2.87903480897914, 2387017000000, 
-3.2473373491148183, -1.7663889387908247, -2.8118153383353186, 2387051000000, 
-3.2631377509766697, -1.7723954801242536, -2.744143507705551, 2387085000000, 
-3.2784525453101883, -1.7794432651369099, -2.675982646016522, 2387119000000, 
-3.2932337118705055, -1.7875112932666206, -2.60754833026606, 2387153000000, 
-3.307428139021663, -1.7965740622428523, -2.538997420676855, 2387187000000, 
-3.320989585450378, -1.8066025646577206, -2.470788455491478, 2387221000000, 
-3.3338649202925463, -1.8175474507559406, -2.40308427689222, 2387255000000, 
-3.345991928844601, -1.8293537369207746, -2.3356810100559824, 2387289000000, 
-3.3573089796929914, -1.8419615630432227, -2.268488190212295, 2387323000000, 
-3.367760355676198, -1.855302951681446, -2.2014152770226367, 2387357000000, 
-3.3772710735348346, -1.8692909017457782, -2.133947831313649, 2387391000000, 
-3.3857905519658016, -1.8838533147164724, -2.065882059318144, 2387425000000, 
-3.393284166910153, -1.8989399221004852, -1.9975506714528526, 2387459000000, 
-3.39974718404779, -1.9145370359107878, -1.9294580549835707, 2387493000000, 
-3.4051452113482767, -1.9305638008484347, -1.8619014007657582, 2387527000000, 
-3.4094611216138624, -1.94694844997122, -1.7947181391298077, 2387561000000, 
-3.412673876498214, -1.9636031978684396, -1.7277782269974227, 2387595000000, 
-3.4147697274496576, -1.9804477706816357, -1.6610001880407355, 2387629000000, 
-3.4157379366601974, -1.997401711386318, -1.5942971197423088, 2387663000000, 
-3.4155743491407473, -2.0143850995267867, -1.5276160629645594, 2387697000000, 
-3.4142791751862833, -2.0313155701114676, -1.4609176820012983, 2387731000000, 
-3.4118643443037557, -2.0480910235541674, -1.3938191398605986, 2387765000000, 
-3.4083302806968523, -2.064628451839176, -1.3262278118494, 2387799000000, 
-3.4036926715227147, -2.08085615580436, -1.25833142291496, 2387833000000, 
-3.3979583201860986, -2.096745531835527, -1.190332439236258, 2387867000000, 
-3.39115619136255, -2.1122176327262463, -1.1226239593812564, 2387901000000, 
-3.3833136456805466, -2.127220025418651, -1.0552545511274578, 2387935000000, 
-3.3744766250689238, -2.1416699227625364, -0.9880918473235617, 2387969000000, 
-3.3646971520528495, -2.1554799926614447, -0.9206828368965212, 2388003000000, 
-3.354027185690435, -2.168573464129205, -0.852819264259845, 2388037000000, 
-3.3425071833476205, -2.180895056839139, -0.7846754346142324, 2388071000000, 
-3.330174939762211, -2.192399187389, -0.7165162271056519, 2388105000000, 
-3.3170791575909138, -2.2030469451294734, -0.6485218360998476, 2388139000000, 
-3.3032702150337894, -2.2127995208742886, -0.5808732277810744, 2388173000000, 
-3.2888143451151346, -2.2216103576573945, -0.5135328464948878, 2388207000000, 
-3.2738022439369385, -2.2294222809671242, -0.4461868815333673, 2388241000000, 
-3.2583136460677316, -2.2362016757862233, -0.37855457338913134, 2388275000000, 
-3.242421287292668, -2.2419073904916713, -0.310692629660827, 2388309000000, 
-3.2261580715439186, -2.246533116109135, -0.24298448107932089, 2388343000000, 
-3.209602888951737, -2.2500496149117657, -0.17559491455217283, 2388377000000, 
-3.1928309087182143, -2.2524494030406954, -0.10841638427329583, 2388411000000, 
-3.1759244669048523, -2.253720945638547, -0.04137266908711529, 2388445000000, 
-3.1589647030750063, -2.2538582290145737, 0.025596666268094034, 2388479000000, 
-3.142030406877366, -2.2528600561559933, 0.0925239105583283, 2388513000000, 
-3.1252018840410116, -2.250734198530172, 0.15946467774344875, 2388547000000, 
-3.108580989379604, -2.2474911196901783, 0.2267592976094699, 2388581000000, 
-3.0922518435643047, -2.2431394029926826, 0.29451457107167556, 2388615000000, 
-3.076280929993249, -2.2376980660238823, 0.36257704664332163, 2388649000000, 
-3.0607155643076545, -2.2311787794124425, 0.43064435112654126, 2388683000000, 
-3.0456061432299513, -2.2236107482838947, 0.498364444679498, 2388717000000, 
-3.0310263032069327, -2.215032960425153, 0.5658305726624332, 2388751000000, 
-3.017068444146213, -2.2055015199298555, 0.6333537325242091, 2388785000000, 
-3.0037919782424223, -2.1950475434290215, 0.7011588488733843, 2388819000000, 
-2.9912728028048696, -2.183730880887554, 0.7691936250196442, 2388853000000, 
-2.9795630726361138, -2.1715975999915877, 0.837479861493013, 2388887000000, 
-2.9687063139322767, -2.1586905649504984, 0.9056482956337081, 2388921000000, 
-2.9587321037122876, -2.1450491471114486, 0.9733906698454107, 2388955000000, 
-2.9496851140880778, -2.1307427157990286, 1.040746834635113, 2388989000000, 
-2.9416087226160537, -2.115841521307039, 1.107850831658527, 2389023000000, 
-2.934545899583403, -2.1004281182981956, 1.174749158327402, 2389057000000, 
-2.9285422285950284, -2.084603601344975, 1.2419363477311651, 2389091000000, 
-2.9236180319626115, -2.0684173270062276, 1.3096566438036241, 2389125000000, 
-2.919811254463285, -2.051959973087118, 1.3775351557108857, 2389159000000, 
-2.9171271363381686, -2.0352697366147585, 1.445255753831546, 2389193000000, 
-2.9155727639443945, -2.018408774713278, 1.5125390458978254, 2389227000000, 
-2.915151610397685, -2.001455528917507, 1.5795415162659359, 2389261000000, 
-2.9158639832485935, -1.9844982388278345, 1.6463775712168152, 2389295000000, 
-2.9177064632154024, -1.9676168339115832, 1.713068034126745, 2389329000000, 
-2.92066882199607, -1.9508967087688158, 1.7798081486785484, 2389363000000, 
-2.9247393836877125, -1.9344233547808845, 1.846681768035674, 2389397000000, 
-2.9298994669083607, -1.9182641668901823, 1.9136283124473576, 2389431000000, 
-2.9361283589819873, -1.9024874248496049, 1.9805848191849516, 2389465000000, 
-2.943384241492957, -1.887193398303205, 2.047673170987023, 2389499000000, 
-2.951635820116481, -1.8724544829788856, 2.115480003030542, 2389533000000, 
-2.9608520028780454, -1.8583432577456587, 2.183968917980663, 2389567000000, 
-2.9709934038827184, -1.8449334291367034, 2.252797404683858, 2389601000000, 
-2.9820321913946524, -1.8322538121955934, 2.3216538438308376, 2389635000000, 
-2.993945118321241, -1.8203303101771178, 2.389929602384999, 2389669000000, 
-3.0066752430563075, -1.8092119344681705, 2.457613315782448, 2389703000000, 
-3.020147794358237, -1.798959941752714, 2.524959189037472, 2389737000000, 
-3.0342901651207286, -1.7896287361226786, 2.5921181111318434, 2389771000000, 
-3.049036035047278, -1.7812620417187996, 2.6591592621049407, 2389805000000, 
-3.0643128186912887, -1.7738975346404116, 2.726132903944375, 2389839000000, 
-3.0800349506210285, -1.7675838699201731, 2.793262282613111, 2389873000000, 
-3.0961140145717443, -1.7623495283464428, 2.8608730728522405, 2389907000000, 
-3.1124843060476746, -1.7582228503063013, 2.928719798089999, 2389941000000, 
-3.129113464412125, -1.755212575998076, 2.996530363049414, 2389975000000, 
-3.1459287588261917, -1.753330295313203, 3.064036986010457, 2390009000000, 
-3.162851425941455, -1.7525849109280514, 3.1312589942348255, 2390043000000, 
-3.179800020102217, -1.752976479269265, -3.084857503999104, 2390077000000, 
-3.1966918499095125, -1.7545014962126828, -3.0178856835888594, 2390111000000, 
-3.2134445454076803, -1.7571496699014852, -2.950908193242415, 2390145000000, 
-3.229971206338727, -1.7609166430530467, -2.8838010675298604, 2390179000000, 
-3.2462003438561364, -1.7657786317902546, -2.816597785689966, 2390213000000, 
-3.2620619906657704, -1.771720077880321, -2.749339003705385, 2390247000000, 
-3.277479157804823, -1.778704611681452, -2.6820723506038084, 2390281000000, 
-3.2923701917921955, -1.7867000380759495, -2.6144644789528235, 2390315000000, 
-3.306641671716741, -1.7956655897145044, -2.546231496196887, 2390349000000, 
-3.320247600675783, -1.805579147669135, -2.477562791742706, 2390383000000, 
-3.3331284362707434, -1.8163930196406148, -2.408736032995254, 2390417000000, 
-3.3452458940498815, -1.8280776839139496, -2.3401307003921903, 2390451000000, 
-3.356569777155742, -1.840595740623832, -2.2721742221631733, 2390485000000, 
-3.3670449603080015, -1.8538788117992473, -2.2046777678796574, 2390519000000, 
-3.376615331573496, -1.8678543296200882, -2.137465958200422, 2390553000000, 
-3.3852359265592886, -1.882454980405455, -2.070442420603215, 2390587000000, 
-3.39286912729706, -1.8976145249897844, -2.00361488540039, 2390621000000, 
-3.399476179700594, -1.9132548664917997, -1.936890454413837, 2390655000000, 
-3.405025957355663, -1.9293034748817606, -1.8701769347389254, 2390689000000, 
-3.4094852977704253, -1.945656199706111, -1.803309620161311, 2390723000000, 
-3.4128279678110482, -1.962236469352746, -1.7357878120558197, 2390757000000, 
-3.4150406031432317, -1.9789920350874073, -1.6679267828340123, 2390791000000, 
-3.4161083713120846, -1.9958450813707644, -1.600010142977666, 2390825000000, 
-3.416030173123996, -2.0127504696502423, -1.5323024663647689, 2390859000000, 
-3.4148103420049147, -2.0296430304480495, -1.4650385445581953, 2390893000000, 
-3.4124609268141683, -2.046436868410423, -1.39804672444968, 2390927000000, 
-3.4089905423298115, -2.0630377865300407, -1.3310648070962192, 2390961000000, 
-3.404417585126087, -2.0793675693698828, -1.2640495689926912, 2390995000000, 
-3.3987623957417954, -2.095352468832921, -1.1969901968200354, 2391029000000, 
-3.392048949490566, -2.1109217638602393, -1.1299527577390096, 2391063000000, 
-3.384306329863029, -2.126013569990184, -1.0629828330275668, 2391097000000, 
-3.375572017290908, -2.1405543397326725, -0.9960312912040482, 2391131000000, 
-3.365892699358303, -2.154461810117462, -0.9289751491479293, 2391165000000, 
-3.3553338374097117, -2.1676401635816545, -0.8611280345189887, 2391199000000, 
-3.3439422070213602, -2.180024598354454, -0.7925816215585917, 2391233000000, 
-3.33173424260606, -2.1915886902014465, -0.7237524637035586, 2391267000000, 
-3.3187580380091957, -2.20228588418131, -0.6549071294189026, 2391301000000, 
-3.3050450592055873, -2.212094907830384, -0.5866559523066508, 2391335000000, 
-3.290661042009296, -2.2209685579167155, -0.5189950190083721, 2391369000000, 
-3.2756869868494545, -2.228867017151406, -0.45166340538865357, 2391403000000, 
-3.2602015414032084, -2.235748999553725, -0.3845131860346599, 2391437000000, 
-3.244283606538517, -2.2415770342068484, -0.3174343209372966, 2391471000000, 
-3.2280106197141425, -2.246330282269187, -0.25038222533955695, 2391505000000, 
-3.2114515316306296, -2.2499842304007625, -0.18337855903387273, 2391539000000, 
-3.1946805221079124, -2.252520141248914, -0.1164262100159621, 2391573000000, 
-3.1777763257415277, -2.2539306723560872, -0.049499142835955114, 2391607000000, 
-3.1608190295504506, -2.2542066797245863, 0.01745064107080738, 2391641000000, 
-3.1439135099053086, -2.2533473329755647, 0.08468490194031911, 2391675000000, 
-3.1271023768972968, -2.2513518044048766, 0.1521661961381083, 2391709000000, 
-3.110490502656605, -2.2482301745006676, 0.21987311223064934, 2391743000000, 
-3.094145427203098, -2.2439899432603014, 0.2878020498925574, 2391777000000, 
-3.078124166222069, -2.2386497329171404, 0.3556896856223896, 2391811000000, 
-3.0624828709209404, -2.232231006081736, 0.4233152954514586, 2391845000000, 
-3.047294243901011, -2.2247673966505284, 0.49073206970038596, 2391879000000, 
-3.0326336468078208, -2.216291229048156, 0.5580271049252022, 2391913000000, 
-3.0185706890976465, -2.206847477531732, 0.6252574308071288, 2391947000000, 
-3.0051840518264674, -2.1964928400921853, 0.6925074206928049, 2391981000000, 
-2.9925438889287386, -2.185273112356947, 0.7601344601297253, 2392015000000, 
-2.980721594034031, -2.173245154763105, 0.8283520170943992, 2392049000000, 
-2.9697652195024338, -2.160453814781152, 0.8969131217429094, 2392083000000, 
-2.959712799135097, -2.1469427423131555, 0.965425705035117, 2392117000000, 
-2.9505807231181014, -2.1327425050592854, 1.0333466056518874, 2392151000000, 
-2.942410291670851, -2.117921200896961, 1.1007651923599333, 2392185000000, 
-2.9352408234702705, -2.1025595917766546, 1.1678384732187328, 2392219000000, 
-2.9291097245411373, -2.0867362718387072, 1.2346659505821802, 2392253000000, 
-2.924044590076444, -2.070534374899918, 1.3014005823888866, 2392287000000, 
-2.9200780648876274, -2.054051548998785, 1.3683026126768085, 2392321000000, 
-2.917233638701379, -2.0373751667207585, 1.4357883275277445, 2392355000000, 
-2.915522603076429, -2.0205504025145635, 1.503509910933922, 2392389000000, 
-2.9149559953858204, -2.0036565099219406, 1.571204270429998, 2392423000000, 
-2.915531987301642, -1.9867371658544657, 1.6385941444641274, 2392457000000, 
-2.9172449069914457, -1.9698682584238412, 1.7056147755517181, 2392491000000, 
-2.9200818318013755, -1.9531338101486626, 1.7724456788072336, 2392525000000, 
-2.9240318521518947, -1.9366318531901, 1.8393292306039934, 2392559000000, 
-2.9290746645424384, -1.9204366183260662, 1.9063128368975772, 2392593000000, 
-2.9351874231772506, -1.9046187769401512, 1.973317597434072, 2392627000000, 
-2.9423453071986856, -1.8892435810202974, 2.0403026103175597, 2392661000000, 
-2.9505173011320043, -1.874379924853924, 2.107231665505068, 2392695000000, 
-2.9596484206906073, -1.8601272444044774, 2.1744918583563138, 2392729000000, 
-2.9696883317218785, -1.8465691332790657, 2.2425379569071637, 2392763000000, 
-2.980601607617868, -1.8337645139479268, 2.311141890878481, 2392797000000, 
-2.9923613063217287, -1.8217473033330478, 2.379985606118412, 2392831000000, 
-3.0049372016517153, -1.810549411875594, 2.44865087373414, 2392865000000, 
-3.018277708186985, -1.8002207538318018, 2.5166584293248646, 2392899000000, 
-3.0323184267762393, -1.7907957924335047, 2.5842288847430464, 2392933000000, 
-3.0469789483363376, -1.782328548598168, 2.6515565727878343, 2392967000000, 
-3.0621853258780694, -1.7748604720978525, 2.718745973750251, 2393001000000, 
-3.077862867134688, -1.7684251706530394, 2.785876648253241, 2393035000000, 
-3.093939183842452, -1.7630520622867099, 2.852961276790876, 2393069000000, 
-3.1103401620077187, -1.7587725676121284, 2.9200186356646447, 2393103000000, 
-3.1269716707276674, -1.7556067082417053, 2.9873226883976502, 2393137000000, 
-3.143756171054756, -1.7535705314018708, 3.0549230159878387, 2393171000000, 
-3.1606342131086826, -1.7526766080794234, 3.1226355408924746, 2393205000000, 
-3.177547542051594, -1.7529262279020144, -3.0929416764219737, 2393239000000, 
-3.194423277141664, -1.7543165487853989, -3.0256375133383204, 2393273000000, 
-3.2111812326954454, -1.7568370585454491, -2.958495099423535, 2393307000000, 
-3.2277279817049194, -1.760476526350611, -2.8912937783325723, 2393341000000, 
-3.243988946355244, -1.7652182052661842, -2.8240290766752345, 2393375000000, 
-3.259893874471049, -1.7710412189214262, -2.7567614507887725, 2393409000000, 
-3.2753729532738847, -1.7779203296079333, -2.6895226253062536, 2393443000000, 
-3.2903573511515942, -1.7858242639392927, -2.6223183235494547, 2393477000000, 
-3.304762754757215, -1.7947032636071663, -2.5550589351239767, 2393511000000, 
-3.3185115859736074, -1.8045152957679873, -2.48729827444462, 2393545000000, 
-3.3315249818127923, -1.815218889576103, -2.4188811749276242, 2393579000000, 
-3.343752500513433, -1.826771264343025, -2.35011070649443, 2393613000000, 
-3.3551446511437057, -1.839125336407693, -2.2812400420819605, 2393647000000, 
-3.365691381422966, -1.852268345051086, -2.2127872402232858, 2393681000000, 
-3.375341956547915, -1.866131962646776, -2.1449672881546538, 2393715000000, 
-3.3840549641700006, -1.8806464320064868, -2.0776291038013452, 2393749000000, 
-3.391786179814283, -1.895737045936521, -2.010592948980694, 2393783000000, 
-3.398496619064323, -1.911324230989565, -1.943777840168684, 2393817000000, 
-3.404157566325077, -1.9273359193686916, -1.8770822511354643, 2393851000000, 
-3.4087387303462515, -1.9436880815945872, -1.8103945171502238, 2393885000000, 
-3.41222047961894, -1.9603099601065077, -1.7437160283167525, 2393919000000, 
-3.414580008154335, -1.9770966845969966, -1.676730366416849, 2393953000000, 
-3.4158038229482286, -1.9939652715913967, -1.6092460591511233, 2393987000000, 
-3.4158842812720707, -2.0108741765682776, -1.5415574440338546, 2394021000000, 
-3.4148206477987317, -2.02774820185877, -1.4739163247539326, 2394055000000, 
-3.412619176360292, -2.044527056179962, -1.4064431275327434, 2394089000000, 
-3.4092901752971394, -2.061132289928045, -1.3391012545268681, 2394123000000, 
-3.4048500177314054, -2.077474622192334, -1.2718422113683763, 2394157000000, 
-3.3993217180821373, -2.093490101053016, -1.2046361120985694, 2394191000000, 
-3.392729710641392, -2.109103143366892, -1.1374991954922984, 2394225000000, 
-3.3851031860762477, -2.1242451875526993, -1.0704450224990856, 2394259000000, 
-3.3764777386488958, -2.1388483218227647, -1.003452868820775, 2394293000000, 
-3.3668926352602337, -2.1528434117841493, -0.9365021694487502, 2394327000000, 
-3.3564018344696, -2.166151602020324, -0.8695314847175311, 2394361000000, 
-3.3450679430896915, -2.178694705169499, -0.8018925699327121, 2394395000000, 
-3.3329499481648917, -2.190397826254404, -0.7335134205714031, 2394429000000, 
-3.3200810080438687, -2.2012237800951864, -0.6646839486574097, 2394463000000, 
-3.3064939159948343, -2.211137766832669, -0.5958899415004538, 2394497000000, 
-3.292219739005357, -2.2201247883347794, -0.5277839671774499, 2394531000000, 
-3.277332445315986, -2.2281430153338193, -0.46020845526825205, 2394565000000, 
-3.2619174044582615, -2.2351501506030416, -0.3929209996432004, 2394599000000, 
-3.246054300165729, -2.241110667331769, -0.3257808340884997, 2394633000000, 
-3.229821073635456, -2.245995177330048, -0.25871333034851884, 2394667000000, 
-3.213293187893751, -2.2497857894040814, -0.1917053966266562, 2394701000000, 
-3.19654627767354, -2.252462473381888, -0.1247316579418773, 2394735000000, 
-3.1796574148042462, -2.2540119786409814, -0.05776528210855712, 2394769000000, 
-3.162709483120835, -2.254426570676922, 0.009256520982727683, 2394803000000, 
-3.1457867978025127, -2.2537046689396902, 0.07651306414271399, 2394837000000, 
-3.128972883182239, -2.2518479369028737, 0.14392761597303347, 2394871000000, 
-3.112327589210175, -2.2488643829672306, 0.21150747040354198, 2394905000000, 
-3.0959278238968513, -2.2447569948237263, 0.27930162051442214, 2394939000000, 
-3.0798467495698314, -2.2395509224348786, 0.34699854850211315, 2394973000000, 
-3.0641397021224055, -2.233266124894397, 0.4144984397216983, 2395007000000, 
-3.04888086290786, -2.2259359258163, 0.4818689425939192, 2395041000000, 
-3.03414740710167, -2.217591502346793, 0.5491887660311178, 2395075000000, 
-3.020005541057693, -2.208271725238019, 0.6164644771204689, 2395109000000, 
-3.0065264559055254, -2.19803123028791, 0.683788963742094, 2395143000000, 
-2.99380459896533, -2.186934990062518, 0.7516421078275439, 2395177000000, 
-2.981903496646607, -2.175028776086537, 0.8200314905052833, 2395211000000, 
-2.9708472881758934, -2.162333998441431, 0.8887650732137455, 2395245000000, 
-2.9606832488019217, -2.1489016991587717, 0.9572663870484756, 2395279000000, 
-2.9514316205110465, -2.1347702845786016, 1.0251047844613572, 2395313000000, 
-2.9431351611911736, -2.1200140563763017, 1.0924593325655376, 2395347000000, 
-2.93583853379722, -2.1047115727732844, 1.15950672431931, 2395381000000, 
-2.9295758046374196, -2.0889402013232674, 1.226340523052657, 2395415000000, 
-2.924375049340576, -2.0727780031550416, 1.2930882861526574, 2395449000000, 
-2.9202669043702008, -2.0563121253451833, 1.3598486918187533, 2395483000000, 
-2.9172742701395262, -2.0396382388175347, 1.4270259595023265, 2395517000000, 
-2.9154160095694905, -2.0228391657804683, 1.494656141716446, 2395551000000, 
-2.9147001868791387, -2.0059504453092014, 1.562398980602756, 2395585000000, 
-2.9151281272395138, -1.9890378151435069, 1.6300020910491402, 2395619000000, 
-2.916698138703993, -1.9721726764774017, 1.6972055337660181, 2395653000000, 
-2.919393574873223, -1.9554273473499448, 1.7641989624290249, 2395687000000, 
-2.923206874802835, -1.9389042096255447, 1.831210961400774, 2395721000000, 
-2.92811598792838, -1.9226766218255964, 1.898274075015287, 2395755000000, 
-2.934100873374218, -1.9068140728426943, 1.9653380945204453, 2395789000000, 
-2.941136461679399, -1.8913821793730106, 2.032337034637717, 2395823000000, 
-2.949189991934254, -1.8764526304658917, 2.09928858095534, 2395857000000, 
-2.9582238464168484, -1.8620958187838181, 2.1662206831216593, 2395891000000, 
-2.968183240237641, -1.8483985252251514, 2.233257500903341, 2395925000000, 
-2.9790117708991475, -1.835440750835633, 2.3010573355518615, 2395959000000, 
-2.990662171609885, -1.8232853098312947, 2.369565947974423, 2395993000000, 
-3.0031058672493853, -1.8119702203257728, 2.438482128697558, 2396027000000, 
-3.016300292222804, -1.801543727440853, 2.507331375249365, 2396061000000, 
-3.0302177827917993, -1.7920187390996607, 2.5754619645139223, 2396095000000, 
-3.044784728173853, -1.7834352693165232, 2.6430574020392616, 2396129000000, 
-3.05991976260867, -1.7758424353383073, 2.7103547803370622, 2396163000000, 
-3.075541639278244, -1.769277876712217, 2.777508072069107, 2396197000000, 
-3.0915750256579426, -1.763773973980551, 2.8445801130921744, 2396231000000, 
-3.1079454729702785, -1.7593559615602898, 2.9115932044701944, 2396265000000, 
-3.1245765430882733, -1.7560397294115657, 2.978575056743582, 2396299000000, 
-3.1413917832680998, -1.7538459512336282, 3.045546723906606, 2396333000000, 
-3.158294862365188, -1.7527860047996517, 3.112693325679249, 2396367000000, 
-3.1752260323354093, -1.7528625018060808, -3.103085491977117, 2396401000000, 
-3.192099807609899, -1.7540800824516003, -3.0355808001534927, 2396435000000, 
-3.2088504186837574, -1.756431914434498, -2.968043537104092, 2396469000000, 
-3.225401911821766, -1.7599141066443789, -2.9004234792678507, 2396503000000, 
-3.2416830077528505, -1.7645049455033013, -2.832889704889831, 2396537000000, 
-3.2576250663214554, -1.7701842500118166, -2.765458071180576, 2396571000000, 
-3.2731547156966516, -1.776926811028669, -2.698111895053165, 2396605000000, 
-3.288200380442033, -1.7847013579619084, -2.6308160646759267, 2396639000000, 
-3.302693019098096, -1.7934703215089012, -2.5635712734881695, 2396673000000, 
-3.3165661640761344, -1.8031938926996562, -2.4963738819440033, 2396707000000, 
-3.3297347059613913, -1.8138040553493264, -2.4289383144801264, 2396741000000, 
-3.342117836303025, -1.825260944551002, -2.3608113500180923, 2396775000000, 
-3.353658541884025, -1.8375052335968451, -2.2921703886212157, 2396809000000, 
-3.3643226184062875, -1.8505060092922636, -2.223339707616016, 2396843000000, 
-3.3740954740723414, -1.8642406970156038, -2.155030052278291, 2396877000000, 
-3.382934060648585, -1.8786422538024667, -2.0873145362079764, 2396911000000, 
-3.390797661869212, -1.8936377270277507, -2.019994693182082, 2396945000000, 
-3.3976464046501276, -1.909147962702158, -1.952966966329638, 2396979000000, 
-3.4034471888630597, -1.9250914288011332, -1.886097835937135, 2397013000000, 
-3.408172458754444, -1.9413967613405942, -1.8193152247051871, 2397047000000, 
-3.4117990128260134, -1.9579740461122752, -1.7525654310040977, 2397081000000, 
-3.414302258566167, -1.9747216964898646, -1.6854240576579806, 2397115000000, 
-3.415671539869896, -1.9915756019178399, -1.6177525060726214, 2397149000000, 
-3.4158948851735493, -2.0084693603872577, -1.5499208411622196, 2397183000000, 
-3.414972548014011, -2.0253444811031818, -1.4822397019321434, 2397217000000, 
-3.4129090536582236, -2.0421541160285073, -1.414829307027921, 2397251000000, 
-3.4097195040041512, -2.058792271262312, -1.3476021801087674, 2397285000000, 
-3.405417693864214, -2.0751810710115484, -1.2804093551118123, 2397319000000, 
-3.400026908100316, -2.091244702578716, -1.2132557548184952, 2397353000000, 
-3.3935695349714483, -2.106916680855525, -1.1461453036909335, 2397387000000, 
-3.386074123982295, -2.1221250257853708, -1.079096435670621, 2397421000000, 
-3.3775754208348556, -2.1368014296005953, -1.0120904787397638, 2397455000000, 
-3.368112556098452, -2.150876926099429, -0.9451237403651099, 2397489000000, 
-3.3577510286368235, -2.16425029939427, -0.8778689193183604, 2397523000000, 
-3.3465434573267636, -2.176859901479838, -0.8097668596543357, 2397557000000, 
-3.3345289472135984, -2.1886459290354265, -0.741078685269178, 2397591000000, 
-3.321753184643952, -2.1995548057915366, -0.6721655609460992, 2397625000000, 
-3.3082203094684215, -2.209590331537361, -0.6036395021995465, 2397659000000, 
-3.2939989527839173, -2.2186992424632854, -0.5358212591277042, 2397693000000, 
-3.279167749686927, -2.226841866323838, -0.46837901157767, 2397727000000, 
-3.26380922340183, -2.233978076790292, -0.40110985566999396, 2397761000000, 
-3.2479964248592617, -2.2400687705092515, -0.33395148568508726, 2397795000000, 
-3.231805022010326, -2.2450873941717275, -0.2668789741103742, 2397829000000, 
-3.215309139036071, -2.249010621968194, -0.19987001271720167, 2397863000000, 
-3.1985922857771683, -2.2518208075056907, -0.13287244270170076, 2397897000000, 
-3.1817392812192904, -2.2535044649592266, -0.06568996032672898, 2397931000000, 
-3.164820173242643, -2.2540494959038284, 0.001740906619558777, 2397965000000, 
-3.1479127297863814, -2.2534536296919288, 0.06924575285178912, 2397999000000, 
-3.1310776616821587, -2.251715662671146, 0.13669124793636736, 2398033000000, 
-3.11438858197731, -2.2488470029111403, 0.20405421037368224, 2398067000000, 
-3.0979352443001784, -2.2448622271683347, 0.2714114434774111, 2398101000000, 
-3.0817851448344324, -2.239779492915508, 0.3387570367944973, 2398135000000, 
-3.0660106565570815, -2.233620971770346, 0.4060601505731209, 2398169000000, 
-3.050682768438972, -2.2264157846987955, 0.47332722728590115, 2398203000000, 
-3.035871520514054, -2.218194950050789, 0.5405681352857638, 2398237000000, 
-3.0216440595285268, -2.2089978280780547, 0.6077671664824428, 2398271000000, 
-3.008088348818891, -2.1988844286860005, 0.6752068782862973, 2398305000000, 
-2.9952904193254084, -2.187911570276676, 0.7433096195372683, 2398339000000, 
-2.9832966281623574, -2.176105753654723, 0.8119409612745815, 2398373000000, 
-2.972147472656029, -2.163506809733231, 0.8808037082164734, 2398407000000, 
-2.961874680984638, -2.1501555171107265, 0.949210889162382, 2398441000000, 
-2.9525056549525273, -2.1360958052111814, 1.0169719317955543, 2398475000000, 
-2.9440879930623707, -2.1214046845985375, 1.0842978550757023, 2398509000000, 
-2.936666261670809, -2.106162896193877, 1.1513444308427259, 2398543000000, 
-2.930276430114069, -2.0904455936850677, 1.218217328687154, 2398577000000, 
-2.9249461162160015, -2.0743277091673904, 1.2849949245442696, 2398611000000, 
-2.920705526671203, -2.0578969834393237, 1.351754400921578, 2398645000000, 
-2.9175778697038375, -2.041247408541936, 1.4189034741234987, 2398679000000, 
-2.9155802697565845, -2.024447392011117, 1.486479440045977, 2398713000000, 
-2.9147260089150704, -2.007568224192694, 1.5541849660052147, 2398747000000, 
-2.9150148158290614, -1.9906538730929804, 1.6217418517692515, 2398781000000, 
-2.9164448707918598, -1.9737715742888586, 1.688914086166431, 2398815000000, 
-2.9190008675497165, -1.9570039327876676, 1.7558930339312313, 2398849000000, 
-2.922676211093791, -1.9404499987637596, 1.8229338248517364, 2398883000000, 
-2.9274508479920924, -1.924181534288752, 1.889979486269271, 2398917000000, 
-2.9333047160653622, -1.9082651195864908, 1.9570027148816733, 2398951000000, 
-2.940211569002706, -1.8927764777533274, 2.023978726969499, 2398985000000, 
-2.948139465198148, -1.8777837494965273, 2.0909710790078098, 2399019000000, 
-2.9570323456058065, -1.8633916178899648, 2.1582098677926758, 2399053000000, 
-2.9668611178951534, -1.8496529267301351, 2.2261733203918186, 2399087000000, 
-2.977569971430786, -1.8366624970107448, 2.2946715678748655, 2399121000000, 
-2.9891284124283475, -1.8244550402347615, 2.3634755728263572, 2399155000000, 
-3.0015193799570428, -1.8130521014687213, 2.4320821345829127, 2399189000000, 
-3.0146900707596007, -1.8024965500000492, 2.5000422602551384, 2399223000000, 
-3.028576728899324, -1.7928331969241382, 2.5675318263055784, 2399257000000, 
-3.0430995087758563, -1.784116389385872, 2.6347488976100943, 2399291000000, 
-3.058184262944422, -1.7763881143704452, 2.701852660414342, 2399325000000, 
-3.073756296076411, -1.769687970393197, 2.7689101404438454, 2399359000000, 
-3.0897388783673154, -1.7640477176135936, 2.8359610692747648, 2399393000000, 
-3.1060456939962493, -1.7594962413447353, 2.903296800756718, 2399427000000, 
-3.1225926786374125, -1.7560614872599314, 2.9709803551368106, 2399461000000, 
-3.1393278087886705, -1.7537589725761158, 3.038771907766467, 2399495000000, 
-3.1561992014882327, -1.7525907737302755, 3.106443171682239, 2399529000000, 
-3.1731290867045825, -1.752564079844942, -3.1094011465834743, 2399563000000, 
-3.1900411980222203, -1.7536762442891491, -3.042300411517016, 2399597000000, 
-3.206850244801901, -1.755917309495089, -2.9752871802755396, 2399631000000, 
-3.2234633401215658, -1.7592789423548216, -2.9081598814998832, 2399665000000, 
-3.239804716339057, -1.7637454592351718, -2.840932651768784, 2399699000000, 
-3.255807711061341, -1.7692996655670503, -2.773690939950813, 2399733000000, 
-3.2714025805794384, -1.775915228176901, -2.7064588343316753, 2399767000000, 
-3.286517534700889, -1.7835643032350932, -2.639237793712966, 2399801000000, 
-3.3010872254362083, -1.792210993077954, -2.5720386688348857, 2399835000000, 
-3.3150164696248625, -1.801791774036898, -2.5046838977120576, 2399869000000, 
-3.3282351508099834, -1.812272971291025, -2.4366205901876263, 2399903000000, 
-3.340675796446082, -1.823617689287714, -2.3679365028407586, 2399937000000, 
-3.35228518403294, -1.8357661895199051, -2.298971688869009, 2399971000000, 
-3.3630290711071993, -1.8486866543687852, -2.230017262992098, 2400005000000, 
-3.372888344554667, -1.8623518914812476, -2.1616706951968387, 2400039000000, 
-3.381824334369253, -1.876698263580853, -2.09399295006878, 2400073000000, 
-3.389790270705316, -1.891643648738016, -2.026731652343993, 2400107000000, 
-3.396743551322047, -1.907109335170973, -1.9597453103230895, 2400141000000, 
-3.402656413359271, -1.9230208685574866, -1.8929452183596158, 2400175000000, 
-3.4074946570271964, -1.9392956018136587, -1.826212817471714, 2400209000000, 
-3.41123770212017, -1.9558601211428355, -1.759497489968341, 2400243000000, 
-3.4138671931475404, -1.972636548905559, -1.6927728296720053, 2400277000000, 
-3.4153755233813357, -1.9895501298430354, -1.6260840649157142, 2400311000000, 
-3.415752806027823, -2.0065147064006847, -1.5593790851668932, 2400345000000, 
-3.414996979039148, -2.023440372093323, -1.4922924074704351, 2400379000000, 
-3.41310605035456, -2.0402640077639047, -1.4248086440893732, 2400413000000, 
-3.4100876334322074, -2.0568880946701245, -1.3569774803309735, 2400447000000, 
-3.4059493533289955, -2.073244732010757, -1.2889020930517086, 2400481000000, 
-3.400705963129878, -2.089288564557218, -1.220829550828296, 2400515000000, 
-3.394378132385423, -2.104958489925848, -1.153097822949428, 2400549000000, 
-3.3869985907406743, -2.1201867260429212, -1.08565888732343, 2400583000000, 
-3.3786036050447863, -2.134896802270319, -1.018403090848844, 2400617000000, 
-3.369235544957144, -2.1490195166068107, -0.9512850033889457, 2400651000000, 
-3.358936232434011, -2.1624902816721985, -0.8842621182138116, 2400685000000, 
-3.347779559288864, -2.175214449456431, -0.8171275609926738, 2400719000000, 
-3.3358099227071474, -2.1871375757458233, -0.7493419983656099, 2400753000000, 
-3.3230838889846943, -2.1981984520621136, -0.6809660175709072, 2400787000000, 
-3.3096553428311557, -2.208340869980628, -0.6123633786235897, 2400821000000, 
-3.2955320042717866, -2.2175617205994587, -0.5441130427044092, 2400855000000, 
-3.280787205587721, -2.225813762930674, -0.4763938829842212, 2400889000000, 
-3.265496866484571, -2.233065125131355, -0.4089765412243114, 2400923000000, 
-3.2497380008536254, -2.2392776918523403, -0.3417485676187146, 2400957000000, 
-3.233588138839441, -2.244421979611622, -0.2746552700864974, 2400991000000, 
-3.2171241430373336, -2.248475246989414, -0.20764074324401227, 2401025000000, 
-3.2004382312755277, -2.2514117715593005, -0.1404902096175979, 2401059000000, 
-3.1836165317809213, -2.2532167589318894, -0.07299852399540585, 2401093000000, 
-3.166721433492687, -2.253881738029418, -0.005375844730470328, 2401127000000, 
-3.149814693075106, -2.253402956935103, 0.06219446774368262, 2401161000000, 
-3.132959662880501, -2.251782691910773, 0.12951324881983148, 2401195000000, 
-3.1162403555320024, -2.2490358641845156, 0.19670111373077065, 2401229000000, 
-3.0997468493600415, -2.2451718366280087, 0.26394143343725995, 2401263000000, 
-3.08355232147095, -2.240208090174827, 0.3311963439915601, 2401297000000, 
-3.0677262136251073, -2.234169456366657, 0.3984342174402168, 2401331000000, 
-3.052341601606997, -2.227079634305391, 0.4656698819024481, 2401365000000, 
-3.03746798125802, -2.2189732254064896, 0.5329015818113141, 2401399000000, 
-3.023188425853886, -2.2098999953267193, 0.6001727686371587, 2401433000000, 
-3.009573560743948, -2.199901216889378, 0.6679851596090967, 2401467000000, 
-2.9967046598690414, -2.1890150781169604, 0.7364021942932792, 2401501000000, 
-2.9846431457750304, -2.177303363217393, 0.8051814738825582, 2401535000000, 
-2.973412193751781, -2.164783432977556, 0.8739782600080896, 2401569000000, 
-2.9630375577875756, -2.1514902636360542, 0.9422032633648832, 2401603000000, 
-2.9535623757729206, -2.137489252972186, 1.0098083972740575, 2401637000000, 
-2.9450340987276764, -2.122850451224939, 1.0770164993387168, 2401671000000, 
-2.937497268044745, -2.1076574590527484, 1.1439785676816796, 2401705000000, 
-2.930989977390279, -2.0919848891463717, 1.210820931025313, 2401739000000, 
-2.9255394392271556, -2.0759052306693517, 1.2775772415072315, 2401773000000, 
-2.921174979827031, -2.059502666579335, 1.3443140170527246, 2401807000000, 
-2.917925216952387, -2.042877972877863, 1.4114942772766523, 2401841000000, 
-2.9158054448324573, -2.0261021795656045, 1.4791393776429564, 2401875000000, 
-2.914828382013188, -2.009241859138728, 1.5469115867506529, 2401909000000, 
-2.9149947725209038, -1.9923285277087956, 1.6145628602526396, 2401943000000, 
-2.916305355681204, -1.9754513945354162, 1.6819710676937092, 2401977000000, 
-2.9187454787337628, -1.9586796827098727, 1.7490858549480006, 2402011000000, 
-2.9223074873114023, -1.942105114550965, 1.8161446864997441, 2402045000000, 
-2.926971258151227, -1.9258058283411414, 1.883229453073014, 2402079000000, 
-2.9327173457730074, -1.9098561617692908, 1.9503007077607641, 2402113000000, 
-2.939520010329458, -1.8943234448601836, 2.017344109926306, 2402147000000, 
-2.94734599929987, -1.8792813779586421, 2.0843614526113496, 2402181000000, 
-2.9561626128310294, -1.864795494777311, 2.1513587467974777, 2402215000000, 
-2.965928005672015, -1.8509328659974, 2.218351950260354, 2402249000000, 
-2.976576265354655, -1.8377929986916166, 2.285787639610338, 2402283000000, 
-2.9880500271535286, -1.8254470890871204, 2.3540904290178295, 2402317000000, 
-3.0003087496769956, -1.8139530441340348, 2.4229196239652686, 2402351000000, 
-3.013335116765579, -1.8033246480595149, 2.4918478699818873, 2402385000000, 
-3.027087736340682, -1.7935972659421469, 2.560313139784709, 2402419000000, 
-3.0415096123016636, -1.7848073057897167, 2.6281219816104007, 2402453000000, 
-3.0565200187453136, -1.7769975696909932, 2.695551497540887, 2402487000000, 
-3.072037968710803, -1.7702058401132224, 2.762775954433968, 2402521000000, 
-3.0879878359698836, -1.764468143074282, 2.829865639277445, 2402555000000, 
-3.104290663084836, -1.759807728211559, 2.896884599468905, 2402589000000, 
-3.120870737294366, -1.756248899842559, 2.9638826559850457, 2402623000000, 
-3.1376525473796217, -1.7538074784084243, 3.0308733969828014, 2402657000000, 
-3.1545625938962343, -1.7524953800164442, 3.0978377695548485, 2402691000000, 
-3.1715162986917798, -1.7523163963265929, -3.1184020166188233, 2402725000000, 
-3.1884284079887006, -1.7532720931245838, -3.051256442336492, 2402759000000, 
-3.2052320852261533, -1.7553618498593875, -2.9838341011993923, 2402793000000, 
-3.22182814231598, -1.758577612561812, -2.916130035508973, 2402827000000, 
-3.2381478029949093, -1.7629076339160077, -2.8482130619890835, 2402861000000, 
-3.254133911307608, -1.7683341591884443, -2.7802433634882817, 2402895000000, 
-3.269726217257978, -1.7748394385005946, -2.7124438425561905, 2402929000000, 
-3.2848602603748724, -1.7823891144128197, -2.644886026938033, 2402963000000, 
-3.29946095275662, -1.7909482891497779, -2.577473148443291, 2402997000000, 
-3.3134607440212682, -1.8004758280701672, -2.5101766694147596, 2403031000000, 
-3.3267967482687872, -1.810926846347, -2.443000025803327, 2403065000000, 
-3.3393899901797397, -1.8222355334835438, -2.375777774728163, 2403099000000, 
-3.3511721933404734, -1.8343482404075648, -2.3080345259461623, 2403133000000, 
-3.3620757167754927, -1.8472103957434352, -2.2397427315296428, 2403167000000, 
-3.372052566721916, -1.8607570353635656, -2.1711187020097342, 2403201000000, 
-3.3810935919884466, -1.8749827041138616, -2.102704185273272, 2403235000000, 
-3.3891624945103573, -1.8898221914183955, -2.0348878571900535, 2403269000000, 
-3.396225498079279, -1.9052030403538815, -1.9675166955939036, 2403303000000, 
-3.40225034764283, -1.9210481964971036, -1.90043860365518, 2403337000000, 
-3.4072041937657507, -1.937274369464456, -1.8335383957003573, 2403371000000, 
-3.4110667901012413, -1.9538028500743978, -1.766757455119921, 2403405000000, 
-3.413815760249673, -1.9705387180632905, -1.6999671873296751, 2403439000000, 
-3.4154371653410203, -1.9874070763797227, -1.6328626705967084, 2403473000000, 
-3.4159217231823793, -2.0043319436676335, -1.5654248759859395, 2403507000000, 
-3.415262213595753, -2.0212373261451106, -1.4978672663882735, 2403541000000, 
-3.4134613640156903, -2.038060090282314, -1.430376505683799, 2403575000000, 
-3.4105328182979635, -2.054739265523196, -1.3630319388125685, 2403609000000, 
-3.4064850039143746, -2.07118458520154, -1.2957877134537312, 2403643000000, 
-3.4013406841463483, -2.0873309034121617, -1.2286070011211712, 2403677000000, 
-3.3951244400240452, -2.103097158790588, -1.161475434461487, 2403711000000, 
-3.3878632067101058, -2.1184161219149065, -1.0943868398774195, 2403745000000, 
-3.37959039919512, -2.1332167527579253, -1.0273609683459226, 2403779000000, 
-3.370344091299317, -2.147436095090948, -0.9604071221483246, 2403813000000, 
-3.3601865750125115, -2.1609691215392393, -0.8931162887831164, 2403847000000, 
-3.3491728853813205, -2.173747614723884, -0.8250107218510359, 2403881000000, 
-3.3373374461299905, -2.185714534582113, -0.7563489987619804, 2403915000000, 
-3.3247184564715964, -2.1968303662018878, -0.6875583052759213, 2403949000000, 
-3.31133723908194, -2.2070752973202623, -0.6192517706260635, 2403983000000, 
-3.2972548054508124, -2.216412544407305, -0.551516654271698, 2404017000000, 
-3.282548641157179, -2.2247912605935807, -0.48412818944779146, 2404051000000, 
-3.2672997428881043, -2.2321706169062656, -0.4169301356663017, 2404085000000, 
-3.251581767230224, -2.238512567587975, -0.34984137052055647, 2404119000000, 
-3.235475371242611, -2.2437895267852226, -0.28280176042594235, 2404153000000, 
-3.2190635051444105, -2.2479671798057823, -0.21554553652912747, 2404187000000, 
-3.2024364828802088, -2.2510256513757736, -0.14792918962901785, 2404221000000, 
-3.1856469354512504, -2.252951135291369, -0.08020997268839018, 2404255000000, 
-3.168746079338913, -2.2537394510716564, -0.012625648161729161, 2404289000000, 
-3.1518142440037975, -2.253384800304793, 0.05465108102605005, 2404323000000, 
-3.134927876952924, -2.251892961309445, 0.12173190052727208, 2404357000000, 
-3.118175003049673, -2.24927702332517, 0.18876921023366489, 2404391000000, 
-3.1016433521639057, -2.2455436750640505, 0.2559061972094673, 2404425000000, 
-3.085404160238136, -2.240710335999935, 0.32310367347803526, 2404459000000, 
-3.069529535380388, -2.2347992876972285, 0.39033860744867577, 2404493000000, 
-3.0540905362202717, -2.2278361633637354, 0.4576057279404147, 2404527000000, 
-3.0391568571107004, -2.2198523031912054, 0.5248832728708169, 2404561000000, 
-3.024817441972326, -2.2109018703065333, 0.5924497721050068, 2404595000000, 
-3.0111545531907087, -2.2010159065471115, 0.6606504908495484, 2404629000000, 
-2.998232526642874, -2.1902441067633327, 0.7293087919950803, 2404663000000, 
-2.986096289896667, -2.1786235255272017, 0.7981855410522741, 2404697000000, 
-2.974759354326105, -2.1661655170064154, 0.8667774170509627, 2404731000000, 
-2.9642749752720157, -2.1529339045009337, 0.9347082688349303, 2404765000000, 
-2.9546875737750624, -2.1389953634859307, 1.0021672599016918, 2404799000000, 
-2.946045856766801, -2.1244220486119425, 1.0693364037810138, 2404833000000, 
-2.9383924173441747, -2.1092847517152173, 1.13630457644546, 2404867000000, 
-2.9317630902833787, -2.0936597529355483, 1.2031063168575344, 2404901000000, 
-2.9261862987409133, -2.077620155283266, 1.2698022335009111, 2404935000000, 
-2.921694031706345, -2.0612508527795597, 1.3365269486716855, 2404969000000, 
-2.9183145510432755, -2.0446533654671377, 1.4037228568052567, 2405003000000, 
-2.9160669008365003, -2.0279092870328306, 1.471392659170204, 2405037000000, 
-2.9149589770818167, -2.0110544942419195, 1.5392524339155476, 2405071000000, 
-2.9149961971316465, -1.9941488418376494, 1.6069629343060017, 2405105000000, 
-2.916178477353583, -1.9772575198108675, 1.6743905493853044, 2405139000000, 
-2.9184919902324333, -1.9604656284251611, 1.7414966674648424, 2405173000000, 
-2.921927565894304, -1.943863132373025, 1.8085523771552134, 2405207000000, 
-2.92646812189333, -1.9275292776799484, 1.875610199374404, 2405241000000, 
-2.932093029395387, -1.9115328376346095, 1.942665187526048, 2405275000000, 
-2.9387760914575956, -1.8959492137688119, 2.0096987184585577, 2405309000000, 
-2.9464888342608315, -1.8808451130885004, 2.076682551521463, 2405343000000, 
-2.9551954580326205, -1.866287268706612, 2.1436253764155655, 2405377000000, 
-2.9648472676884654, -1.8523599780717754, 2.2105645342332383, 2405411000000, 
-2.975391578996211, -1.8391391695832393, 2.278025393144673, 2405445000000, 
-2.986770202696267, -1.8267015496388088, 2.346344146058508, 2405479000000, 
-2.9989400613289634, -1.8151098255980584, 2.4151910567840957, 2405513000000, 
-3.0118826201774076, -1.8043816692400594, 2.48418864571048, 2405547000000, 
-3.025551040195879, -1.7945580103004264, 2.5528347461003578, 2405581000000, 
-3.039897249086843, -1.7856683146180619, 2.6207947194642998, 2405615000000, 
-3.0548444842708995, -1.7777552985753844, 2.688327849894396, 2405649000000, 
-3.070307667725259, -1.7708530976912886, 2.755619031801893, 2405683000000, 
-3.0862111085518853, -1.7650018741685845, 2.8227618048212215, 2405717000000, 
-3.1024772122266935, -1.760226766129089, 2.8898363528183237, 2405751000000, 
-3.1190295356123556, -1.7565544070495345, 2.9568729957692574, 2405785000000, 
-3.1357926614140554, -1.7539960482700534, 3.023871494881035, 2405819000000, 
-3.1526939997383767, -1.7525641438130612, 3.090816239743665, 2405853000000, 
-3.1696565288129226, -1.7522656794828348, -3.12546840564249, 2405887000000, 
-3.1865938120567154, -1.753101969882161, -3.0585351930954143, 2405921000000, 
-3.20341199934772, -1.7550673245358566, -2.991289341902381, 2405955000000, 
-3.220033312727886, -1.758155456008425, -2.923649653821116, 2405989000000, 
-3.2363886924074317, -1.7623630774325518, -2.8556667262216813, 2406023000000, 
-3.252400340929112, -1.7676671641770405, -2.787549245307948, 2406057000000, 
-3.268023817445031, -1.7740550794855046, -2.719490608963012, 2406091000000, 
-3.2831964830433673, -1.78149367586209, -2.651753972140898, 2406125000000, 
-3.297850501475323, -1.7899502639374094, -2.5842736363613885, 2406159000000, 
-3.311912875419387, -1.7993801822194786, -2.516960300961666, 2406193000000, 
-3.3253163915616795, -1.8097396293563406, -2.449743797967298, 2406227000000, 
-3.337989425408221, -1.820970219608544, -2.3824702092551644, 2406261000000, 
-3.3498500211517346, -1.8330036785763044, -2.314779363656496, 2406295000000, 
-3.3608335538394454, -1.845778439629915, -2.246541583885458, 2406329000000, 
-3.370916794754206, -1.8592767873582448, -2.1780043989651947, 2406363000000, 
-3.3800634023148466, -1.8734473375508063, -2.109780925780041, 2406397000000, 
-3.388243728329246, -1.8882390946421075, -2.0421237559323977, 2406431000000, 
-3.3954252137387773, -1.9035773917100347, -1.9748810466511897, 2406465000000, 
-3.40156980360625, -1.919386466245117, -1.9079136906216003, 2406499000000, 
-3.406646517141983, -1.9355734019766624, -1.8411301791161014, 2406533000000, 
-3.4106219590904305, -1.9520382732099986, -1.7740472182246043, 2406567000000, 
-3.413481344915738, -1.968718547470978, -1.7064616428415134, 2406601000000, 
-3.415201550707872, -1.9855329177182564, -1.6387113288870951, 2406635000000, 
-3.415780424619572, -2.0024409176301243, -1.571134428473231, 2406669000000, 
-3.4152183657628203, -2.019371824640516, -1.5039363051544334, 2406703000000, 
-3.4135212312811447, -2.036248378263064, -1.436990721689779, 2406737000000, 
-3.410701838008345, -2.052981203081926, -1.3701167184145502, 2406771000000, 
-3.4067698190547806, -2.069482946817347, -1.3031790349001118, 2406805000000, 
-3.401742783228472, -2.0856830567064213, -1.2362123007334413, 2406839000000, 
-3.395643879396557, -2.1015075866898347, -1.169222214756854, 2406873000000, 
-3.3884994406954783, -2.116890103303771, -1.1022400042466785, 2406907000000, 
-3.38035495032194, -2.1317334738237412, -1.0350092484236022, 2406941000000, 
-3.371255496565068, -2.1459467661759235, -0.9670558248338461, 2406975000000, 
-3.361231815253839, -2.159471899846048, -0.8985839248521943, 2407009000000, 
-3.3503063153473516, -2.172276890423656, -0.8298955696427099, 2407043000000, 
-3.338524396148629, -2.1843038791998772, -0.7613097944196041, 2407077000000, 
-3.3259174604998525, -2.1955291089682643, -0.6933649606871316, 2407111000000, 
-3.312549071032512, -2.2058985629313668, -0.6259065406859043, 2407145000000, 
-3.29849549708438, -2.2153574803011837, -0.5587011942750305, 2407179000000, 
-3.283831219374532, -2.223857164405317, -0.4915991319931369, 2407213000000, 
-3.268626326914489, -2.2313578543949197, -0.4245671950915697, 2407247000000, 
-3.2529556834557254, -2.2378204336959158, -0.3575366806205032, 2407281000000, 
-3.236914003169801, -2.243206980642654, -0.2901220993251489, 2407315000000, 
-3.2205706889887624, -2.2474932322808647, -0.2223312021070675, 2407349000000, 
-3.203990922807427, -2.2506551252875604, -0.15444576195800674, 2407383000000, 
-3.1872052818750984, -2.252692106050253, -0.08670602787610146, 2407417000000, 
-3.1703022427803913, -2.2535898513993806, -0.019313291609140595, 2407451000000, 
-3.153358163205349, -2.2533498858899774, 0.047839472729229, 2407485000000, 
-3.136457966065968, -2.251973717646514, 0.11486870616329148, 2407519000000, 
-3.119685946198952, -2.2494732243074655, 0.1818823348718697, 2407553000000, 
-3.103127518612683, -2.2458525867993293, 0.2490056753590015, 2407587000000, 
-3.0868556794513125, -2.2411327606536244, 0.3162021534440609, 2407621000000, 
-3.070941482055274, -2.235330943825356, 0.38344574210430843, 2407655000000, 
-3.0554544187407187, -2.228474948398286, 0.4507045939291619, 2407689000000, 
-3.040460001232356, -2.220592594789756, 0.5179272084596052, 2407723000000, 
-3.026050986315554, -2.2117436125298653, 0.5853178726277576, 2407757000000, 
-3.0123145355426795, -2.201955375951213, 0.6534402526597024, 2407791000000, 
-2.9993119395927295, -2.1912718979087167, 0.7221472332340859, 2407825000000, 
-2.9870935671493473, -2.179737275554549, 0.791094249615112, 2407859000000, 
-2.975689612563595, -2.1673786215287865, 0.8599348708665184, 2407893000000, 
-2.965132043554542, -2.1542342295121855, 0.9281664088790258, 2407927000000, 
-2.955463982089751, -2.1403688732156576, 0.9958162806609506, 2407961000000, 
-2.9467370162938593, -2.1258585369373955, 1.0630901994145687, 2407995000000, 
-2.938991499763694, -2.110774483649947, 1.130108234774118, 2408029000000, 
-2.9322661887902015, -2.0951932086548095, 1.1969558217005305, 2408063000000, 
-2.926594035799348, -2.07919111480073, 1.2637017492509157, 2408097000000, 
-2.921999635889695, -2.0628395257203715, 1.3303873764846668, 2408131000000, 
-2.9185042547552023, -2.0462185496353222, 1.3970406900450798, 2408165000000, 
-2.9161251437598197, -2.02941274482194, 1.463746142614921, 2408199000000, 
-2.914875071336608, -2.0125093491780217, 1.5308250295066435, 2408233000000, 
-2.9147650382276677, -1.9955874717930824, 1.5983338758765409, 2408267000000, 
-2.9158000061401372, -1.9787189952688125, 1.6660257979987694, 2408301000000, 
-2.917972947977319, -1.9619541493444645, 1.7336803220553825, 2408335000000, 
-2.9212769462256656, -1.9453605827816365, 1.8012636532582438, 2408369000000, 
-2.925695149558222, -1.9290187735883786, 1.8686323528037763, 2408403000000, 
-2.9312062198260844, -1.91300081022099, 1.9358707834272735, 2408437000000, 
-2.9377810574660232, -1.8973822980174704, 2.0030257450927396, 2408471000000, 
-2.945390231534568, -1.882235137660467, 2.0701194436823194, 2408505000000, 
-2.9539997275599963, -1.8676280922091084, 2.1371312024629106, 2408539000000, 
-2.963570078234501, -1.8536241588840827, 2.2040980101810113, 2408573000000, 
-2.9740414577732226, -1.8403154531527588, 2.271211600009271, 2408607000000, 
-2.985356454701124, -1.8277731302704547, 2.339022191922224, 2408641000000, 
-2.9974643222938235, -1.816064303467024, 2.4074458274942483, 2408675000000, 
-3.0103297509143414, -1.8052270760752038, 2.4762082910273775, 2408709000000, 
-3.023916171656192, -1.7952977143180189, 2.5449003556980716, 2408743000000, 
-3.0381845446755826, -1.786300101214143, 2.6129908041119045, 2408777000000, 
-3.053064698189393, -1.7782697104446423, 2.680593786151041, 2408811000000, 
-3.0684731089193833, -1.7712503487074098, 2.747896820483369, 2408845000000, 
-3.0843308013351076, -1.7652760739306084, 2.815036287541291, 2408879000000, 
-3.1005603691197705, -1.7603768540493463, 2.882093963927792, 2408913000000, 
-3.1170845588861398, -1.756575294209448, 2.9491166680778407, 2408947000000, 
-3.1338289572563176, -1.7538863149892412, 3.0160934356751206, 2408981000000, 
-3.1507190909909775, -1.7523228437713392, 3.0830291324676447, 2409015000000, 
-3.167661841140211, -1.7518947250335135, -3.133083104743857, 2409049000000, 
-3.1845757442290226, -1.7526053839649411, -3.065696879399762, 2409083000000, 
-3.201388803778201, -1.7544543324897544, -2.998152327270301, 2409117000000, 
-3.2180320799894804, -1.7574310043178354, -2.9305172495097804, 2409151000000, 
-3.234432991663422, -1.7615293355330288, -2.862842560706814, 2409185000000, 
-3.2505303598118127, -1.7667286284597852, -2.795320796953523, 2409219000000, 
-3.2662485341433602, -1.7730041525856883, -2.7278994784413553, 2409253000000, 
-3.281515721005038, -1.7803234606644414, -2.660573534492353, 2409287000000, 
-3.2962610117831406, -1.7886562821912786, -2.5933150779611305, 2409321000000, 
-3.3104106027156335, -1.7979590936584744, -2.5260429788209806, 2409355000000, 
-3.3238723889490247, -1.8081705966512605, -2.458375242258488, 2409389000000, 
-3.3365829246139946, -1.819253081234967, -2.390193335093333, 2409423000000, 
-3.348495007094366, -1.831168891807343, -2.3217399877140106, 2409457000000, 
-3.359573802927881, -1.8438805620686027, -2.2534975465634752, 2409491000000, 
-3.369785590087493, -1.8573427749219, -2.1857721733125794, 2409525000000, 
-3.3790843766750536, -1.8714885492166329, -2.1184190271342436, 2409559000000, 
-3.387420769688058, -1.8862449455461276, -2.0512926027403386, 2409593000000, 
-3.39474181331601, -1.9015119860272682, -1.9840898650979482, 2409627000000, 
-3.4010044853069514, -1.9172080347420057, -1.9163649415913917, 2409661000000, 
-3.4061773183964488, -1.9332648859973467, -1.8482952747022137, 2409695000000, 
-3.4102538671977696, -1.9496656974760707, -1.7804406878733874, 2409729000000, 
-3.4132183272856116, -1.9663314475500207, -1.7130884333951923, 2409763000000, 
-3.415061164131266, -1.98318866472292, -1.6460933012768617, 2409797000000, 
-3.4157749302679927, -2.0001515895351347, -1.5793510912311828, 2409831000000, 
-3.4153575891524115, -2.0171339231217695, -1.5127269717671181, 2409865000000, 
-3.4138103771417163, -2.0340556045744695, -1.4461437698259179, 2409899000000, 
-3.411145523472285, -2.050826092898918, -1.3795409042181705, 2409933000000, 
-3.407371413502449, -2.0673604601399402, -1.3124806377304834, 2409967000000, 
-3.4025056298885477, -2.0835518078347923, -1.2448372084869759, 2410001000000, 
-3.396567168037122, -2.0993392455809823, -1.176813940887557, 2410035000000, 
-3.38956837376781, -2.1146849481344536, -1.1086511036824638, 2410069000000, 
-3.3815337021148317, -2.1295325469329605, -1.0405765866514531, 2410103000000, 
-3.3724983922072664, -2.143820844777094, -0.9729008291225911, 2410137000000, 
-3.3625066418099627, -2.1574854253657154, -0.9055474622183345, 2410171000000, 
-3.351619919131018, -2.1704433882744483, -0.8381887274981974, 2410205000000, 
-3.339899999986287, -2.182621058811754, -0.7704958293525676, 2410239000000, 
-3.3274047951715104, -2.193954617090508, -0.7023882247475923, 2410273000000, 
-3.314171238289608, -2.204405337470048, -0.6341991488987891, 2410307000000, 
-3.30024245163529, -2.213940479494901, -0.56621907944753, 2410341000000, 
-3.2856744759848557, -2.222527273766449, -0.49864063026820793, 2410375000000, 
-3.2705400220861716, -2.230123050636694, -0.4313498034083244, 2410409000000, 
-3.2549283197007064, -2.2366809820787434, -0.36411510288921534, 2410443000000, 
-3.2389275520906566, -2.2421717836573984, -0.2966688057899661, 2410477000000, 
-3.2226062616407773, -2.246565065521485, -0.22895305422979376, 2410511000000, 
-3.206021896511723, -2.249846307437719, -0.16124971352708248, 2410545000000, 
-3.1892344586406507, -2.2520006409873554, -0.09382724817627427, 2410579000000, 
-3.1723229881325015, -2.253022813443581, -0.02663658307645109, 2410613000000, 
-3.155371405703817, -2.252908286287089, 0.0404331418890347, 2410647000000, 
-3.138458634821435, -2.251659034482516, 0.10742061637798503, 2410681000000, 
-3.121664327229602, -2.2492827983735046, 0.17437319972221083, 2410715000000, 
-3.1050748557254515, -2.245786588173095, 0.24143677294110066, 2410749000000, 
-3.088769432783382, -2.2411918034141816, 0.30864473931352865, 2410783000000, 
-3.0728445764807377, -2.2355208414500276, 0.37629489613427314, 2410817000000, 
-3.057370449296743, -2.228793248783515, 0.4443636969269316, 2410851000000, 
-3.0424189306389935, -2.221040631457218, 0.5127057212638787, 2410885000000, 
-3.028024457792691, -2.2122763689763127, 0.5810921402330126, 2410919000000, 
-3.0142368274860574, -2.202535642459858, 0.6491317430255804, 2410953000000, 
-3.001122460692729, -2.191870932320139, 0.7167722712381085, 2410987000000, 
-2.988739690001079, -2.1803300779224175, 0.7841324820701379, 2411021000000, 
-2.977154287896472, -2.167977880513327, 0.8513053202807658, 2411055000000, 
-2.966439434794237, -2.154894133070411, 0.9186941413710363, 2411089000000, 
-2.9566477667533015, -2.1411346864861964, 0.9866510518633539, 2411123000000, 
-2.9478425140755937, -2.1267758836038455, 1.055054629182564, 2411157000000, 
-2.940030837039037, -2.111829403384412, 1.1233843678692559, 2411191000000, 
-2.933240448895461, -2.096357618510375, 1.1911909510491283, 2411225000000, 
-2.9274994799016794, -2.0804320145882014, 1.2585132661471454, 2411259000000, 
-2.9228339284683758, -2.064135516352196, 1.325579800678984, 2411293000000, 
-2.9192655224425037, -2.047549738747721, 1.3924745682779327, 2411327000000, 
-2.9168105367717803, -2.030752158284316, 1.4592557675817222, 2411361000000, 
-2.915481242822146, -2.0138229053740493, 1.5259754628788782, 2411395000000, 
-2.9152828759614726, -1.9968538085728296, 1.5926839578057566, 2411429000000, 
-2.916216473688912, -1.97991716476913, 1.6595849636811897, 2411463000000, 
-2.9182781174916723, -1.963105005174223, 1.7268567847919793, 2411497000000, 
-2.921464543636195, -1.9464959102846795, 1.7944522602411135, 2411531000000, 
-2.925768222269177, -1.9301558916574888, 1.8622980414059151, 2411565000000, 
-2.9311713998945343, -1.9141357281153866, 1.9300225383264535, 2411599000000, 
-2.937648982403577, -1.8985005999166549, 1.9974432555865353, 2411633000000, 
-2.945169742424124, -1.8833209518070098, 2.064654772125798, 2411667000000, 
-2.9536874446896997, -1.8686909675126748, 2.131897481062515, 2411701000000, 
-2.963156092260901, -1.8546902793214337, 2.199560289507976, 2411735000000, 
-2.9735326093040038, -1.8413909126037982, 2.2676801057777625, 2411769000000, 
-2.9847793588013953, -1.828845815965925, 2.3361432425429096, 2411803000000, 
-2.9968683939753804, -1.8170882248473026, 2.404337728475202, 2411837000000, 
-3.0097577508468816, -1.806153188561168, 2.472003825216441, 2411871000000, 
-3.0233749110951402, -1.7960987998364795, 2.539372163784501, 2411905000000, 
-3.0376447301132514, -1.786977832199954, 2.606599505835437, 2411939000000, 
-3.0524786300696887, -1.7788450893928711, 2.6740226005324192, 2411973000000, 
-3.0677957108386513, -1.771752867973989, 2.741893505129611, 2412007000000, 
-3.0835623627343884, -1.7657102988976743, 2.809938070363274, 2412041000000, 
-3.099711293724643, -1.7607527835958885, 2.8778040329838164, 2412075000000, 
-3.1161816147799777, -1.7568957066251603, 2.945296170151373, 2412109000000, 
-3.132895854139715, -1.754150576877349, 3.0125310169704163, 2412143000000, 
-3.149768870281156, -1.7525314415831803, 3.079618776432925, 2412177000000, 
-3.1667197959346565, -1.7520460974648437, -3.1365534437602087, 2412211000000, 
-3.1836683067895155, -1.7526958698272983, -3.069594806112485, 2412245000000, 
-3.200539976404938, -1.7544778290627856, -3.0026941803188665, 2412279000000, 
-3.2172538207217234, -1.757381172452233, -2.935757198319372, 2412313000000, 
-3.233712368053937, -1.7613897161269663, -2.868660680019394, 2412347000000, 
-3.249841219322022, -1.7664905563429694, -2.801152357678832, 2412381000000, 
-3.2655547687556807, -1.7726605509914306, -2.7331520127496787, 2412415000000, 
-3.280785998006321, -1.7798766989673092, -2.6648341940063522, 2412449000000, 
-3.2954772432996826, -1.7881126746326395, -2.596342427950837, 2412483000000, 
-3.3095748011973294, -1.7973383115763912, -2.5279347223684026, 2412517000000, 
-3.323039738877039, -1.8075224221865698, -2.459999534036291, 2412551000000, 
-3.335808994044598, -1.8186127122723048, -2.3924654586976724, 2412585000000, 
-3.347816845522276, -1.8305531410322435, -2.325180508139775, 2412619000000, 
-3.359005742591385, -1.8432831630391877, -2.2580518990952396, 2412653000000, 
-3.369311117246818, -1.8567257885208204, -2.1909137779532557, 2412687000000, 
-3.378666954508377, -1.8708015916627172, -2.123276218586285, 2412721000000, 
-3.3870239608899504, -1.8854474416875129, -2.055051556573681, 2412755000000, 
-3.394352309967904, -1.9006128601790584, -1.9866402186190903, 2412789000000, 
-3.400644136549351, -1.9162801447416955, -1.9186083574892183, 2412823000000, 
-3.405872172806388, -1.9323723186269282, -1.8511494069553383, 2412857000000, 
-3.4100134992144215, -1.948806456580109, -1.7840553249538738, 2412891000000, 
-3.4130506819481385, -1.9654995632544496, -1.7171720385519298, 2412925000000, 
-3.414967390044862, -1.9823678400052078, -1.6504006253323986, 2412959000000, 
-3.4157551434701996, -1.9993304645829666, -1.58367366348748, 2412993000000, 
-3.415411583009379, -2.0163081744428015, -1.5169631044812095, 2413027000000, 
-3.413937563587126, -2.0332190956946357, -1.4502443694030172, 2413061000000, 
-3.411344211905037, -2.0499709205080436, -1.3832293197541925, 2413095000000, 
-3.407635361531896, -2.066471455884769, -1.315630863783589, 2413129000000, 
-3.4028240654469473, -2.0826509482708255, -1.2476334443251211, 2413163000000, 
-3.396927081435333, -2.098458724706632, -1.1795118336156354, 2413197000000, 
-3.3899601812029045, -2.113846559664651, -1.1116326324928338, 2413231000000, 
-3.3819569666806197, -2.1287535090834493, -1.0441610931515435, 2413265000000, 
-3.3729586781811927, -2.1431037755131292, -0.9769252294434714, 2413299000000, 
-3.3630246156081722, -2.1568071963883084, -0.909735296299438, 2413333000000, 
-3.352193330669634, -2.169810600593024, -0.8422163939534075, 2413367000000, 
-3.340539049483877, -2.1820148243456337, -0.7742581821611916, 2413401000000, 
-3.3280968395368333, -2.1933837889100194, -0.7058764098815259, 2413435000000, 
-3.3148993782648066, -2.2038798739185532, -0.6375891279298086, 2413469000000, 
-3.3009939834520923, -2.213472051654325, -0.5698090519925277, 2413503000000, 
-3.2864438169471613, -2.222118448161377, -0.5024230052825409, 2413537000000, 
-3.271330471497245, -2.229777782609319, -0.43525901776803116, 2413571000000, 
-3.2557401858462676, -2.2363989987035744, -0.368075434498218, 2413605000000, 
-3.2397612304723635, -2.2419531412390428, -0.30060232271313175, 2413639000000, 
-3.2234566343551507, -2.246411878560625, -0.2328907495155191, 2413673000000, 
-3.2068921212501165, -2.2497551109320195, -0.1651493051508411, 2413707000000, 
-3.1901210796285997, -2.251972430282168, -0.09761239381547701, 2413741000000, 
-3.1732208065140965, -2.253057153203441, -0.03033938895824648, 2413775000000, 
-3.156271806225258, -2.253005150226717, 0.03676237126778557, 2413809000000, 
-3.1393541332018295, -2.2518176651600923, 0.10374141791491018, 2413843000000, 
-3.1225489959883617, -2.2495036102116615, 0.17067107156777428, 2413877000000, 
-3.1059456384987927, -2.2460692314913504, 0.2377312477492514, 2413911000000, 
-3.089629560086308, -2.2415349524956145, 0.3049846795451318, 2413945000000, 
-3.0736911208968474, -2.235924274316988, 0.3726781752449976, 2413979000000, 
-3.0581908818747996, -2.2292540408408974, 0.4407201881331203, 2414013000000, 
-3.043193132523219, -2.2215468191390433, 0.5089731185573777, 2414047000000, 
-3.0287627523134217, -2.212836992926015, 0.5772934698964013, 2414081000000, 
-3.0149367382005123, -2.2031476034407147, 0.6452499596693986, 2414115000000, 
-3.001772141581611, -2.192527419185188, 0.7127873495139793, 2414149000000, 
-2.98933821445982, -2.1810322177852703, 0.7800661421258006, 2414183000000, 
-2.9777029203502687, -2.1687283531841137, 0.847294864421379, 2414217000000, 
-2.966948118742137, -2.1556965720663634, 0.9150092313932497, 2414251000000, 
-2.95713328205345, -2.142002420235713, 0.9832736601566371, 2414285000000, 
-2.948279520118469, -2.1276700379015243, 1.0517412094371248, 2414319000000, 
-2.9404072973747253, -2.11273672050938, 1.1198064742825222, 2414353000000, 
-2.9335528337619263, -2.0972738307288865, 1.187333442099267, 2414387000000, 
-2.927744200213334, -2.081360150722736, 1.2545146540790326, 2414421000000, 
-2.923009475303992, -2.0650744878971956, 1.3214705594746021, 2414455000000, 
-2.919370871920238, -2.0484955994771514, 1.3882840653960056, 2414489000000, 
-2.916846717010786, -2.0317125507388742, 1.4550445132195253, 2414523000000, 
-2.9154503269363885, -2.0148285181461016, 1.5220526728085157, 2414557000000, 
-2.9151914735028273, -1.9978919866335925, 1.5894167777777763, 2414591000000, 
-2.916073969537691, -1.9809845257046832, 1.6568307850025041, 2414625000000, 
-2.9180931615495505, -1.9641663166565881, 1.7241333114756034, 2414659000000, 
-2.921238935536214, -1.9475176267198722, 1.7913175241850752, 2414693000000, 
-2.9254962353347644, -1.9311136222244216, 1.85846743442674, 2414727000000, 
-2.9308447677177667, -1.9150293249357797, 1.925582943402173, 2414761000000, 
-2.9372601739378266, -1.899337649775791, 1.9926486077059904, 2414795000000, 
-2.944702275324507, -1.8841323268688066, 2.0598945460003173, 2414829000000, 
-2.953135923776842, -1.8694932923586942, 2.127717472236066, 2414863000000, 
-2.962519880871292, -1.855504017892513, 2.1960040233201505, 2414897000000, 
-2.9728407404839294, -1.8421854440744694, 2.2645004198546324, 2414931000000, 
-2.984064355829955, -1.8295825824267418, 2.332587595520239, 2414965000000, 
-2.9961392037005417, -1.8177478468987665, 2.400179255190529, 2414999000000, 
-3.008999112757539, -1.8067423369290874, 2.467488401364919, 2415033000000, 
-3.0225543606919287, -1.7966379749666253, 2.5349037836682125, 2415067000000, 
-3.0367595821886875, -1.7874712715851304, 2.6026610355793864, 2415101000000, 
-3.051519120187121, -1.7793120529264332, 2.6707769227372964, 2415135000000, 
-3.066808691996138, -1.772168916110837, 2.7389718938021392, 2415169000000, 
-3.0825681109822685, -1.7660812769229428, 2.8067354853516524, 2415203000000, 
-3.098727691917457, -1.761060546234571, 2.874165206409612, 2415237000000, 
-3.1152057670586806, -1.757133288817501, 2.9413738897118553, 2415271000000, 
-3.1319224595805784, -1.7543177024130148, 3.00843732641777, 2415305000000, 
-3.1487966844812294, -1.752628249021889, 3.075425278151527, 2415339000000, 
-3.165749454064283, -1.7520703995147273, -3.140810835637112, 2415373000000, 
-3.182694449673419, -1.7526473333425125, -3.073845794832481, 2415407000000, 
-3.199553136239641, -1.7543556755856287, -3.006692017420376, 2415441000000, 
-3.2162413850608482, -1.7571886639405445, -2.939287857387126, 2415475000000, 
-3.2326780743202925, -1.7611424251509562, -2.8715853505629436, 2415509000000, 
-3.2488117077916145, -1.7662026132128554, -2.8039090196752583, 2415543000000, 
-3.264577574140784, -1.772340086623397, -2.736421922183243, 2415577000000, 
-3.2799043580075695, -1.779529808369941, -2.6690660684109138, 2415611000000, 
-3.294699781774898, -1.7877231999162786, -2.60170029114768, 2415645000000, 
-3.3088987759436486, -1.7968922727644125, -2.533964696095238, 2415679000000, 
-3.3224054484235648, -1.8069793429076288, -2.4657361217877427, 2415713000000, 
-3.33518511742703, -1.817964635468192, -2.3972617539453487, 2415747000000, 
-3.3471926919916495, -1.8298046266841503, -2.329065881899956, 2415781000000, 
-3.358393885953058, -1.8424592143431713, -2.2613594932769487, 2415815000000, 
-3.3687316907447924, -1.8558621597326195, -2.1939597525688415, 2415849000000, 
-3.378154447238294, -1.8699415230974739, -2.126778621637958, 2415883000000, 
-3.386607646136001, -1.8846140478651627, -2.059588004923742, 2415917000000, 
-3.394038102890787, -1.8997938257553395, -1.9919505914820972, 2415951000000, 
-3.4004095727101005, -1.91541694364748, -1.9238227083233177, 2415985000000, 
-3.405697803461954, -1.9314284052725228, -1.8555950007753057, 2416019000000, 
-3.409894154888458, -1.9477990715552413, -1.7878458009867142, 2416053000000, 
-3.412984009881188, -1.9644506090690756, -1.7205813621102735, 2416087000000, 
-3.4149524319456273, -1.9812916190526777, -1.6535717315570808, 2416121000000, 
-3.415791111276316, -1.9982390548120585, -1.5866857719838294, 2416155000000, 
-3.4154974110562333, -2.0152110830578653, -1.5198967816315554, 2416189000000, 
-3.4140720228760375, -2.0321351949044986, -1.453212875451495, 2416223000000, 
-3.411524079592364, -2.0489284139748754, -1.3865564383614424, 2416257000000, 
-3.407863013435183, -2.0655059758146477, -1.3197763572234749, 2416291000000, 
-3.4031054389891917, -2.0817908326782066, -1.252858889844477, 2416325000000, 
-3.3972830937781193, -2.0976835687136246, -1.185617918763268, 2416359000000, 
-3.3904203800487682, -2.1131010348416046, -1.1177243022695935, 2416393000000, 
-3.382527401025327, -2.1280039483945754, -1.0493733797155056, 2416427000000, 
-3.373648077162617, -2.142307761469646, -0.9807991981332576, 2416461000000, 
-3.363805759143078, -2.1559737374226393, -0.9123128652734775, 2416495000000, 
-3.3530310102944143, -2.168966108843488, -0.8443332005896669, 2416529000000, 
-3.341378022333613, -2.181225303539991, -0.776796825537266, 2416563000000, 
-3.3289097215217742, -2.192685814728662, -0.7095233217718621, 2416597000000, 
-3.315693317548056, -2.2032904132091495, -0.6423696662932296, 2416631000000, 
-3.301799116103678, -2.2129785170251504, -0.5752182649621667, 2416665000000, 
-3.2873112432158935, -2.221690491389242, -0.5076779277416674, 2416699000000, 
-3.272288716758954, -2.2294008717147746, -0.43967474846737276, 2416733000000, 
-3.2568021209502427, -2.2360523586104737, -0.37148231363599876, 2416767000000, 
-3.240863940916947, -2.2416486249688083, -0.30352098532133276, 2416801000000, 
-3.2245613288621113, -2.2461569663326224, -0.23601187401613213, 2416835000000, 
-3.2079686586714433, -2.249563855087153, -0.16878763820755274, 2416869000000, 
-3.1911721735153584, -2.2518511017724627, -0.10171225260879642, 2416903000000, 
-3.174253851303922, -2.253009381493371, -0.03470426119077998, 2416937000000, 
-3.157292698486073, -2.253033691393439, 0.03225644317163227, 2416971000000, 
-3.1403639887367087, -2.2519237311967366, 0.09916728868669526, 2417005000000, 
-3.123550695305508, -2.249686673761784, 0.1660715530189287, 2417039000000, 
-3.10694561081193, -2.2463331166746148, 0.23327499894641435, 2417073000000, 
-3.090648222610614, -2.241877953366882, 0.3009910501215428, 2417107000000, 
-3.074706228819938, -2.236332121012237, 0.36904163691771397, 2417141000000, 
-3.0591950390849276, -2.229718938452173, 0.4372691248547333, 2417175000000, 
-3.0441772539368817, -2.2220658259745805, 0.5055793026208248, 2417209000000, 
-3.0296960765486305, -2.213393096788635, 0.5735875286706663, 2417243000000, 
-3.0158121213011344, -2.2037475139910856, 0.6412177956792482, 2417277000000, 
-3.0025938924205784, -2.1931738649348653, 0.7086054334028549, 2417311000000, 
-2.990107154160351, -2.181726753052766, 0.7758296716342414, 2417345000000, 
-2.9784208487377777, -2.169474585527398, 0.8430125087431677, 2417379000000, 
-2.9676056142152736, -2.1564882668051744, 0.910637476528899, 2417413000000, 
-2.9577221864648946, -2.1428230816157665, 0.9788649508284103, 2417447000000, 
-2.9488086974334307, -2.1285373221506885, 1.047399252772459, 2417481000000, 
-2.9408911915455707, -2.113664818922875, 1.1158148283388336, 2417515000000, 
-2.9339863762277707, -2.098246105013679, 1.1836171353258707, 2417549000000, 
-2.928124514418522, -2.0823638991214932, 1.2509375457174765, 2417583000000, 
-2.923333320272885, -2.0661000781759573, 1.3179811009989104, 2417617000000, 
-2.9196384230727075, -2.0495403392418226, 1.3848591945327555, 2417651000000, 
-2.9170566085370897, -2.032764535722199, 1.4516574635870874, 2417685000000, 
-2.9156000149743733, -2.0158499955298455, 1.5184302223144064, 2417719000000, 
-2.9152734705015058, -1.998874378762994, 1.5851808317496994, 2417753000000, 
-2.916078520973875, -1.9819177131573467, 1.6518861615472062, 2417787000000, 
-2.918009717945465, -1.965072200280772, 1.7188484908396269, 2417821000000, 
-2.9210641865277136, -1.9484296213385286, 1.786375180569377, 2417855000000, 
-2.9252327941828233, -1.9320678274430991, 1.8543515678282703, 2417889000000, 
-2.930498621709635, -1.9160445212300892, 1.9224734888599633, 2417923000000, 
-2.9368467966650935, -1.9004052697924554, 1.9905069998936826, 2417957000000, 
-2.9442516059311323, -1.8852072643488984, 2.058151039484723, 2417991000000, 
-2.952675530105763, -1.8705244450289527, 2.125509979338779, 2418025000000, 
-2.9620748862512514, -1.8564278798339338, 2.19270542349419, 2418059000000, 
-2.9723866868934445, -1.8430120954883988, 2.2598872789743916, 2418093000000, 
-2.9835731589592505, -1.8303224301018735, 2.327544863903102, 2418127000000, 
-2.9955477019169785, -1.8184745698048084, 2.3958348517595955, 2418161000000, 
-3.008301105569729, -1.8074751617903733, 2.464448744406679, 2418195000000, 
-3.021792381459993, -1.7973631508606849, 2.5327140923094627, 2418229000000, 
-3.0359743880223338, -1.7881691500309413, 2.6004023405630345, 2418263000000, 
-3.0507679918373403, -1.7799405376459216, 2.6677404145361767, 2418297000000, 
-3.0660942024916586, -1.7727186251399558, 2.7349147582656257, 2418331000000, 
-3.081876123457896, -1.7665389266603782, 2.802021828832076, 2418365000000, 
-3.0980193738352164, -1.7614406270260483, 2.8691996448283232, 2418399000000, 
-3.114459026684849, -1.7574352224181962, 2.9367393280946756, 2418433000000, 
-3.1311123441308757, -1.7545553383055952, 3.004486944731066, 2418467000000, 
-3.147924482623993, -1.752811536701897, 3.072214173592339, 2418501000000, 
-3.1648371770644634, -1.7522073820175799, 3.139659482274651, 2418535000000, 
-3.1817713779111787, -1.7527413779851682, -3.076343923702888, 2418569000000, 
-3.1986450680560528, -1.754411333265831, -3.009325959485639, 2418603000000, 
-3.2153699768491824, -1.757203542755781, -2.9422936946692824, 2418637000000, 
-3.231859792244711, -1.761110866702599, -2.8751267052123914, 2418671000000, 
-3.2480443015325107, -1.7661146142204134, -2.807899789383148, 2418705000000, 
-3.2638559441884847, -1.7721943005213852, -2.7406757079771698, 2418739000000, 
-3.279224876780142, -1.7793213816921163, -2.673470678295354, 2418773000000, 
-3.294073618993952, -1.7874566226939346, -2.60627045908794, 2418807000000, 
-3.3083176764305575, -1.7965568643526069, -2.538679176648283, 2418841000000, 
-3.3218654707671726, -1.8065764207997594, -2.4703868242113804, 2418875000000, 
-3.3346731688321354, -1.8174838731347929, -2.4016489796711755, 2418909000000, 
-3.3466915570318085, -1.8292400867254923, -2.3327164884330136, 2418943000000, 
-3.3578832539791468, -1.8418081021838713, -2.264037351771721, 2418977000000, 
-3.368219925171168, -1.8551458364817635, -2.1960306789333237, 2419011000000, 
-3.377653658177385, -1.8691884009416528, -2.1285361659833937, 2419045000000, 
-3.3861372209969587, -1.8838563192056288, -2.0613895347848703, 2419079000000, 
-3.3936252874959933, -1.8990757568117167, -1.9944368274646587, 2419113000000, 
-3.4000852411290223, -1.914772140019372, -1.9276256095067836, 2419147000000, 
-3.4054861036269544, -1.9308738202302458, -1.860936256676614, 2419181000000, 
-3.409804897352051, -1.9473004899435886, -1.794299799717537, 2419215000000, 
-3.413008397791227, -1.963943729917459, -1.7273547005648624, 2419249000000, 
-3.415087609208102, -1.980742037977299, -1.6599049820875573, 2419283000000, 
-3.4160234792600703, -1.9976086577636605, -1.5922315376145504, 2419317000000, 
-3.4158165235270013, -2.014517731990104, -1.5245453652783247, 2419351000000, 
-3.414465199524683, -2.031401710840906, -1.4571318323287357, 2419385000000, 
-3.411982110984922, -2.0481681973716688, -1.390040424385267, 2419419000000, 
-3.40837938635956, -2.0647320422643944, -1.3229497983501417, 2419453000000, 
-3.4036746581301194, -2.08101820483511, -1.2558566359917076, 2419487000000, 
-3.3978886798330157, -2.0969560962072173, -1.1887987524251002, 2419521000000, 
-3.3910483561148967, -2.1124699190737872, -1.1217702237899003, 2419555000000, 
-3.3831827174888653, -2.12749606394625, -1.054774605510367, 2419589000000, 
-3.374329349136486, -2.1419641815375035, -0.9878191707567338, 2419623000000, 
-3.3645405615044393, -2.1557817023727814, -0.9206779067019395, 2419657000000, 
-3.3538777824667876, -2.1688659084012687, -0.8527544675823003, 2419691000000, 
-3.3423767708009993, -2.181162343349323, -0.7841669207141375, 2419725000000, 
-3.330084365422888, -2.1926108630480665, -0.7153057847893388, 2419759000000, 
-3.317001675468907, -2.2032181754813016, -0.6466189892594861, 2419793000000, 
-3.3031956513831595, -2.212916646007416, -0.5786194604207731, 2419827000000, 
-3.288733817733685, -2.2216835056886244, -0.5110632873429132, 2419861000000, 
-3.2736957992358127, -2.2294649567577736, -0.44376318388854197, 2419895000000, 
-3.2581576280255984, -2.2362244572201195, -0.37660270574548516, 2419929000000, 
-3.2421945503777723, -2.241928981900268, -0.3095304547084402, 2419963000000, 
-3.225881087244061, -2.2465540813108578, -0.2425246455746554, 2419997000000, 
-3.2092920042597184, -2.250076731620515, -0.1755463359468476, 2420031000000, 
-3.192508132748629, -2.252480022604922, -0.10852981382056273, 2420065000000, 
-3.1756205768496995, -2.2537509891844265, -0.041279970011817116, 2420099000000, 
-3.158708129185487, -2.2538819028949795, 0.026206153871387146, 2420133000000, 
-3.14182028708015, -2.252870809055933, 0.09375679410484165, 2420167000000, 
-3.125038214013427, -2.250722377879808, 0.1612583943516432, 2420201000000, 
-3.1084342278065735, -2.247444567372384, 0.2287349559234847, 2420235000000, 
-3.092088834149903, -2.24305598579152, 0.296145068870407, 2420269000000, 
-3.0760698559753834, -2.2375758279264404, 0.3634942151446916, 2420303000000, 
-3.0604508041551073, -2.2310304563597496, 0.43079082136885155, 2420337000000, 
-3.0453073184696904, -2.223445316678568, 0.49806929213148726, 2420371000000, 
-3.0307057583332093, -2.2148620287817495, 0.5653187532164794, 2420405000000, 
-3.0167120770437132, -2.2053201598667087, 0.6325512329783486, 2420439000000, 
-3.003420889026136, -2.1948784246829187, 0.7001514925402169, 2420473000000, 
-2.9909105059282215, -2.1835922827403174, 0.7684090622252496, 2420507000000, 
-2.9792195668427413, -2.1714911238031305, 0.8371001696645577, 2420541000000, 
-2.968386022699089, -2.158612653183671, 0.9058317780755945, 2420575000000, 
-2.9584364548184308, -2.144993904392764, 0.9739888323809317, 2420609000000, 
-2.9494109150403607, -2.130695095602217, 1.0415783527470226, 2420643000000, 
-2.941352315675374, -2.1157948510948823, 1.10879557637749, 2420677000000, 
-2.934304904923767, -2.1003724373135833, 1.1758129541225995, 2420711000000, 
-2.928300713424133, -2.084504340828697, 1.2426918625140984, 2420745000000, 
-2.9233668277398865, -2.06826368667721, 1.3094838148468901, 2420779000000, 
-2.919537798072123, -2.051759613649926, 1.3763750836195812, 2420813000000, 
-2.9168219702295364, -2.035037479261713, 1.4438008113333416, 2420847000000, 
-2.915246357525603, -2.018206465010492, 1.511493275977928, 2420881000000, 
-2.9148155357865093, -2.0013149510522292, 1.5792373617026136, 2420915000000, 
-2.9155278602154384, -1.9844103568993776, 1.6467648956613912, 2420949000000, 
-2.9173796124966795, -1.96756781514892, 1.7139274864052723, 2420983000000, 
-2.920355064835138, -1.9508728687559793, 1.7809622840279706, 2421017000000, 
-2.924444176443676, -1.9344199866045197, 1.8480253170427958, 2421051000000, 
-2.9296249856030077, -1.918277334184519, 1.915086502064008, 2421085000000, 
-2.935876090575786, -1.9025157539277073, 1.982121054936789, 2421119000000, 
-2.943168553236894, -1.8872056328639968, 2.0491437547313556, 2421153000000, 
-2.951470161447039, -1.872417015807907, 2.1161187519292097, 2421187000000, 
-2.9607440138790966, -1.8582152749612584, 2.183067291947245, 2421221000000, 
-2.9709278577903904, -1.8446960708560936, 2.2501770690947276, 2421255000000, 
-2.9819721792694724, -1.8319241635109886, 2.318148980080359, 2421289000000, 
-2.9938185501942236, -1.8199822183427647, 2.3868232924677684, 2421323000000, 
-3.00644847689496, -1.808894113497483, 2.4557831369069425, 2421357000000, 
-3.019829287192987, -1.798688491942252, 2.524536395472183, 2421391000000, 
-3.033913419382405, -1.789401018032631, 2.5925778670076367, 2421425000000, 
-3.048631128651721, -1.7810663417790755, 2.660114198063252, 2421459000000, 
-3.063895149803796, -1.7737326745311754, 2.727393846253346, 2421493000000, 
-3.079627489727719, -1.7674351248911604, 2.794525707948319, 2421527000000, 
-3.095753137441871, -1.762202880465427, 2.86157598933623, 2421561000000, 
-3.112197042298064, -1.7580615856148605, 2.9285855110796746, 2421595000000, 
-3.128882047737621, -1.7550307071892843, 2.9955856658792133, 2421629000000, 
-3.1457324358867687, -1.7531235472131497, 3.0625739597067616, 2421663000000, 
-3.1626735511779858, -1.752347370122855, 3.129538865307821, 2421697000000, 
-3.179614659653435, -1.7527067957901372, -3.086511995662849, 2421731000000, 
-3.1964752403649292, -1.754204882490519, -3.01912613681133, 2421765000000, 
-3.213181630930371, -1.756831290623392, -2.9515219662666525, 2421799000000, 
-3.2296521531278493, -1.7605826376451068, -2.88368764403845, 2421833000000, 
-3.2458323568713294, -1.7654422843195723, -2.81587493524693, 2421867000000, 
-3.2616623569446235, -1.7713890792901676, -2.7482897533246935, 2421901000000, 
-3.277066851249758, -1.7783949860005495, -2.680850153349719, 2421935000000, 
-3.2919699309296337, -1.7864252394079003, -2.6134846085861536, 2421969000000, 
-3.306305171056651, -1.7954433926035789, -2.546208084597298, 2422003000000, 
-3.3200031774311554, -1.8053965046792628, -2.4790283501512267, 2422037000000, 
-3.332984752430835, -1.8162387510481754, -2.411521593584503, 2422071000000, 
-3.345166759258146, -1.8279118197759472, -2.343360587699087, 2422105000000, 
-3.356492048706371, -1.8403537343491145, -2.274798764540178, 2422139000000, 
-3.366953704794402, -1.8535655093619472, -2.2062759971483805, 2422173000000, 
-3.376507228457101, -1.8674838180295055, -2.138352313591772, 2422207000000, 
-3.385119665732799, -1.8820498866707873, -2.0709114196342147, 2422241000000, 
-3.3927442299893724, -1.8971817145514396, -2.003765359463698, 2422275000000, 
-3.3993444781159394, -1.912808560092326, -1.936847017187011, 2422309000000, 
-3.4048867407929904, -1.9288385710253375, -1.870093381627863, 2422343000000, 
-3.409339621161386, -1.945185155546852, -1.8030114754111222, 2422377000000, 
-3.412680376260378, -1.9617779541570801, -1.7353888105758526, 2422411000000, 
-3.4148851835988783, -1.9785318756797894, -1.6676076328478728, 2422445000000, 
-3.4159507628738592, -1.995407350654873, -1.5999753988119996, 2422479000000, 
-3.4158767058902577, -2.012347907055325, -1.5327645760815407, 2422513000000, 
-3.414666432347842, -2.0292718965788406, -1.4658614367240346, 2422547000000, 
-3.412330579813366, -2.046090671130593, -1.3991216095883605, 2422581000000, 
-3.4088762281902976, -2.0627100286951627, -1.3323259754382848, 2422615000000, 
-3.4043224293074883, -2.0790556974549075, -1.2654311278356196, 2422649000000, 
-3.3986877188053195, -2.095057999627561, -1.1985180264659714, 2422683000000, 
-3.3919963175203844, -2.1106461439596536, -1.1315885897482711, 2422717000000, 
-3.3842810080389287, -2.125745583256821, -1.0646690004916832, 2422751000000, 
-3.3755879801018476, -2.140267566570942, -0.9974106874278035, 2422785000000, 
-3.3659623935389775, -2.154126609564719, -0.9293625088449748, 2422819000000, 
-3.3554309479223536, -2.1672725110569835, -0.8607884940747813, 2422853000000, 
-3.344040682745234, -2.1796387153433137, -0.7920262206986213, 2422887000000, 
-3.3318134821192054, -2.1912094724900832, -0.7233652030110508, 2422921000000, 
-3.3187935206920347, -2.2019422152780455, -0.6553405775385542, 2422955000000, 
-3.305042761395038, -2.211794885065834, -0.5878348562845996, 2422989000000, 
-3.2906405601224717, -2.22071042406722, -0.5206233245978168, 2423023000000, 
-3.2756636298578967, -2.2286457076411152, -0.4535174158513571, 2423057000000, 
-3.2601868052224656, -2.2355593151052644, -0.3864430298430544, 2423091000000, 
-3.2442794847049634, -2.241423743115348, -0.31940305054419516, 2423125000000, 
-3.228018622202013, -2.2462062261101656, -0.2523605660704224, 2423159000000, 
-3.2114956155332153, -2.249880760143818, -0.18503469773622006, 2423193000000, 
-3.1947814736210765, -2.2524302171336674, -0.11738500557904412, 2423227000000, 
-3.1779379558081504, -2.253843537302027, -0.04965342134460745, 2423261000000, 
-3.16103328849046, -2.2541131474183373, 0.017983200367665805, 2423295000000, 
-3.1441252253403382, -2.2532404417817142, 0.08535656849890258, 2423329000000, 
-3.1272981556198673, -2.2512318414528836, 0.15250544415003142, 2423363000000, 
-3.1106452187032794, -2.2480997579524566, 0.21966962836366052, 2423397000000, 
-3.0942446420369505, -2.2438580071860823, 0.2869062572006431, 2423431000000, 
-3.078167965276591, -2.238525065994125, 0.35416382481987285, 2423465000000, 
-3.0624861797587006, -2.2321242938138894, 0.42142647899416447, 2423499000000, 
-3.0472695513881125, -2.224684058306296, 0.48868700208566773, 2423533000000, 
-3.0325856629073673, -2.21623720281872, 0.5558993908773261, 2423567000000, 
-3.018497747189583, -2.2068244859802175, 0.6230473604269692, 2423601000000, 
-3.0051019950320255, -2.1965182500972915, 0.6904628008578846, 2423635000000, 
-2.992470832345604, -2.1853376489494782, 0.7586946185442763, 2423669000000, 
-2.980666082041724, -2.1733509784600873, 0.8274562030253432, 2423703000000, 
-2.9697296766894885, -2.160598038279544, 0.8964324921618166, 2423737000000, 
-2.9596864330306265, -2.1471071838686537, 0.9652096663542842, 2423771000000, 
-2.9505613211440838, -2.1329196678931996, 1.0333126600573574, 2423805000000, 
-2.9423973949237774, -2.1181072898626803, 1.10085052994378, 2423839000000, 
-2.9352353230133805, -2.102752405691033, 1.1680362233227706, 2423873000000, 
-2.9291100407223443, -2.086934684812893, 1.2349615749472147, 2423907000000, 
-2.92405152083183, -2.0707309884694713, 1.3017615083731378, 2423941000000, 
-2.9200833449002284, -2.0542233049023877, 1.3684958537265597, 2423975000000, 
-2.917225213238355, -2.0374842616809126, 1.435216707225792, 2424009000000, 
-2.9154882345097253, -2.0205877889108024, 1.5018802175648684, 2424043000000, 
-2.9148788818150657, -2.0036131561365966, 1.5685335009954322, 2424077000000, 
-2.9154015668883324, -1.9866358992950341, 1.6351796919340442, 2424111000000, 
-2.9170537028017915, -1.9697569392263563, 1.7020732417967748, 2424145000000, 
-2.9198237613501776, -1.953073120728676, 1.769569993077966, 2424179000000, 
-2.9237139716079357, -1.9366519008901109, 1.837597938539914, 2424213000000, 
-2.928710614242721, -1.9205478735591797, 1.9058801731243518, 2424247000000, 
-2.934791738817878, -1.9048293488638295, 1.9741894571283718, 2424281000000, 
-2.941937738918545, -1.889547922746058, 2.0423645953966716, 2424315000000, 
-2.9501163879215806, -1.874765867597069, 2.110144902361292, 2424349000000, 
-2.9592897801931595, -1.860546067712383, 2.177581192402637, 2424383000000, 
-2.969408435007977, -1.8469606600543864, 2.2447929562188076, 2424417000000, 
-2.9804222447236524, -1.8340768507017815, 2.311909186529446, 2424451000000, 
-2.992276961615225, -1.821958561098691, 2.3789750523975806, 2424485000000, 
-3.004896735627828, -1.8106861450474725, 2.446164160959769, 2424519000000, 
-3.0182289917066125, -1.800299387552983, 2.513933908802001, 2424553000000, 
-3.032205802243193, -1.7908608388098317, 2.5822097834955366, 2424587000000, 
-3.0467703539059365, -1.7824187980297113, 2.6507001926108367, 2424621000000, 
-3.061909323096255, -1.774975703368537, 2.718906588144096, 2424655000000, 
-3.077549802658264, -1.7685674958118731, 2.786570806766561, 2424689000000, 
-3.0936131949373364, -1.7632210780943849, 2.85389207858525, 2424723000000, 
-3.1100129739627373, -1.758958670997594, 2.9210460843191366, 2424757000000, 
-3.1266680577530828, -1.7558030388142771, 2.988116452576617, 2424791000000, 
-3.1435035170089405, -1.7537702148909, 3.055123285909289, 2424825000000, 
-3.160441163237488, -1.7528678734018854, 3.12206887732424, 2424859000000, 
-3.1773913195062353, -1.7530998839013257, -3.0941528197578023, 2424893000000, 
-3.194280490365645, -1.7544675481061607, -3.0269334243762183, 2424927000000, 
-3.2110196749661597, -1.756964951075887, -2.959480211177612, 2424961000000, 
-3.227527226969251, -1.760583587829941, -2.8917451654406174, 2424995000000, 
-3.2437441381584624, -1.765311368919773, -2.823912377090076, 2425029000000, 
-3.259616246776542, -1.7711315822433402, -2.756238085094689, 2425063000000, 
-3.275071170906096, -1.778012608983741, -2.688748607909719, 2425097000000, 
-3.2900359002397463, -1.7859244075757987, -2.6213679156775185, 2425131000000, 
-3.3044365758090044, -1.7948230940649441, -2.5540279840293274, 2425165000000, 
-3.3181885969385636, -1.80466209702566, -2.486458594583357, 2425199000000, 
-3.3312154906259703, -1.815389746307494, -2.4184656856474347, 2425233000000, 
-3.343463798151609, -1.8269638159521526, -2.3501671793461463, 2425267000000, 
-3.354910745068774, -1.8393655663310666, -2.282023209631228, 2425301000000, 
-3.3655039327542937, -1.852534103027916, -2.2143203283995034, 2425335000000, 
-3.3752028169223847, -1.8664104391529626, -2.1469937186113635, 2425369000000, 
-3.3839448201911466, -1.8808972426878046, -2.079832867447298, 2425403000000, 
-3.39169043232029, -1.8959380182091647, -2.012250813534684, 2425437000000, 
-3.398379987644975, -1.9114303986501104, -1.944286614476848, 2425471000000, 
-3.404002771012839, -1.927344944544566, -1.8761257679963557, 2425505000000, 
-3.4085327908453054, -1.9436201998564853, -1.808247892303468, 2425539000000, 
-3.41195691807131, -1.9601931274220505, -1.7408509965991061, 2425573000000, 
-3.4142657960029683, -1.9769883220664042, -1.673801590763008, 2425607000000, 
-3.415448588221354, -1.993920780319098, -1.6069994544768123, 2425641000000, 
-3.415500823168525, -2.010905953471303, -1.5403187191260674, 2425675000000, 
-3.4144221649803086, -2.0278608993227376, -1.4737227934352732, 2425709000000, 
-3.4122173798993667, -2.044711254372211, -1.4071552615137424, 2425743000000, 
-3.4089008776270315, -2.0613559382809292, -1.3404670482300163, 2425777000000, 
-3.404484401191504, -2.0777229273059286, -1.2733192862342342, 2425811000000, 
-3.398994884538562, -2.0936918234738697, -1.20550453997102, 2425845000000, 
-3.3924414752438565, -2.1092281062679272, -1.1373197778386634, 2425879000000, 
-3.3848444478753716, -2.1242770895888468, -1.0689531449880398, 2425913000000, 
-3.37623461248817, -2.1387752412285037, -1.0007002858048821, 2425947000000, 
-3.3666433930444186, -2.1526795553930578, -0.9328934616675355, 2425981000000, 
-3.356115812098956, -2.165927837448755, -0.8654560719371338, 2426015000000, 
-3.34470980550806, -2.1784516850399784, -0.798221769299263, 2426049000000, 
-3.3324941129608394, -2.1901715785379703, -0.7309231802302535, 2426083000000, 
-3.3195403926060503, -2.201023393637386, -0.663209748971968, 2426117000000, 
-3.305909561656786, -2.2109472667491104, -0.5950303977393022, 2426151000000, 
-3.2916421238528426, -2.2199130674527847, -0.5266726602867462, 2426185000000, 
-3.276769047919403, -2.227898157954019, -0.4586732107800853, 2426219000000, 
-3.261363001545539, -2.2348709644717575, -0.39110170474280076, 2426253000000, 
-3.245499313913826, -2.2407978511554663, -0.32382275945037486, 2426287000000, 
-3.2292619446373325, -2.2456507808489605, -0.2567041369267102, 2426321000000, 
-3.212730047556402, -2.249405567877445, -0.18965734443168042, 2426355000000, 
-3.195985475000102, -2.252043919359763, -0.12259489297905127, 2426389000000, 
-3.17912014966479, -2.25355114722669, -0.055299509206585995, 2426423000000, 
-3.162204193980341, -2.2539193839965184, 0.012177530896513114, 2426457000000, 
-3.145305571843683, -2.2531446914089175, 0.07967064837914778, 2426491000000, 
-3.128478215726009, -2.2512303176769124, 0.14700475574309882, 2426525000000, 
-3.111815041574062, -2.2481920777352316, 0.21425534309614183, 2426559000000, 
-3.095394470474202, -2.244039226402828, 0.28151895441311325, 2426593000000, 
-3.079289962129725, -2.23879286493632, 0.3487803405680954, 2426627000000, 
-3.0635746920534617, -2.232476629547759, 0.41604748225260774, 2426661000000, 
-3.048318941935869, -2.2251176627850513, 0.48330977717054835, 2426695000000, 
-3.0336089912592703, -2.216766756138198, 0.5506356440609413, 2426729000000, 
-3.019516739084794, -2.2074522995132257, 0.6184073167056753, 2426763000000, 
-3.0061247217573004, -2.197221755881519, 0.6867271802620044, 2426797000000, 
-2.9934761036938533, -2.186103896369298, 0.7553836194831008, 2426831000000, 
-2.9816217505226823, -2.1741481828487963, 0.8239428527867317, 2426865000000, 
-2.970580201718649, -2.1613788167590373, 0.8918865429934881, 2426899000000, 
-2.960406268795, -2.147863376210256, 0.9593772020065374, 2426933000000, 
-2.9511502751074965, -2.1336752974446016, 1.0265814161398619, 2426967000000, 
-2.94285842884118, -2.1188825071406074, 1.0935961066246107, 2427001000000, 
-2.935576364952202, -2.1035728479994, 1.1605034714857498, 2427035000000, 
-2.9293503681354074, -2.0878389142603866, 1.2279455781298052, 2427069000000, 
-2.924214494914209, -2.071753721014629, 1.2958963977711113, 2427103000000, 
-2.9201875814467755, -2.0553650829741246, 1.3639469837892422, 2427137000000, 
-2.9172762539345047, -2.038710667931912, 1.4315995005283375, 2427171000000, 
-2.915490051236908, -2.0218650286557587, 1.4987954815819524, 2427205000000, 
-2.9148344959805024, -2.0049141690167605, 1.5657329515172023, 2427239000000, 
-2.915312452055273, -1.987946537437395, 1.6325386224716318, 2427273000000, 
-2.9169222245643547, -1.971043429899552, 1.699272392774516, 2427307000000, 
-2.9196516444225553, -1.9542860148387757, 1.7660365736179346, 2427341000000, 
-2.9234954384171368, -1.9377567286432815, 1.8329098630717309, 2427375000000, 
-2.9284325901206203, -1.9215308048985689, 1.8998906470665375, 2427409000000, 
-2.934435473745127, -1.9056952215735745, 1.9670598661909868, 2427443000000, 
-2.9414744825514783, -1.8903401997214695, 2.034841102324047, 2427477000000, 
-2.949526305934928, -1.8755296603239517, 2.103150691114295, 2427511000000, 
-2.958558321736413, -1.861327262855034, 2.171738912187914, 2427545000000, 
-2.96853774303086, -1.8477897305640538, 2.2404505061733704, 2427579000000, 
-2.9794455246897784, -1.834936352358986, 2.308791189511604, 2427613000000, 
-2.991226219686486, -1.8228307908342205, 2.3765864389003077, 2427647000000, 
-3.003819429072571, -1.8115276535321772, 2.444022726021249, 2427681000000, 
-3.0171581471232294, -1.8010867163655173, 2.511239928428024, 2427715000000, 
-3.0311741781859496, -1.7915598617937072, 2.57835456012917, 2427749000000, 
-3.045800764762553, -1.7829916870404101, 2.6454295323281745, 2427783000000, 
-3.060944749630283, -1.7754424842965248, 2.7126082729543035, 2427817000000, 
-3.076542171868922, -1.7689326347775975, 2.780326451961895, 2427851000000, 
-3.0925235648277414, -1.7635029989748878, 2.8483676608249633, 2427885000000, 
-3.108836173156954, -1.7591737192308776, 2.9164584469391266, 2427919000000, 
-3.1254262952322245, -1.7559594296545358, 2.984253815976729, 2427953000000, 
-3.1422212103199003, -1.7538715503476037, 3.051655757940712, 2427987000000, 
-3.1591393003142234, -1.7529160602577323, 3.1188145728786605, 2428021000000, 
-3.176095018304139, -1.753095746291777, -3.097345038725792, 2428055000000, 
-3.193006529392933, -1.754410355493832, -3.0303891216082546, 2428089000000, 
-3.2097939676040723, -1.756849890690496, -2.9634560560766388, 2428123000000, 
-3.2263727333132675, -1.7604073824608537, -2.896416799034355, 2428157000000, 
-3.2426679130171023, -1.7650655414354475, -2.829285005341148, 2428191000000, 
-3.258609245309122, -1.77080595108354, -2.7620871603979613, 2428225000000, 
-3.2741252300138464, -1.7776017293274462, -2.694848604110912, 2428259000000, 
-3.28914945832716, -1.78542495669168, -2.6276175902950536, 2428293000000, 
-3.3035971116035654, -1.7942213224123111, -2.5602385211237055, 2428327000000, 
-3.3173754638349204, -1.803955993775171, -2.492142081762946, 2428361000000, 
-3.330412670381927, -1.8145786406741606, -2.423467853415945, 2428395000000, 
-3.342674303899269, -1.8260599673203761, -2.3545082900902257, 2428429000000, 
-3.3541252518113027, -1.8383704311356057, -2.2855905289540983, 2428463000000, 
-3.3647241297392854, -1.8514621256187893, -2.217094570210536, 2428497000000, 
-3.374430728820648, -1.86528038425268, -2.1492464419938626, 2428531000000, 
-3.3832009354098984, -1.8797534147604111, -2.081833863823614, 2428565000000, 
-3.390989953592007, -1.894803288176263, -2.0146955797313493, 2428599000000, 
-3.3977605767501458, -1.910355832283846, -1.9477300527834331, 2428633000000, 
-3.403479944864339, -1.9263382231199224, -1.8809323962426712, 2428667000000, 
-3.4081241530846724, -1.9426715035797004, -1.8142091196924288, 2428701000000, 
-3.4116689756198912, -1.959279745733749, -1.7475146786806068, 2428735000000, 
-3.414101018403671, -1.9760898907519044, -1.6808555420521623, 2428769000000, 
-3.4154081087273633, -1.9930256626366925, -1.614200975974026, 2428803000000, 
-3.415583769915822, -2.0100062308575426, -1.5474874267752456, 2428837000000, 
-3.4146264294056365, -2.0269353415023867, -1.4805530986508646, 2428871000000, 
-3.4125397811647136, -2.0437215313627135, -1.4130319028721356, 2428905000000, 
-3.4093318995164306, -2.0602753029358385, -1.3450213178042127, 2428939000000, 
-3.404998845103253, -2.0765751551108305, -1.2767086898957616, 2428973000000, 
-3.399564964293112, -2.092530131463126, -1.2083874396243186, 2429007000000, 
-3.3930509757314344, -2.1080917792197114, -1.1402386807047868, 2429041000000, 
-3.385484337137874, -2.1231991725591652, -1.072491733806735, 2429075000000, 
-3.3769019592471463, -2.1377850445324373, -1.0050664165614172, 2429109000000, 
-3.367348163779762, -2.1517755618969208, -0.9378607275675557, 2429143000000, 
-3.3568738734096004, -2.1650983452445347, -0.8707424968951596, 2429177000000, 
-3.3455274439203952, -2.177691405300559, -0.8036550159174063, 2429211000000, 
-3.3333660480836356, -2.189490152123061, -0.7365812257588396, 2429245000000, 
-3.3204592867294447, -2.200427824510909, -0.6691249577430628, 2429279000000, 
-3.306881039041719, -2.2104417232710576, -0.6010204518153751, 2429313000000, 
-3.2926767923276317, -2.219486650141866, -0.53256093406381, 2429347000000, 
-3.2778776672057064, -2.2275424972993974, -0.4641233074114365, 2429381000000, 
-3.262530723572718, -2.2345861386656085, -0.39623811848448554, 2429415000000, 
-3.2467094494503956, -2.240585688944848, -0.3287970777393038, 2429449000000, 
-3.230505244146303, -2.2455153915761454, -0.2615587122568598, 2429483000000, 
-3.21399839684442, -2.249348328249577, -0.1944168792659913, 2429517000000, 
-3.1972652801765875, -2.252067138357205, -0.12734978324157167, 2429551000000, 
-3.1803822421044003, -2.253659717526988, -0.06035247211459897, 2429585000000, 
-3.1634273639387467, -2.2541196977732363, 0.006596188694827998, 2429619000000, 
-3.1464928266618526, -2.253443761783509, 0.07368188249810873, 2429653000000, 
-3.129664480744812, -2.2516343782454964, 0.14104225807809279, 2429687000000, 
-3.11301614801519, -2.248700832813483, 0.20867671613639843, 2429721000000, 
-3.096618743651006, -2.2446441803918757, 0.27654983330515637, 2429755000000, 
-3.080527567478544, -2.2394811453516916, 0.34437625867680255, 2429789000000, 
-3.064812574551953, -2.2332379448364765, 0.4119769605162452, 2429823000000, 
-3.049542419388566, -2.225947917611179, 0.47942287231871433, 2429857000000, 
-3.034789814773549, -2.2176391386189875, 0.5467561139256287, 2429891000000, 
-3.020622879049809, -2.208354128165341, 0.6139937671234416, 2429925000000, 
-3.0071184418089603, -2.198148545684881, 0.6812868688032904, 2429959000000, 
-2.9943608845207237, -2.1870760593535383, 0.7490914976833705, 2429993000000, 
-2.9824173864063748, -2.1751870509670637, 0.8174086912286692, 2430027000000, 
-2.9713330510364213, -2.1625296267344845, 0.8860183793442065, 2430061000000, 
-2.9611159761483483, -2.1491064388656462, 0.9542888514828407, 2430095000000, 
-2.9518159238310195, -2.134998125399552, 1.021990969636353, 2430129000000, 
-2.943473382225671, -2.1202665112086834, 1.0893273302574065, 2430163000000, 
-2.9361283334088233, -2.1049866908627455, 1.156376552941575, 2430197000000, 
-2.9298154772545586, -2.089234684384361, 1.223230633142866, 2430231000000, 
-2.9245681949317333, -2.073097253931703, 1.290005178897976, 2430265000000, 
-2.920422011426191, -2.0566785352594907, 1.357207720747114, 2430299000000, 
-2.9173961998664737, -2.040047837054941, 1.42495198827733, 2430333000000, 
-2.915508774471651, -2.023269358111782, 1.492882691485219, 2430367000000, 
-2.9147636723407326, -2.0063821074538573, 1.560624229875608, 2430401000000, 
-2.915160943312741, -1.9894526728752502, 1.6279134965967217, 2430435000000, 
-2.916693714714741, -1.9725615861925816, 1.6948976169353704, 2430469000000, 
-2.9193499531985374, -1.9557992471255738, 1.7617286928593927, 2430503000000, 
-2.923123225468812, -1.9392549975415523, 1.8285946413993275, 2430537000000, 
-2.9279912581453087, -1.9230053193345273, 1.8955502916246905, 2430571000000, 
-2.9339348805597054, -1.9071193092546028, 1.9625169025017737, 2430605000000, 
-2.940926557771211, -1.8916685452385615, 2.02949488826978, 2430639000000, 
-2.9489359120671663, -1.8767198251237776, 2.0964940135952324, 2430673000000, 
-2.957915044830627, -1.8623646436752332, 2.1636267948061696, 2430707000000, 
-2.967817458907047, -1.8486794729132396, 2.2314603201310823, 2430741000000, 
-2.9785978500735313, -1.835740064342614, 2.2999611739508516, 2430775000000, 
-2.9902205181660597, -1.8235963355139502, 2.3687923110250346, 2430809000000, 
-3.002648846330046, -1.8122829114058034, 2.4376279902899656, 2430843000000, 
-3.0158634938822666, -1.8018175579738613, 2.506000331545271, 2430877000000, 
-3.0297895245070934, -1.792253203345297, 2.573777193592948, 2430911000000, 
-3.044354357585137, -1.7836382751132034, 2.641187215572602, 2430945000000, 
-3.059483080260273, -1.7760122804779255, 2.7083839074561458, 2430979000000, 
-3.075096944772123, -1.769413048729788, 2.7754619568667653, 2431013000000, 
-3.091121022039407, -1.7638737242524412, 2.84249904398765, 2431047000000, 
-3.107481349588979, -1.7594201103637583, 2.909520778450036, 2431081000000, 
-3.124104861346378, -1.756071959707315, 2.976522325143264, 2431115000000, 
-3.1409101089635274, -1.7538448339052135, 3.043500942455443, 2431149000000, 
-3.1578106387400657, -1.7527494909441137, 3.1107318967523425, 2431183000000, 
-3.174732388715115, -1.7527934278132984, -3.104916502542854, 2431217000000, 
-3.1915972628106117, -1.753982912946349, -3.0372650348384473, 2431251000000, 
-3.208345018192361, -1.7563078737203215, -2.9696448506048103, 2431285000000, 
-3.2249067089683976, -1.7597620408963566, -2.9021298167230523, 2431319000000, 
-3.2412038035967385, -1.764325999931311, -2.834699305602311, 2431353000000, 
-3.257159335321678, -1.7699774091027773, -2.7673055398414603, 2431387000000, 
-3.272701486505164, -1.7766917857026472, -2.69995812876656, 2431421000000, 
-3.2877616879038407, -1.7844373187354015, -2.632676807178459, 2431455000000, 
-3.302271580948974, -1.7931800165452771, -2.5654524170063513, 2431489000000, 
-3.3161659361059552, -1.8028786257067824, -2.4982853708157213, 2431523000000, 
-3.32935439899375, -1.8134635007104611, -2.4309609640928573, 2431557000000, 
-3.3417651213247646, -1.8248932179719664, -2.362915028055736, 2431591000000, 
-3.353344356409277, -1.8371269230025935, -2.294354996114737, 2431625000000, 
-3.3640400163869284, -1.850106268353632, -2.2255563265014104, 2431659000000, 
-3.3738287940581597, -1.863803925684141, -2.1570009585635908, 2431693000000, 
-3.3826869621148363, -1.8781792615597301, -2.089111170404931, 2431727000000, 
-3.3905760492745736, -1.8931566203395773, -2.021743662557332, 2431761000000, 
-3.397451446294384, -1.9086573364272859, -1.954718932935714, 2431795000000, 
-3.4032833599722636, -1.924597347504158, -1.8879287100202626, 2431829000000, 
-3.408041369156721, -1.940899797815553, -1.821254555108603, 2431863000000, 
-3.411704728735573, -1.957487744257283, -1.7546280554782823, 2431897000000, 
-3.414252515038432, -1.9742669129883395, -1.6879209948539589, 2431931000000, 
-3.4156719290029423, -1.9911609282290932, -1.6208091375246914, 2431965000000, 
-3.41595075554819, -2.008071897632238, -1.5533706850671243, 2431999000000, 
-3.4150875805714973, -2.0249705669241758, -1.4858511687853677, 2432033000000, 
-3.4130850471718115, -2.041784188642682, -1.4184372011796773, 2432067000000, 
-3.409956692088712, -2.0584345287855137, -1.351211148723051, 2432101000000, 
-3.4057130550126633, -2.0748429319204527, -1.2840565238752228, 2432135000000, 
-3.4003787844664006, -2.090931161513052, -1.2169421985502733, 2432169000000, 
-3.3939786780448657, -2.106627504249846, -1.1498582957214318, 2432203000000, 
-3.386539164329266, -2.1218644524114794, -1.0828336818139894, 2432237000000, 
-3.378094866516656, -2.136573075205929, -1.0158505125061283, 2432271000000, 
-3.368699984095361, -2.150655351074486, -0.9486543519607002, 2432305000000, 
-3.35840180687008, -2.1640432794058966, -0.8807387468647393, 2432339000000, 
-3.3472488091309525, -2.1766545576828933, -0.8123240946818888, 2432373000000, 
-3.3352603693414378, -2.1884714914746324, -0.7436767567659511, 2432407000000, 
-3.3224743385056534, -2.199454905597323, -0.6753134430541937, 2432441000000, 
-3.308940794115182, -2.2095623476987685, -0.6075224727486831, 2432475000000, 
-3.294728788396795, -2.2187516308626045, -0.5401053110366303, 2432509000000, 
-3.27991622041608, -2.226972137965568, -0.4729097757040935, 2432543000000, 
-3.264576596284807, -2.234185674329244, -0.4058370995519525, 2432577000000, 
-3.2487873961179217, -2.24035103877434, -0.33880433156647405, 2432611000000, 
-3.2326412926752814, -2.2454378461442355, -0.27157232683099386, 2432645000000, 
-3.216205263411268, -2.2494271574406746, -0.20394322049225236, 2432679000000, 
-3.1995513954869184, -2.252292283686634, -0.13615313440597873, 2432713000000, 
-3.182741389815453, -2.254018987328635, -0.06840830536153665, 2432747000000, 
-3.1658331719416006, -2.254605125829876, -0.0008948944283799076, 2432781000000, 
-3.1489036273999376, -2.2540524393371895, 0.06634271297707107, 2432815000000, 
-3.132035860429765, -2.2523636120479877, 0.13340318610971896, 2432849000000, 
-3.115313878525901, -2.2495521077253766, 0.20043186507885227, 2432883000000, 
-3.098827061112592, -2.245625791580575, 0.26758037023151937, 2432917000000, 
-3.0826486085073195, -2.240602925282182, 0.33481811684673074, 2432951000000, 
-3.0668457888835103, -2.2345073935610404, 0.40207876307610313, 2432985000000, 
-3.0514864985589223, -2.227363298024197, 0.46931651470572866, 2433019000000, 
-3.0366404977831833, -2.219202604869037, 0.5365154413977253, 2433053000000, 
-3.022373066684314, -2.210061966712923, 0.6036852984675614, 2433087000000, 
-3.008779422058734, -2.2000114183318824, 0.6710091118241188, 2433121000000, 
-2.995918039798618, -2.1890763916509877, 0.7390628799275388, 2433155000000, 
-2.983886090495856, -2.1773327546929053, 0.8077919141723531, 2433189000000, 
-2.972692075403458, -2.1647873281524443, 0.8767664776102175, 2433223000000, 
-2.9623969610717054, -2.151509538891724, 0.9457062787986765, 2433257000000, 
-2.953017209024991, -2.1375249702936356, 1.0142074336719435, 2433291000000, 
-2.9445861708917267, -2.1228900270973874, 1.082042705877827, 2433325000000, 
-2.9371441544883066, -2.1076848538563513, 1.1493916179184505, 2433359000000, 
-2.9307306621179934, -2.0919919663172357, 1.2164483468124943, 2433393000000, 
-2.92537761951265, -2.075894417114129, 1.2833697320266833, 2433427000000, 
-2.9211103565245415, -2.059466329805115, 1.3501995388320347, 2433461000000, 
-2.917946390933583, -2.042780433144112, 1.4168926082984066, 2433495000000, 
-2.915899046961147, -2.025915391529567, 1.4835257772119144, 2433529000000, 
-2.9149767936547004, -2.008949157240322, 1.5501229128155933, 2433563000000, 
-2.9151861242694816, -1.9919601683613848, 1.6167034317149471, 2433597000000, 
-2.9165251478360608, -1.9750246736694865, 1.6833258669860616, 2433631000000, 
-2.9189861095892526, -1.958218267593038, 1.749988843477633, 2433665000000, 
-2.9225535174637707, -1.9416645455632708, 1.8170988895988929, 2433699000000, 
-2.9272198817048105, -1.9254407649064655, 1.8850922145231168, 2433733000000, 
-2.932964228656498, -1.9096273330959577, 1.9536555540305054, 2433767000000, 
-2.939780459402053, -1.8942430372953925, 2.022438200876697, 2433801000000, 
-2.947636755463009, -1.8793698226664255, 2.0911725162323935, 2433835000000, 
-2.9565035773778585, -1.8650549327812942, 2.1597065884710296, 2433869000000, 
-2.966348508352277, -1.851348093051576, 2.2277131668363044, 2433903000000, 
-2.977121317166721, -1.8383118862461194, 2.295255154226973, 2433937000000, 
-2.988763457055783, -1.8260124972485223, 2.3625139102353816, 2433971000000, 
-3.0012147796934734, -1.8145116247646316, 2.4296144773174797, 2434005000000, 
-3.01441402562208, -1.8038678511949087, 2.4966407653047775, 2434039000000, 
-3.0282955786269907, -1.7941303864002351, 2.5636586553964658, 2434073000000, 
-3.042798027291739, -1.7853442208550654, 2.6306678254205744, 2434107000000, 
-3.0578350870209037, -1.7775657006837946, 2.6979241025709664, 2434141000000, 
-3.0733227356205925, -1.770834776526982, 2.7657697551937597, 2434175000000, 
-3.0892100775726794, -1.7651820526456146, 2.833956167853158, 2434209000000, 
-3.1054450148525405, -1.7606243425574262, 2.902185339407527, 2434243000000, 
-3.121976738055084, -1.7571766265918909, 2.970107798543279, 2434277000000, 
-3.1387358707967707, -1.7548535633286262, 3.0375762625822533, 2434311000000, 
-3.155634891001155, -1.753660301222572, 3.1047939145052816, 2434345000000, 
-3.172586031224752, -1.753602890881426, -3.111303280736373, 2434379000000, 
-3.1895100790353084, -1.7546804069135002, -3.044303971470403, 2434413000000, 
-3.206328700088811, -1.7568863890918562, -2.9773610166219586, 2434447000000, 
-3.222954824474689, -1.7602135792698554, -2.910323577769049, 2434481000000, 
-3.2393106095236486, -1.764644710678938, -2.843164524767917, 2434515000000, 
-3.2553273819855626, -1.7701630450629995, -2.775941256693444, 2434549000000, 
-3.270936501531143, -1.776743540165405, -2.7087155728183507, 2434583000000, 
-3.2860697368180563, -1.7843573866847608, -2.6415219199013396, 2434617000000, 
-3.300625555055273, -1.7929505813905744, -2.5739478938619236, 2434651000000, 
-3.3145152041387522, -1.8024818773992322, -2.505681220423288, 2434685000000, 
-3.327697809564013, -1.8129286704960563, -2.4369845343478027, 2434719000000, 
-3.3401310261681423, -1.82425969349472, -2.36815232812904, 2434753000000, 
-3.3517600315668634, -1.836421203813069, -2.2994840576827906, 2434787000000, 
-3.3625521904715736, -1.8493761615154196, -2.231269998317092, 2434821000000, 
-3.3724665313733806, -1.8630671616852068, -2.1636248513612677, 2434855000000, 
-3.3814534042548337, -1.8774226440230188, -2.0963667535193133, 2434889000000, 
-3.3894679357848427, -1.892367926554956, -2.029365607843882, 2434923000000, 
-3.3964688559170937, -1.9078243972780788, -1.9624938540728492, 2434957000000, 
-3.4024242359875063, -1.923720527354008, -1.8956735575638373, 2434991000000, 
-3.407308290527486, -1.9399825070293313, -1.8289549860641778, 2435025000000, 
-3.4110985069389783, -1.95653583589603, -1.7622556881291798, 2435059000000, 
-3.41377666365147, -1.973305917628878, -1.695562458919461, 2435093000000, 
-3.4153280650974573, -1.9901891504010745, -1.6287803586435008, 2435127000000, 
-3.415745444556697, -2.007121435954104, -1.561456433202086, 2435161000000, 
-3.4150194453152865, -2.024012707203428, -1.4937083971406835, 2435195000000, 
-3.4131532007286243, -2.0407826258903228, -1.4258104123715076, 2435229000000, 
-3.4101484036661285, -2.057408664891038, -1.3578193533270482, 2435263000000, 
-3.406018970535493, -2.073795680634161, -1.2900771057772376, 2435297000000, 
-3.400787537163026, -2.0898855947218227, -1.222596939349623, 2435331000000, 
-3.394479383959566, -2.1056004190802513, -1.155293453714086, 2435365000000, 
-3.387125740606376, -2.1208671914424206, -1.0881366373997352, 2435399000000, 
-3.378760724935834, -2.135614523536017, -1.0210743913582718, 2435433000000, 
-3.369426555415433, -2.1497714765772358, -0.9540669734001462, 2435467000000, 
-3.359164318848294, -2.163272548492381, -0.8870819036915083, 2435501000000, 
-3.348026135559255, -2.17604962979613, -0.8200459681596409, 2435535000000, 
-3.3360883793365654, -2.1880114116920253, -0.7524033423795125, 2435569000000, 
-3.3234048770641014, -2.1991022396907076, -0.6840999329803041, 2435603000000, 
-3.3100116584671033, -2.20928359057332, -0.6154511704915642, 2435637000000, 
-3.295938425945739, -2.218531060754245, -0.5468372104661386, 2435671000000, 
-3.2812361438315234, -2.226810162341526, -0.47876465888718084, 2435705000000, 
-3.265971842370743, -2.23408745382872, -0.4111975767865886, 2435739000000, 
-3.2502327957162565, -2.24032972333355, -0.34388399461442665, 2435773000000, 
-3.2340991479347805, -2.245505012482684, -0.2767111672603592, 2435807000000, 
-3.2176477120958262, -2.249591717525747, -0.20963878841317724, 2435841000000, 
-3.200952515623592, -2.2525680405902064, -0.14264158915966244, 2435875000000, 
-3.184093352285518, -2.254418254901432, -0.07567415275376811, 2435909000000, 
-3.1671484978029407, -2.2551374088689644, -0.00871007203391709, 2435943000000, 
-3.1501982826315986, -2.254721335930075, 0.05829298113637662, 2435977000000, 
-3.133334314675133, -2.2531709072071986, 0.12555055820856073, 2436011000000, 
-3.116634531865823, -2.2504952192173957, 0.1931112110145872, 2436045000000, 
-3.1001881136150753, -2.2466982522575187, 0.26102287528831536, 2436079000000, 
-3.0840414466257546, -2.241791575027062, 0.32909032373550257, 2436113000000, 
-3.0682535257546757, -2.235794638358941, 0.39705510797418253, 2436147000000, 
-3.0528926641052774, -2.228736033352105, 0.4647041110852072, 2436181000000, 
-3.0380277263083384, -2.220648686650229, 0.5321581277677673, 2436215000000, 
-3.023734140699226, -2.2115756599228034, 0.5994905574195826, 2436249000000, 
-3.0100758985196214, -2.2015584414622573, 0.6667384546941345, 2436283000000, 
-2.997134763458828, -2.1906593434061534, 0.7340602831687235, 2436317000000, 
-2.9849804862529665, -2.178931774847307, 0.8018728231717035, 2436351000000, 
-2.973676598137461, -2.1664228828803607, 0.8702009439270789, 2436385000000, 
-2.963274383203484, -2.1531948066484174, 0.9387936725876109, 2436419000000, 
-2.953780291640086, -2.1392566590652478, 1.0070612570078437, 2436453000000, 
-2.945238940726055, -2.1246761006403987, 1.07478688553679, 2436487000000, 
-2.937685448727367, -2.109523824210897, 1.1421185153140085, 2436521000000, 
-2.931156244954852, -2.093876833530922, 1.209153193413825, 2436555000000, 
-2.925684658788667, -2.0778163701237338, 1.276019882881025, 2436589000000, 
-2.9212949180231216, -2.0614204686279822, 1.3428128633288061, 2436623000000, 
-2.918011502191949, -2.0447785262960627, 1.4096214417721067, 2436657000000, 
-2.9158549297110414, -2.0279890455934515, 1.4768610585440776, 2436691000000, 
-2.91483439314406, -2.011098286444655, 1.5444737289284967, 2436725000000, 
-2.914959026785245, -1.9941935051068662, 1.6121701537565762, 2436759000000, 
-2.916227605539586, -1.977318042323354, 1.6796837842064454, 2436793000000, 
-2.9186302045223167, -1.960542951673235, 1.7468274507808976, 2436827000000, 
-2.9221550545597874, -1.943962232491339, 1.813913650749417, 2436861000000, 
-2.926782937737512, -1.9276564326480699, 1.8810225410081995, 2436895000000, 
-2.932492554389084, -1.9116951885517985, 1.9481168020375605, 2436929000000, 
-2.939260463721104, -1.8961490568239523, 2.01515333881576, 2436963000000, 
-2.947055190578737, -1.8810865971808277, 2.0821422529528237, 2436997000000, 
-2.9558414343087, -1.8665773461097326, 2.1490868894822848, 2437031000000, 
-2.965560126940129, -1.8527220803263067, 2.216331140803154, 2437065000000, 
-2.9761571710772565, -1.839599499156603, 2.284334685579203, 2437099000000, 
-2.9876119667104426, -1.8272395114960478, 2.3528475393681503, 2437133000000, 
-2.999862173815193, -1.8157229862471378, 2.421583587007764, 2437167000000, 
-3.0129061967970086, -1.805047251726622, 2.4899991746667003, 2437201000000, 
-3.0266747503134495, -1.7952630988904927, 2.557801352310067, 2437235000000, 
-3.041100891574844, -1.7864153509838112, 2.625206893852935, 2437269000000, 
-3.0561045349374316, -1.7785503750356437, 2.6924079872975466, 2437303000000, 
-3.07160830414847, -1.7717046490480557, 2.7595181310035257, 2437337000000, 
-3.087538683989814, -1.765911683289987, 2.826599705920576, 2437371000000, 
-3.1038227287604703, -1.761199103830314, 2.8936400997996627, 2437405000000, 
-3.120369874682017, -1.7575951753271435, 2.960893046930287, 2437439000000, 
-3.1370946599498257, -1.7551182160612877, 3.0284647594416763, 2437473000000, 
-3.1539494548433176, -1.7537764561662024, 3.0961514431515753, 2437507000000, 
-3.1708585060399748, -1.7535780803708894, -3.1194287367082256, 2437541000000, 
-3.1877646735336547, -1.7545211484337309, -3.052094908325683, 2437575000000, 
-3.2045874737533566, -1.7565983174429394, -2.9849988885392316, 2437609000000, 
-3.2212326410599905, -1.7597981192282333, -2.9178816743842075, 2437643000000, 
-3.237617121840807, -1.7641063124695673, -2.8506597026503218, 2437677000000, 
-3.2536709814316267, -1.7695051086165465, -2.783395678040494, 2437711000000, 
-3.2693273723023224, -1.7759684734732473, -2.7161387616787627, 2437745000000, 
-3.284513790548335, -1.7834694479963094, -2.6488993067862996, 2437779000000, 
-3.2991639530402286, -1.791974789019478, -2.5816679400627094, 2437813000000, 
-3.3131859181312278, -1.801421930326246, -2.514205909063585, 2437847000000, 
-3.326498310041894, -1.8117813485000196, -2.4460266096189986, 2437881000000, 
-3.339033541081046, -1.8229952928416695, -2.3773196959427194, 2437915000000, 
-3.3507500934582, -1.8350275163117582, -2.3083642683647376, 2437949000000, 
-3.361634829645039, -1.8478666654092417, -2.2396087530014146, 2437983000000, 
-3.37163470809978, -1.8614456267225805, -2.171490165392125, 2438017000000, 
-3.3807180343049343, -1.875711163720599, -2.1039065094058937, 2438051000000, 
-3.3888354439149557, -1.8905811399565233, -2.0367179821062447, 2438085000000, 
-3.395944913825303, -1.9059800143543668, -1.9697659690087288, 2438119000000, 
-3.402016050488414, -1.9218332192596956, -1.9029896738993506, 2438153000000, 
-3.4070208304530185, -1.9380645230836637, -1.8363355364662979, 2438187000000, 
-3.410934726443798, -1.9545941565182754, -1.7697048473820782, 2438221000000, 
-3.4137364993378236, -1.9713386519505758, -1.703009879728543, 2438255000000, 
-3.4154097473000657, -1.9882042775856383, -1.6359087199894198, 2438289000000, 
-3.415943234070449, -2.0051030499295415, -1.5684445239147107, 2438323000000, 
-3.4153353464067324, -2.0220082471987886, -1.5008363013055686, 2438357000000, 
-3.413584276232859, -2.0388444588941623, -1.4333094376004805, 2438391000000, 
-3.410704129094605, -2.055530624778763, -1.3659981460405446, 2438425000000, 
-3.4067044953080643, -2.071992393932019, -1.2987592171701434, 2438459000000, 
-3.401609251656903, -2.0881525569654222, -1.2315866285180515, 2438493000000, 
-3.3954393586806426, -2.10394019361504, -1.1644906154442882, 2438527000000, 
-3.388223614488249, -2.1192834617241867, -1.0974476698656634, 2438561000000, 
-3.3799956304818046, -2.1341123825612347, -1.0304281421296204, 2438595000000, 
-3.3708039041260878, -2.148337828293937, -0.9632956554099166, 2438629000000, 
-3.360700019238564, -2.161877312081491, -0.8955294516508026, 2438663000000, 
-3.3497277746218597, -2.17466432023683, -0.8271315770844434, 2438697000000, 
-3.3379241912990802, -2.186647363884624, -0.7583955921485739, 2438731000000, 
-3.3253094251677693, -2.1978074931514815, -0.6898893005750517, 2438765000000, 
-3.311927872968555, -2.2081058511924367, -0.62203014386768, 2438799000000, 
-3.2978548378977552, -2.217498917360984, -0.5545696048296297, 2438833000000, 
-3.2831648032745897, -2.2259312138380754, -0.4873498807201078, 2438867000000, 
-3.2679326998906335, -2.2333650981237474, -0.42024852086047726, 2438901000000, 
-3.252250731237739, -2.239747200224125, -0.35309851263514497, 2438935000000, 
-3.236198464409766, -2.245058754665058, -0.28553137193133854, 2438969000000, 
-3.2198329709244256, -2.2492706859704152, -0.21768665041473576, 2439003000000, 
-3.2032251677409915, -2.252360497840188, -0.14983743679016798, 2439037000000, 
-3.1864264511780176, -2.2543205350495565, -0.08223143143816831, 2439071000000, 
-3.16951308051401, -2.2551432737526316, -0.014936801336679491, 2439105000000, 
-3.1525649535768916, -2.2548306934409124, 0.0521482248198948, 2439139000000, 
-3.1356643634637544, -2.253382900500142, 0.11909513777773559, 2439173000000, 
-3.118896599981046, -2.2508106483256207, 0.1860309479989002, 2439207000000, 
-3.102350821771245, -2.2471227626221593, 0.25312868511509873, 2439241000000, 
-3.086099656511632, -2.2423342223046383, 0.3203387611275365, 2439275000000, 
-3.070209615090158, -2.236466637563057, 0.38757790910793555, 2439309000000, 
-3.0547492261396934, -2.229546373524861, 0.4548078532624147, 2439343000000, 
-3.039795448941364, -2.2216077420907205, 0.522112032583977, 2439377000000, 
-3.0254527958031603, -2.212704210656996, 0.590021711710413, 2439411000000, 
-3.01179121832352, -2.202865406646458, 0.6585096570034161, 2439445000000, 
-2.998861875767919, -2.192135588395599, 0.7273136966832895, 2439479000000, 
-2.9866903865743564, -2.1805255980143876, 0.7961906982529295, 2439513000000, 
-2.975328959030318, -2.168092073491707, 0.8646809755371092, 2439547000000, 
-2.9648144764208304, -2.1548797483158943, 0.9325596273004824, 2439581000000, 
-2.9551953858662543, -2.140959091836565, 1.0000146619664139, 2439615000000, 
-2.9465213494307494, -2.126402925564051, 1.0671717333737902, 2439649000000, 
-2.9388346969000305, -2.1112819240617835, 1.1341350293900476, 2439683000000, 
-2.932171424301945, -2.0956716948352225, 1.200927682483851, 2439717000000, 
-2.926560741124745, -2.079647114385446, 1.2676534770489316, 2439751000000, 
-2.922030039843251, -2.063277390624066, 1.3343207767534377, 2439785000000, 
-2.9186009548288534, -2.0466522275742802, 1.4010216660015495, 2439819000000, 
-2.9163005963637816, -2.029880513351628, 1.4683088815860526, 2439853000000, 
-2.9151383977600194, -2.013016052330563, 1.5359908865006346, 2439887000000, 
-2.915120257828477, -1.9961178637896193, 1.6037592697453156, 2439921000000, 
-2.916246731819498, -1.9792432864099185, 1.6713768354669305, 2439955000000, 
-2.9185122429009094, -1.9624550641257061, 1.738622212866062, 2439989000000, 
-2.921899259362121, -1.9458481589228793, 1.8057426662293001, 2440023000000, 
-2.926393739918602, -1.929505146537331, 1.872862376959364, 2440057000000, 
-2.9319739870442905, -1.913497395756869, 1.939944796331359, 2440091000000, 
-2.9386145042982443, -1.8978962655296912, 2.006984290138286, 2440125000000, 
-2.9462871134743436, -1.882770291734445, 2.073982477759362, 2440159000000, 
-2.954952621307366, -1.8681928566886377, 2.140976945498552, 2440193000000, 
-2.9645771163685315, -1.8542260606697445, 2.2079271610268885, 2440227000000, 
-2.9750930787349117, -1.8409675087763406, 2.27505072815295, 2440261000000, 
-2.9864467901066765, -1.8284806426284972, 2.3430536801282957, 2440295000000, 
-2.9985947400373916, -1.816828531260751, 2.411679855850361, 2440329000000, 
-3.0114972594754055, -1.8060549763349416, 2.4805933189897265, 2440363000000, 
-3.0251319056241615, -1.7961789006855393, 2.549273729443155, 2440397000000, 
-3.0394465584071675, -1.7872406876034832, 2.617231454483346, 2440431000000, 
-3.0543662716529614, -1.779269107564084, 2.6847548027384365, 2440465000000, 
-3.069805077928835, -1.772313084799716, 2.75204400251776, 2440499000000, 
-3.085685841158708, -1.766407499291924, 2.8192046296011544, 2440533000000, 
-3.101934490350797, -1.761575423984823, 2.886280470033855, 2440567000000, 
-3.1184751878462196, -1.7578425273321427, 2.953293144807281, 2440601000000, 
-3.1352304664628963, -1.7552237928214243, 3.0202729067412233, 2440635000000, 
-3.152125011089356, -1.753731577029243, 3.0872320294331987, 2440669000000, 
-3.1690781211839085, -1.7533735486305606, -3.128971845132887, 2440703000000, 
-3.1859949715038574, -1.7541519751754253, -3.0617358675464965, 2440737000000, 
-3.202801260251715, -1.7560641037040672, -2.9942748517119715, 2440771000000, 
-3.219431891775168, -1.759106374898902, -2.926576163767904, 2440805000000, 
-3.2358071458692406, -1.7632684003930938, -2.8587297913588605, 2440839000000, 
-3.2518698154614905, -1.7685321814633848, -2.79100833132902, 2440873000000, 
-3.267553558830649, -1.774873095859132, -2.72350155721074, 2440907000000, 
-3.2827854878895026, -1.782258580945184, -2.656126864940171, 2440941000000, 
-3.29748932124699, -1.7906564483928338, -2.5888087627633993, 2440975000000, 
-3.3115978569314017, -1.8000250386516028, -2.521559972437603, 2441009000000, 
-3.32502450589302, -1.8103009791866729, -2.454071907349532, 2441043000000, 
-3.3376945002728107, -1.8214392769435055, -2.386031644462427, 2441077000000, 
-3.349559469789753, -1.8334078737615132, -2.3175695297754353, 2441111000000, 
-3.3605775166737835, -1.8461596047550126, -2.249181109136797, 2441145000000, 
-3.3707267773416056, -1.8596622739699022, -2.1813691056776734, 2441179000000, 
-3.379961634457726, -1.8738471459073383, -2.113986618352311, 2441213000000, 
-3.388233296581627, -1.8886413334651855, -2.0468916278022253, 2441247000000, 
-3.3954892156779692, -1.90394476644321, -1.979819975054239, 2441281000000, 
-3.4016877344168273, -1.919671870739211, -1.912210006005671, 2441315000000, 
-3.4067996601265307, -1.9357604620050366, -1.8441651563797519, 2441349000000, 
-3.4108031373815537, -1.9521592968260504, -1.7761104415351219, 2441383000000, 
-3.413689925071306, -1.9688225603304808, -1.7085209070720633, 2441417000000, 
-3.415450883437694, -1.9856716293486831, -1.6413325555286535, 2441451000000, 
-3.416081353594838, -2.0026207159636518, -1.5743692718840088, 2441485000000, 
-3.4155783911968896, -2.0195867881162073, -1.5075689550309683, 2441519000000, 
-3.413943948665035, -2.036489815566532, -1.4408656924738712, 2441553000000, 
-3.4111889786207827, -2.0532449110866375, -1.37411215303617, 2441587000000, 
-3.407322462820148, -2.069767133706398, -1.3072133896875124, 2441621000000, 
-3.4023610047996815, -2.0859884577023875, -1.2402820438445161, 2441655000000, 
-3.3963317448417314, -2.1018290254154826, -1.1732402867471834, 2441689000000, 
-3.3892672700616524, -2.1171899411364596, -1.1056320658166456, 2441723000000, 
-3.3811985219280607, -2.1319921657770067, -1.0374246568066865, 2441757000000, 
-3.3721507077172443, -2.1461879806956334, -0.9688947347448442, 2441791000000, 
-3.3621490617701273, -2.159733519844478, -0.9003259307980415, 2441825000000, 
-3.351228530976049, -2.1725797198196526, -0.8320910854984027, 2441859000000, 
-3.339434667859214, -2.184683996244251, -0.7643662836233348, 2441893000000, 
-3.3268315684979517, -2.195980958381572, -0.6969731780935848, 2441927000000, 
-3.313486335763115, -2.2064142844027073, -0.629768700814922, 2441961000000, 
-3.2994630462393486, -2.215935006379997, -0.5626741066087165, 2441995000000, 
-3.2848363995839858, -2.224487735126855, -0.49559552817621066, 2442029000000, 
-3.2696917058704704, -2.2320298414264528, -0.42813721404845323, 2442063000000, 
-3.2541036457578363, -2.238518109734146, -0.36020192486967334, 2442097000000, 
-3.238123980529508, -2.243926938590036, -0.2920896946581768, 2442131000000, 
-3.2218034560151274, -2.248237303200385, -0.22409268034160873, 2442165000000, 
-3.205198464601225, -2.2514358945054775, -0.15651313834673755, 2442199000000, 
-3.1883928771756627, -2.2535123035810294, -0.08921734094845224, 2442233000000, 
-3.1714712399452614, -2.254457548646212, -0.02209748339141783, 2442267000000, 
-3.1545140419437585, -2.2542674644511993, 0.04489946349303924, 2442301000000, 
-3.137600785272679, -2.252943426417452, 0.1118278324936326, 2442335000000, 
-3.120815633965532, -2.2504930337998035, 0.17877185504084464, 2442369000000, 
-3.104243881560471, -2.2469238007278967, 0.2458656508552691, 2442403000000, 
-3.0879567606492424, -2.242255693305818, 0.31304702734685563, 2442437000000, 
-3.0720212473204276, -2.2365031642083975, 0.38024473911143764, 2442471000000, 
-3.05652362513753, -2.2297054066033897, 0.44757108990206057, 2442505000000, 
-3.041564597738634, -2.221896873440963, 0.5155370489185588, 2442539000000, 
-3.0272085850941712, -2.2131035327475157, 0.5840225532959812, 2442573000000, 
-3.013497669124951, -2.203348267806682, 0.6527616006994222, 2442607000000, 
-3.0004931696931862, -2.1926785468871266, 0.7215177761923556, 2442641000000, 
-2.9882325866333224, -2.1811251608322033, 0.7899263918518564, 2442675000000, 
-2.976757249081738, -2.168732600518313, 0.8577846751812899, 2442709000000, 
-2.9661264824945364, -2.155571592759573, 0.9252430368649776, 2442743000000, 
-2.9563907052574474, -2.141705813730022, 0.9924420334595526, 2442777000000, 
-2.947598416591237, -2.127203926891728, 1.0594428811119703, 2442811000000, 
-2.9397911667260757, -2.112140083862072, 1.1262993611819225, 2442845000000, 
-2.9330045083314364, -2.0965805491433684, 1.1931008020023244, 2442879000000, 
-2.9272729137448747, -2.080608700614149, 1.2598392936408072, 2442913000000, 
-2.9226300899263005, -2.064317762918893, 1.326964306954003, 2442947000000, 
-2.91910250437345, -2.047784839075678, 1.3947149254701814, 2442981000000, 
-2.9167116007775005, -2.0310861443942376, 1.4627338354744923, 2443015000000, 
-2.9154607269974773, -2.0142485485245842, 1.5306963576674333, 2443049000000, 
-2.9153528326684226, -1.9973292966308933, 1.5982846491394247, 2443083000000, 
-2.9163860412959113, -1.9804153333773682, 1.6654218117035804, 2443117000000, 
-2.9185493862094236, -1.9635887082053998, 1.7323488001454943, 2443151000000, 
-2.9218333716264633, -1.94694435959135, 1.7993009322027311, 2443185000000, 
-2.926223355927056, -1.930562968639948, 1.866286548900523, 2443219000000, 
-2.9316991097728726, -1.9145110155935467, 1.9332846189467652, 2443253000000, 
-2.938236760455596, -1.8988618022003056, 2.0002758942292336, 2443287000000, 
-2.9458073689672943, -1.8836844963211297, 2.0672368584967202, 2443321000000, 
-2.9543766807503724, -1.8690433711910093, 2.1341574796206175, 2443355000000, 
-2.963894916865584, -1.855028045841937, 2.201073410198301, 2443389000000, 
-2.9743157323082046, -1.8417019560261352, 2.268591608285647, 2443423000000, 
-2.9855720476160736, -1.829165281697981, 2.336912018470367, 2443457000000, 
-2.9976384638323443, -1.8174526200789545, 2.405745861155421, 2443491000000, 
-3.0104773948494805, -1.8066050666116702, 2.4746985052103994, 2443525000000, 
-3.0240564228224023, -1.7966482987688397, 2.5432885912267045, 2443559000000, 
-3.038320202329727, -1.7876217527995006, 2.6112099988320883, 2443593000000, 
-3.053190948402949, -1.7795617420112797, 2.6787206703515616, 2443627000000, 
-3.0685879970039243, -1.7725124815090991, 2.7460067042413114, 2443661000000, 
-3.0844359565200397, -1.7665079649325708, 2.8131335783117537, 2443695000000, 
-3.1006599774286174, -1.7615766497178629, 2.880155564159062, 2443729000000, 
-3.1171800465630377, -1.7577414174058836, 2.9471354311287086, 2443763000000, 
-3.1339194041501437, -1.7550179855291512, 3.014111076311173, 2443797000000, 
-3.150804612760279, -1.7534224707195616, 3.0810777673912324, 2443831000000, 
-3.167761513495177, -1.752958751219506, -3.1351691968639055, 2443865000000, 
-3.1847121428696665, -1.7536302657930907, -3.0682586227099446, 2443899000000, 
-3.201568316772345, -1.7554323618481387, -3.0012357324881465, 2443933000000, 
-3.2182234017999893, -1.7583532622820781, -2.93371690696597, 2443967000000, 
-3.234617036484649, -1.7623953222360293, -2.8657131732166072, 2444001000000, 
-3.250675586165096, -1.7675380032372607, -2.7974808855134885, 2444035000000, 
-3.266337120413204, -1.7737606361114107, -2.729164185475977, 2444069000000, 
-3.2815458999099008, -1.7810416115026777, -2.660966236015525, 2444103000000, 
-3.296249478920901, -1.7893531639379496, -2.593125097079845, 2444137000000, 
-3.310377963815273, -1.7986517980057661, -2.5255830934148475, 2444171000000, 
-3.3238616676014936, -1.8088907856560335, -2.458245118395415, 2444205000000, 
-3.3366343543426296, -1.8200199965902242, -2.3910324739227793, 2444239000000, 
-3.3486358606627236, -1.8319842817832286, -2.3239007763064543, 2444273000000, 
-3.3598043826739725, -1.8447216479863184, -2.25684375779526, 2444307000000, 
-3.37008532596465, -1.8581630831884355, -2.189469107008735, 2444341000000, 
-3.37940696565985, -1.8722422856594314, -2.1214548011548175, 2444375000000, 
-3.387726489384675, -1.8868899064577083, -2.053031716576334, 2444409000000, 
-3.3950248096097826, -1.9020736122967878, -1.984573768849033, 2444443000000, 
-3.4012870346409505, -1.9177589539235338, -1.9167185596812688, 2444477000000, 
-3.4064889261018196, -1.9338709366794042, -1.8494013742739561, 2444511000000, 
-3.410604675067317, -1.9503173211618439, -1.7823664522691982, 2444545000000, 
-3.4136134396159625, -1.9670148406392864, -1.7154820117983471, 2444579000000, 
-3.4155010858226333, -1.9838850234534657, -1.6486865717797352, 2444613000000, 
-3.4162609466188916, -2.000848998676502, -1.5819699339436688, 2444647000000, 
-3.415889031204312, -2.0178290418784695, -1.515305185260151, 2444681000000, 
-3.4143870298938235, -2.034739600679966, -1.4486458084304972, 2444715000000, 
-3.411765030426924, -2.0514992815492756, -1.3816729136868235, 2444749000000, 
-3.408033566708274, -2.067980433938499, -1.3140654129532077, 2444783000000, 
-3.4031965120931646, -2.08415761337756, -1.2460479766814285, 2444817000000, 
-3.397275362767232, -2.099951192286923, -1.1778584153549483, 2444851000000, 
-3.3902912913143757, -2.1153032361049524, -1.109678148729157, 2444885000000, 
-3.3822685923481233, -2.130165069160737, -1.0418123828760193, 2444919000000, 
-3.373246543371131, -2.1444753338652864, -0.9742962880387666, 2444953000000, 
-3.3632700269681663, -2.1581611963245764, -0.9070510288934567, 2444987000000, 
-3.352394209449804, -2.1711472113997314, -0.8399222345627536, 2445021000000, 
-3.34068431822379, -2.1833619853203015, -0.7725963147492889, 2445055000000, 
-3.3282002940911366, -2.1947364968674163, -0.7046935358401811, 2445089000000, 
-3.3149924271064584, -2.205219520792838, -0.636372074968045, 2445123000000, 
-3.301105294691506, -2.2147685088653795, -0.5680436748402367, 2445157000000, 
-3.28656967754816, -2.2233665360187636, -0.5001833469667876, 2445191000000, 
-3.2714609260763186, -2.230975022216714, -0.43268460260497776, 2445225000000, 
-3.25585770352783, -2.2375571602882367, -0.3654031015711875, 2445259000000, 
-3.2398362191525054, -2.243080958658062, -0.2982774918247705, 2445293000000, 
-3.223478871152848, -2.2475167114846775, -0.23120744627173373, 2445327000000, 
-3.2068774356664376, -2.2508410460300623, -0.1639422186296083, 2445361000000, 
-3.1901021474823783, -2.253042496564144, -0.09641193911812193, 2445395000000, 
-3.1732231306823873, -2.254104174829118, -0.028823672559631384, 2445429000000, 
-3.1562966526276597, -2.2540237203867455, 0.0385949022143208, 2445463000000, 
-3.1393968024488803, -2.2528036498246604, 0.10576677339073369, 2445497000000, 
-3.122607662958257, -2.250454400699763, 0.1728358803800176, 2445531000000, 
-3.1060198408426722, -2.2469848632500327, 0.23998296082352089, 2445565000000, 
-3.089706762582487, -2.2424100423194484, 0.30718376720145957, 2445599000000, 
-3.073739187621445, -2.2367529078500805, 0.37440564944698856, 2445633000000, 
-3.0581913491093675, -2.2300358453949514, 0.4416556119956129, 2445667000000, 
-3.043155469177684, -2.2223040840647537, 0.5092120601305163, 2445701000000, 
-3.028712508161331, -2.213588801799791, 0.5772844581261739, 2445735000000, 
-3.014913191534164, -2.2039168012038064, 0.6456757636849005, 2445769000000, 
-3.001828303056952, -2.193338882565429, 0.7142499675855336, 2445803000000, 
-2.9894719516285444, -2.1818649496781277, 0.78258451097818, 2445837000000, 
-2.977904618924097, -2.169555546105702, 0.8504149201311176, 2445871000000, 
-2.9671744077242046, -2.1564713619401115, 0.9178274336298882, 2445905000000, 
-2.9573345774106827, -2.1426764721500167, 0.984992248705445, 2445939000000, 
-2.9484350712939555, -2.128242674358249, 1.052011385390869, 2445973000000, 
-2.9405180494241057, -2.113239723056457, 1.1188929030604216, 2446007000000, 
-2.9336351766748994, -2.097769195761157, 1.1860485727344547, 2446041000000, 
-2.9278243107316757, -2.081902023128812, 1.2538427846339995, 2446075000000, 
-2.9231119081219514, -2.065699339946616, 1.3219329225611771, 2446109000000, 
-2.9195146871669317, -2.0492177447821276, 1.3900173688351254, 2446143000000, 
-2.917040371610039, -2.032494397452562, 1.4577451367296432, 2446177000000, 
-2.915695488579966, -2.015609926328315, 1.524975895862171, 2446211000000, 
-2.91548409352227, -1.9986449527596326, 1.591891100173993, 2446245000000, 
-2.9164051857163296, -1.9816873096776169, 1.6585900615548241, 2446279000000, 
-2.918452922282599, -1.9648215816454264, 1.7252109448138206, 2446313000000, 
-2.921619027747442, -1.948139680844078, 1.791951365525843, 2446347000000, 
-2.9258893838039075, -1.9317140952278795, 1.858793427843711, 2446381000000, 
-2.9312450169354265, -1.9156131029073613, 1.9256787893686071, 2446415000000, 
-2.937665055347617, -1.899909769708957, 1.9925839711308893, 2446449000000, 
-2.9451196065417644, -1.8846690912876063, 2.059490847163317, 2446483000000, 
-2.953556621817885, -1.8700016470644032, 2.126647890074992, 2446517000000, 
-2.962939727616008, -1.8559694721542253, 2.194674990586771, 2446551000000, 
-2.9732321086811218, -1.842650031684265, 2.2633528515229524, 2446585000000, 
-2.9843937179108373, -1.8301023389631865, 2.3323171877496818, 2446619000000, 
-2.996409486192719, -1.818334037143, 2.4012054420345508, 2446653000000, 
-3.0092356051017797, -1.807393864919471, 2.469409407225519, 2446687000000, 
-3.0228099715636114, -1.7973203031953269, 2.5370616047801753, 2446721000000, 
-3.03705367037117, -1.7881707135984972, 2.6043952558257364, 2446755000000, 
-3.0518922650361846, -1.779992282978466, 2.671566606860444, 2446789000000, 
-3.0672534394640656, -1.772824035118862, 2.7386500224107517, 2446823000000, 
-3.0830632073927884, -1.7666978577489276, 2.8056709676335103, 2446857000000, 
-3.0992509549020486, -1.7616431792732112, 2.8726603495339207, 2446891000000, 
-3.1157408645167557, -1.7576842361854752, 2.9396495677034773, 2446925000000, 
-3.1324402481528293, -1.7548435021503705, 3.0067165520480157, 2446959000000, 
-3.14928043589133, -1.7531298806705113, 3.0741146118768676, 2446993000000, 
-3.1661860223352187, -1.7525549286779114, -3.141470031225481, 2447027000000, 
-3.1830865338174616, -1.7531261436336867, -3.0738304296495143, 2447061000000, 
-3.199914551348417, -1.7548399044839869, -3.0062832329806515, 2447095000000, 
-3.2166041843121604, -1.7576831805459268, -2.938912689711334, 2447129000000, 
-3.233066122696742, -1.7616457999747797, -2.8715855578600977, 2447163000000, 
-3.2492259805170343, -1.7667058850078194, -2.8042776340071276, 2447197000000, 
-3.265009503830851, -1.7728421123676181, -2.7369734466812106, 2447231000000, 
-3.2803445898041104, -1.7800255063324881, -2.6696716614942133, 2447265000000, 
-3.2951664067684288, -1.7882244382466863, -2.602424291968367, 2447299000000, 
-3.309408757220815, -1.797401855094323, -2.535243132100602, 2447333000000, 
-3.3229985269258067, -1.8075093030523435, -2.468061449116485, 2447367000000, 
-3.3358426895068787, -1.8184787781035232, -2.4003088589610435, 2447401000000, 
-3.347873865291709, -1.830271113114276, -2.3318888471434303, 2447435000000, 
-3.359042555138599, -1.8428320618951775, -2.2631137404746884, 2447469000000, 
-3.369329702836034, -1.856144236543601, -2.1943124560726153, 2447503000000, 
-3.3787000703766403, -1.8701567482063022, -2.126016761016162, 2447537000000, 
-3.387115632568903, -1.8848075028240379, -2.058287536145432, 2447571000000, 
-3.3945384749584364, -1.9000232190534305, -1.9909377815720943, 2447605000000, 
-3.40093347242551, -1.9157243953702918, -1.9238777767996615, 2447639000000, 
-3.406267559972955, -1.9318321784794923, -1.8570125889199456, 2447673000000, 
-3.410519174557923, -1.9482734759567142, -1.7903012370070217, 2447707000000, 
-3.4136661793760448, -1.9649611359490569, -1.7236173483934778, 2447741000000, 
-3.4156935134020663, -1.9818244165147432, -1.6569296703802077, 2447775000000, 
-3.4165947375859034, -1.9987848877344543, -1.590275345434598, 2447809000000, 
-3.4163631567061516, -2.015739770179585, -1.5233817431344123, 2447843000000, 
-3.414995665129842, -2.032613673072992, -1.455996470035419, 2447877000000, 
-3.4124965162260934, -2.0493343537423505, -1.38832920035157, 2447911000000, 
-3.4088727041222877, -2.065830539462574, -1.3204434838157078, 2447945000000, 
-3.4041387169383492, -2.082035690121239, -1.2524861359413801, 2447979000000, 
-3.3983094179722095, -2.097897915258179, -1.1847153259382535, 2448013000000, 
-3.391415440729273, -2.113348660058381, -1.1172413882544006, 2448047000000, 
-3.383489155279211, -2.12831591283763, -1.0499800874093919, 2448081000000, 
-3.374570591561835, -2.142728165178748, -0.9828628777077051, 2448115000000, 
-3.3647028747668193, -2.156515489836356, -0.9158267408255767, 2448149000000, 
-3.3539398252495474, -2.169602774706856, -0.8487904844219772, 2448183000000, 
-3.342350479620984, -2.1819001841522234, -0.7812884011275345, 2448217000000, 
-3.3299748710960504, -2.193377510450432, -0.7131074399948426, 2448251000000, 
-3.3168725634782117, -2.203954635962168, -0.6445487737877058, 2448285000000, 
-3.303078774671169, -2.2136026712998618, -0.5759229641070842, 2448319000000, 
-3.2886237070931905, -2.222305462099796, -0.5078666883562928, 2448353000000, 
-3.2735810446843012, -2.2300255160135807, -0.4402781308398566, 2448387000000, 
-3.2580302127987153, -2.236724021799848, -0.37297205224039043, 2448421000000, 
-3.2420516479319486, -2.242368197384882, -0.3058219784549527, 2448455000000, 
-3.22572631267809, -2.2469290608313104, -0.2387451105536621, 2448489000000, 
-3.2091292123594197, -2.250387157785141, -0.17170268278346215, 2448523000000, 
-3.1923335236342862, -2.252727188410129, -0.10470670948907966, 2448557000000, 
-3.1754306637832266, -2.253935578436923, -0.03764230659107661, 2448591000000, 
-3.1585000034038, -2.254007382325668, 0.0297275463344724, 2448625000000, 
-3.14161855670305, -2.25293610516544, 0.09727265393926601, 2448659000000, 
-3.1248484430294243, -2.2507281119939884, 0.16482270007122868, 2448693000000, 
-3.1082646252990886, -2.247393142365106, 0.23237397966908932, 2448727000000, 
-3.091939435193501, -2.242945147658291, 0.29983072777196684, 2448761000000, 
-3.0759441194896944, -2.2374060566520506, 0.36722192158294625, 2448795000000, 
-3.0603551494393226, -2.2308009565740385, 0.4345753441167421, 2448829000000, 
-3.045241211298286, -2.223162782904999, 0.5018667031379677, 2448863000000, 
-3.0306688869960348, -2.2145222819349946, 0.5690764793507098, 2448897000000, 
-3.016714084628943, -2.204929362344591, 0.6362344851387537, 2448931000000, 
-3.0034402135759963, -2.19442211606248, 0.7036398928159245, 2448965000000, 
-2.9909536638048113, -2.183082426736208, 0.7717442040743445, 2448999000000, 
-2.979305584788833, -2.1709475158666813, 0.8403701591878688, 2449033000000, 
-2.9685155766727718, -2.1580355900544324, 0.9091563890183927, 2449067000000, 
-2.958619851396769, -2.144392478715281, 0.9774792494940611, 2449101000000, 
-2.9496526861486205, -2.1300726184767274, 1.0452353153187532, 2449135000000, 
-2.941655763299385, -2.115153153703729, 1.1125812705575593, 2449169000000, 
-2.9346671827430653, -2.0997071551755746, 1.1796346466167302, 2449203000000, 
-2.9287222502744186, -2.083812142087043, 1.2464678026366323, 2449237000000, 
-2.9238507201883586, -2.0675532161888066, 1.3132287729686711, 2449271000000, 
-2.92007992587911, -2.051025010737928, 1.3802419354004023, 2449305000000, 
-2.9174367478124577, -2.0343248319382887, 1.4477290644784095, 2449339000000, 
-2.9159275126589046, -2.017480619044267, 1.515422635006699, 2449373000000, 
-2.915560599967219, -2.000574795380583, 1.5830721420399654, 2449407000000, 
-2.916337696223902, -1.9836620680680783, 1.6504542075329143, 2449441000000, 
-2.9182498873125637, -1.9668195131901485, 1.717520158065235, 2449475000000, 
-2.921285415664225, -1.9501315012883451, 1.7845074271560173, 2449509000000, 
-2.925432466085739, -1.9336869162148391, 1.8514962452912564, 2449543000000, 
-2.930670539737487, -1.917559297429064, 1.9185182768965, 2449577000000, 
-2.9369756371007485, -1.9018192308164559, 1.9855533145291588, 2449611000000, 
-2.944320722877611, -1.8865356925797774, 2.0525769389958746, 2449645000000, 
-2.9526691021580636, -1.8717836435630506, 2.1195431223894454, 2449679000000, 
-2.9619696396091286, -1.8576546576203943, 2.1868830776917894, 2449713000000, 
-2.9721751929769646, -1.8442232534355447, 2.255014824608971, 2449747000000, 
-2.9832507284834064, -1.831549598496397, 2.323695129507995, 2449781000000, 
-2.9951599472462904, -1.8196825070141835, 2.39258581439863, 2449815000000, 
-3.007873823872069, -1.8086478855342099, 2.4611883060060857, 2449849000000, 
-3.02134978016936, -1.7984775817458993, 2.529090625950887, 2449883000000, 
-3.0355124944847547, -1.7892244331785563, 2.596573373548654, 2449917000000, 
-3.050278472195753, -1.7809342915926913, 2.663851870977776, 2449951000000, 
-3.065577876513062, -1.77364990671126, 2.731001556965743, 2449985000000, 
-3.0813365391317817, -1.7674064285576414, 2.798084593733928, 2450019000000, 
-3.0974807463240785, -1.7622310091366062, 2.865137136522323, 2450053000000, 
-3.1139154725508345, -1.7581568302655286, 2.932241654807755, 2450087000000, 
-3.1305876410539115, -1.7551947413582194, 2.9996734780734013, 2450121000000, 
-3.147395406935518, -1.7533661089319375, 3.067313995532592, 2450155000000, 
-3.164281193533865, -1.7526809902161649, 3.13499821226219, 2450189000000, 
-3.1811928545791868, -1.753140243116615, -3.0806040367115597, 2450223000000, 
-3.1980509005997577, -1.7547399279446698, -3.0132911350363694, 2450257000000, 
-3.214773932437206, -1.7574667465321447, -2.946111823618061, 2450291000000, 
-3.2312728017913876, -1.761311334644486, -2.8788937614823547, 2450325000000, 
-3.2474747488355, -1.7662540556482569, -2.811643475901152, 2450359000000, 
-3.263307158191488, -1.7722748246116045, -2.7443819580703908, 2450393000000, 
-3.278700512764308, -1.7793428430306761, -2.677132471856195, 2450427000000, 
-3.293585645463392, -1.7874310390284387, -2.6099190682191606, 2450461000000, 
-3.307896301740033, -1.7965032611790561, -2.542749059979876, 2450495000000, 
-3.3215549079761004, -1.8065041616440503, -2.47558841777221, 2450529000000, 
-3.334493079698254, -1.817384762769918, -2.407937010122624, 2450563000000, 
-3.346610269993162, -1.829077939519845, -2.3394812183153477, 2450597000000, 
-3.357873739004934, -1.8415554444082398, -2.2706182763272675, 2450631000000, 
-3.368251040930218, -1.8547792564578665, -2.201652557106634, 2450665000000, 
-3.3776977947535776, -1.8686932118965047, -2.1328986486945176, 2450699000000, 
-3.3861984684118056, -1.8832666206569648, -2.0648138208485958, 2450733000000, 
-3.393715012617886, -1.8984254544452355, -1.9973581611116633, 2450767000000, 
-3.4002077977723935, -1.9140820370064529, -1.9302596524755489, 2450801000000, 
-3.405642352510595, -1.9301517211253403, -1.8633376168973637, 2450835000000, 
-3.4099942828866525, -1.9465585348549805, -1.7965395001519067, 2450869000000, 
-3.413244479846286, -1.9632299013180112, -1.7298593803097368, 2450903000000, 
-3.415379650716837, -1.9800849901703204, -1.663255233566407, 2450937000000, 
-3.416389089631025, -1.9970455926343398, -1.5966468259074569, 2450971000000, 
-3.416267488546078, -2.0140362508700105, -1.530075567901494, 2451005000000, 
-3.4150164154391875, -2.030982255097446, -1.463499231702131, 2451039000000, 
-3.4126415852078753, -2.047806767892248, -1.3968997345221092, 2451073000000, 
-3.4091563431062566, -2.064413222067725, -1.3301156587421263, 2451107000000, 
-3.4045768535249765, -2.0807026891106575, -1.2626577457705732, 2451141000000, 
-3.3989242691913026, -2.0965812632561356, -1.1945169384422738, 2451175000000, 
-3.392206668264215, -2.112019664734072, -1.1259572406255505, 2451209000000, 
-3.384448478514258, -2.126953905149653, -1.0572676031296029, 2451243000000, 
-3.375685223560534, -2.1413199010151827, -0.9886440595567871, 2451277000000, 
-3.365945529716714, -2.155068500058744, -0.9202677795008969, 2451311000000, 
-3.3552694571818273, -2.168151570364697, -0.8523866598197334, 2451345000000, 
-3.34371094586789, -2.1805101966138376, -0.7849279537068418, 2451379000000, 
-3.3313323350624535, -2.1920745455105823, -0.7177183677770997, 2451413000000, 
-3.318199011247546, -2.2027918048752064, -0.6506308785078058, 2451447000000, 
-3.304373339318466, -2.212606783876989, -0.5835984740662358, 2451481000000, 
-3.289919312111393, -2.221473324366999, -0.5165827802312508, 2451515000000, 
-3.2749050149125436, -2.229355142939471, -0.44958248101420817, 2451549000000, 
-3.2594138820373972, -2.236202594478544, -0.38241226474894924, 2451583000000, 
-3.2435345567664147, -2.241975301820273, -0.3146556576883007, 2451617000000, 
-3.2273377491134214, -2.2466449475217223, -0.24651094357458123, 2451651000000, 
-3.210846688342157, -2.2502040394564067, -0.17829860852686374, 2451685000000, 
-3.1941302785142933, -2.252636747996312, -0.11041356462277427, 2451719000000, 
-3.177259824192341, -2.253933942813956, -0.04296402917891233, 2451753000000, 
-3.1603190622930146, -2.254094058783515, 0.02424953767419997, 2451787000000, 
-3.14339566368982, -2.2531175843361733, 0.09133117509977579, 2451821000000, 
-3.126568600445537, -2.2510106633083296, 0.15832529925678201, 2451855000000, 
-3.1099234584970947, -2.247782250237834, 0.22536555122858867, 2451889000000, 
-3.093540044514109, -2.243447523330603, 0.29250281869287176, 2451923000000, 
-3.0774903763617476, -2.2380246654316127, 0.3597101909698079, 2451957000000, 
-3.0618435706363396, -2.2315351286008744, 0.4269482100319861, 2451991000000, 
-3.0466659369526536, -2.2240111517307732, 0.49416405347452796, 2452025000000, 
-3.0320448216242353, -2.215500377571642, 0.5615055111492728, 2452059000000, 
-3.018066927552881, -2.2060348324474752, 0.6294582235709725, 2452093000000, 
-3.0048070113052523, -2.1956703224694323, 0.6979317016461748, 2452127000000, 
-2.9922951899254797, -2.184420782853828, 0.7666637857806391, 2452161000000, 
-2.9805851641760417, -2.1723406778173913, 0.8353779725834743, 2452195000000, 
-2.9697154193291455, -2.1594677058880354, 0.9038135562304641, 2452229000000, 
-2.9597243335072534, -2.145852812994719, 0.9716748365846164, 2452263000000, 
-2.950655905405695, -2.13156403631057, 1.0390779177138254, 2452297000000, 
-2.942554106350229, -2.116674544572328, 1.1061840628106197, 2452331000000, 
-2.9354599507706665, -2.1012610843846473, 1.1730729910623394, 2452365000000, 
-2.9294086182178343, -2.08539993446144, 1.2398560509004906, 2452399000000, 
-2.9244258551655182, -2.0691671031026684, 1.3065598515239794, 2452433000000, 
-2.9205364194468855, -2.052640888281094, 1.3733090857334351, 2452467000000, 
-2.9177594770773148, -2.03589655900874, 1.4401218190758887, 2452501000000, 
-2.9161108656327506, -2.019035617585084, 1.5070244711507328, 2452535000000, 
-2.9155965680309266, -2.002109231150214, 1.5744665019596804, 2452569000000, 
-2.9162276049956652, -1.9852200010108478, 1.642276655197175, 2452603000000, 
-2.91800180394514, -1.9684305618173341, 1.7102183992853042, 2452637000000, 
-2.920914598994881, -1.9517921599344983, 1.778137929891519, 2452671000000, 
-2.924950491151277, -1.9353748049953758, 1.8457354069159677, 2452705000000, 
-2.930090953765544, -1.9192447483095665, 1.9131097034979012, 2452739000000, 
-2.9363071256600817, -1.9034894588762254, 1.98035070021331, 2452773000000, 
-2.9435701629424713, -1.8881775294870953, 2.0474862495488724, 2452807000000, 
-2.9518476134885954, -1.8733788565665725, 2.1145028227142375, 2452841000000, 
-2.961098407702692, -1.859161280230216, 2.181471536154732, 2452875000000, 
-2.971280085846305, -1.8455956883588989, 2.248407186222772, 2452909000000, 
-2.982324082952279, -1.8327739178441125, 2.3157012748801957, 2452943000000, 
-2.9941733875724275, -1.820765730218777, 2.383717114363311, 2452977000000, 
-3.006800927951508, -1.8096016411380849, 2.4521346784767624, 2453011000000, 
-3.0201411446080852, -1.799348118138159, 2.5206965671893933, 2453045000000, 
-3.0341887568457797, -1.7900048935458943, 2.588930152198443, 2453079000000, 
-3.0488658205205916, -1.7816242145338692, 2.6566021246316907, 2453113000000, 
-3.064100070725362, -1.7742387966416058, 2.723928206466938, 2453147000000, 
-3.079810491788124, -1.7678863394311803, 2.791065351774022, 2453181000000, 
-3.095918002967949, -1.7626004769376644, 2.858120853407623, 2453215000000, 
-3.1123454690002985, -1.7584031826250623, 2.925150637619754, 2453249000000, 
-3.129019700880771, -1.7553138572179425, 2.9921489644615686, 2453283000000, 
-3.145854457705098, -1.7533496475030241, 3.0591251711433465, 2453317000000, 
-3.162773411965071, -1.752517996961746, 3.12635305409372, 2453351000000, 
-3.179693316090353, -1.7528274096001728, -3.089312806618541, 2453385000000, 
-3.1965445565188677, -1.7542800115201727, -3.0217240702620622, 2453419000000, 
-3.213255379755393, -1.756863572502018, -2.954109928619903, 2453453000000, 
-3.2297608122396917, -1.7605743919242876, -2.886581199974062, 2453487000000, 
-3.2459844408268315, -1.7653904567997927, -2.8191516716591067, 2453521000000, 
-3.261851093601302, -1.7712900042683322, -2.751772492103484, 2453555000000, 
-3.2772886350284627, -1.7782439718514234, -2.684447591692517, 2453589000000, 
-3.2922283569910586, -1.786223429072783, -2.6171796468751736, 2453623000000, 
-3.306600234575068, -1.7951851929015936, -2.549953071829159, 2453657000000, 
-3.3203114796053765, -1.8050728007520527, -2.4825343792981887, 2453691000000, 
-3.3333059018424303, -1.8158615551418786, -2.4145097956542005, 2453725000000, 
-3.3454985113370266, -1.8274777340908899, -2.346035511706343, 2453759000000, 
-3.3568465870715474, -1.8398821940640269, -2.2773074952560766, 2453793000000, 
-3.367341388623278, -1.8530669525765537, -2.208809471353885, 2453827000000, 
-3.3769352357160707, -1.8669669557019297, -2.1409511072298435, 2453861000000, 
-3.3855868237356797, -1.8815130379481002, -2.0735656768505275, 2453895000000, 
-3.3932543563670134, -1.8966309948920428, -2.0064957751160506, 2453929000000, 
-3.3999021139812835, -1.9122479819980058, -1.9396879740520079, 2453963000000, 
